ISO-10303-21;
HEADER;
/* Generated by software containing ST-Developer
 * from STEP Tools, Inc. (www.steptools.com) 
 */

FILE_DESCRIPTION(
/* description */ (''),
/* implementation_level */ '2;1');

FILE_NAME(
/* name */ 'arumi_chan.step',
/* time_stamp */ '2026-03-27T18:40:26+09:00',
/* author */ (''),
/* organization */ (''),
/* preprocessor_version */ 'ST-DEVELOPER v20.1',
/* originating_system */ 'Autodesk Translation Framework v14.24.0.0',
/* authorisation */ '');

FILE_SCHEMA (('AUTOMOTIVE_DESIGN { 1 0 10303 214 3 1 1 }'));
ENDSEC;

DATA;
#10=MECHANICAL_DESIGN_GEOMETRIC_PRESENTATION_REPRESENTATION('',(#202,#203,
#204,#205,#206,#207,#208,#209,#210,#211,#212,#213,#214,#215,#216,#217,#218,
#219,#220,#221,#222,#223,#224,#225,#226,#227,#228,#229,#230,#231,#232,#233,
#234,#235,#236,#237,#238,#239,#240,#241,#242,#243,#244,#245,#246,#247,#248,
#249,#250,#251,#252,#253,#254,#255,#256,#257,#258,#259,#260,#261,#262,#263,
#264,#265,#266,#267,#268,#269,#270,#271,#272,#273,#274),#15270);
#11=ITEM_DEFINED_TRANSFORMATION($,$,#7648,#8253);
#12=ITEM_DEFINED_TRANSFORMATION($,$,#7674,#8254);
#13=ITEM_DEFINED_TRANSFORMATION($,$,#7790,#8255);
#14=ITEM_DEFINED_TRANSFORMATION($,$,#7790,#8256);
#15=(
REPRESENTATION_RELATIONSHIP($,$,#15288,#15287)
REPRESENTATION_RELATIONSHIP_WITH_TRANSFORMATION(#11)
SHAPE_REPRESENTATION_RELATIONSHIP()
);
#16=(
REPRESENTATION_RELATIONSHIP($,$,#15289,#15287)
REPRESENTATION_RELATIONSHIP_WITH_TRANSFORMATION(#12)
SHAPE_REPRESENTATION_RELATIONSHIP()
);
#17=(
REPRESENTATION_RELATIONSHIP($,$,#15290,#15287)
REPRESENTATION_RELATIONSHIP_WITH_TRANSFORMATION(#13)
SHAPE_REPRESENTATION_RELATIONSHIP()
);
#18=(
REPRESENTATION_RELATIONSHIP($,$,#15290,#15287)
REPRESENTATION_RELATIONSHIP_WITH_TRANSFORMATION(#14)
SHAPE_REPRESENTATION_RELATIONSHIP()
);
#19=CONTEXT_DEPENDENT_SHAPE_REPRESENTATION(#15,#15283);
#20=CONTEXT_DEPENDENT_SHAPE_REPRESENTATION(#16,#15284);
#21=CONTEXT_DEPENDENT_SHAPE_REPRESENTATION(#17,#15285);
#22=CONTEXT_DEPENDENT_SHAPE_REPRESENTATION(#18,#15286);
#23=NEXT_ASSEMBLY_USAGE_OCCURRENCE('\X2\30B330F330DD30FC30CD30F330C8\X0\3
:1','\X2\30B330F330DD30FC30CD30F330C8\X0\3:1',
'\X2\30B330F330DD30FC30CD30F330C8\X0\3:1',#15292,#15293,
'\X2\30B330F330DD30FC30CD30F330C8\X0\3:1');
#24=NEXT_ASSEMBLY_USAGE_OCCURRENCE('\X2\30B330F330DD30FC30CD30F330C8\X0\5
:1','\X2\30B330F330DD30FC30CD30F330C8\X0\5:1',
'\X2\30B330F330DD30FC30CD30F330C8\X0\5:1',#15292,#15294,
'\X2\30B330F330DD30FC30CD30F330C8\X0\5:1');
#25=NEXT_ASSEMBLY_USAGE_OCCURRENCE('8.5\X2\30A430F330C130DB30A430FC30EB\X0\:
1','8.5\X2\30A430F330C130DB30A430FC30EB\X0\:1',
'8.5\X2\30A430F330C130DB30A430FC30EB\X0\:1',#15292,#15295,
'8.5\X2\30A430F330C130DB30A430FC30EB\X0\:1');
#26=NEXT_ASSEMBLY_USAGE_OCCURRENCE('8.5\X2\30A430F330C130DB30A430FC30EB\X0\:
2','8.5\X2\30A430F330C130DB30A430FC30EB\X0\:2',
'8.5\X2\30A430F330C130DB30A430FC30EB\X0\:2',#15292,#15295,
'8.5\X2\30A430F330C130DB30A430FC30EB\X0\:2');
#27=(
BOUNDED_CURVE()
B_SPLINE_CURVE(5,(#12291,#12292,#12293,#12294,#12295,#12296,#12297,#12298,
#12299,#12300,#12301,#12302,#12303,#12304,#12305),.UNSPECIFIED.,.F.,.F.)
B_SPLINE_CURVE_WITH_KNOTS((6,1,1,1,1,1,1,1,1,1,6),(-0.991954922083243,-0.9,
-0.8,-0.7,-0.6,-0.5,-0.4,-0.3,-0.2,-0.1,0.),.UNSPECIFIED.)
CURVE()
GEOMETRIC_REPRESENTATION_ITEM()
RATIONAL_B_SPLINE_CURVE((1.,1.,1.,1.,1.,1.,1.,1.,1.,1.,1.,1.,1.,1.,1.))
REPRESENTATION_ITEM('')
);
#28=(
BOUNDED_CURVE()
B_SPLINE_CURVE(5,(#12437,#12438,#12439,#12440,#12441,#12442,#12443,#12444,
#12445,#12446,#12447,#12448,#12449,#12450,#12451),.UNSPECIFIED.,.F.,.F.)
B_SPLINE_CURVE_WITH_KNOTS((6,1,1,1,1,1,1,1,1,1,6),(0.,0.1,0.2,0.3,0.4,0.5,
0.6,0.7,0.8,0.9,1.),.UNSPECIFIED.)
CURVE()
GEOMETRIC_REPRESENTATION_ITEM()
RATIONAL_B_SPLINE_CURVE((1.,1.,1.,1.,1.,1.,1.,1.,1.,1.,1.,1.,1.,1.,1.))
REPRESENTATION_ITEM('')
);
#29=(
BOUNDED_CURVE()
B_SPLINE_CURVE(5,(#12549,#12550,#12551,#12552,#12553,#12554,#12555,#12556,
#12557,#12558,#12559,#12560,#12561,#12562,#12563),.UNSPECIFIED.,.F.,.F.)
B_SPLINE_CURVE_WITH_KNOTS((6,1,1,1,1,1,1,1,1,1,6),(-1.,-0.9,-0.8,-0.7,-0.6,
-0.5,-0.4,-0.3,-0.2,-0.1,0.),.UNSPECIFIED.)
CURVE()
GEOMETRIC_REPRESENTATION_ITEM()
RATIONAL_B_SPLINE_CURVE((1.,1.,1.,1.,1.,1.,1.,1.,1.,1.,1.,1.,1.,1.,1.))
REPRESENTATION_ITEM('')
);
#30=(
BOUNDED_CURVE()
B_SPLINE_CURVE(5,(#12742,#12743,#12744,#12745,#12746,#12747,#12748,#12749,
#12750,#12751,#12752,#12753,#12754,#12755,#12756),.UNSPECIFIED.,.F.,.F.)
B_SPLINE_CURVE_WITH_KNOTS((6,1,1,1,1,1,1,1,1,1,6),(-1.,-0.9,-0.8,-0.7,-0.6,
-0.5,-0.4,-0.3,-0.2,-0.1,0.),.UNSPECIFIED.)
CURVE()
GEOMETRIC_REPRESENTATION_ITEM()
RATIONAL_B_SPLINE_CURVE((1.,1.,1.,1.,1.,1.,1.,1.,1.,1.,1.,1.,1.,1.,1.))
REPRESENTATION_ITEM('')
);
#31=(
BOUNDED_CURVE()
B_SPLINE_CURVE(5,(#12938,#12939,#12940,#12941,#12942,#12943,#12944,#12945,
#12946,#12947,#12948,#12949,#12950,#12951,#12952),.UNSPECIFIED.,.F.,.F.)
B_SPLINE_CURVE_WITH_KNOTS((6,1,1,1,1,1,1,1,1,1,6),(-1.,-0.9,-0.8,-0.7,-0.6,
-0.5,-0.4,-0.3,-0.2,-0.1,0.),.UNSPECIFIED.)
CURVE()
GEOMETRIC_REPRESENTATION_ITEM()
RATIONAL_B_SPLINE_CURVE((1.,1.,1.,1.,1.,1.,1.,1.,1.,1.,1.,1.,1.,1.,1.))
REPRESENTATION_ITEM('')
);
#32=(
BOUNDED_CURVE()
B_SPLINE_CURVE(5,(#13076,#13077,#13078,#13079,#13080,#13081,#13082,#13083,
#13084,#13085,#13086,#13087,#13088,#13089,#13090),.UNSPECIFIED.,.F.,.F.)
B_SPLINE_CURVE_WITH_KNOTS((6,1,1,1,1,1,1,1,1,1,6),(0.,0.1,0.2,0.3,0.4,0.5,
0.6,0.7,0.8,0.9,1.),.UNSPECIFIED.)
CURVE()
GEOMETRIC_REPRESENTATION_ITEM()
RATIONAL_B_SPLINE_CURVE((1.,1.,1.,1.,1.,1.,1.,1.,1.,1.,1.,1.,1.,1.,1.))
REPRESENTATION_ITEM('')
);
#33=(
BOUNDED_CURVE()
B_SPLINE_CURVE(5,(#13182,#13183,#13184,#13185,#13186,#13187,#13188,#13189,
#13190,#13191,#13192,#13193,#13194,#13195,#13196),.UNSPECIFIED.,.F.,.F.)
B_SPLINE_CURVE_WITH_KNOTS((6,1,1,1,1,1,1,1,1,1,6),(-1.,-0.9,-0.8,-0.7,-0.6,
-0.5,-0.4,-0.3,-0.2,-0.1,0.),.UNSPECIFIED.)
CURVE()
GEOMETRIC_REPRESENTATION_ITEM()
RATIONAL_B_SPLINE_CURVE((1.,1.,1.,1.,1.,1.,1.,1.,1.,1.,1.,1.,1.,1.,1.))
REPRESENTATION_ITEM('')
);
#34=(
BOUNDED_CURVE()
B_SPLINE_CURVE(5,(#13396,#13397,#13398,#13399,#13400,#13401,#13402,#13403,
#13404,#13405,#13406,#13407,#13408,#13409,#13410),.UNSPECIFIED.,.F.,.F.)
B_SPLINE_CURVE_WITH_KNOTS((6,1,1,1,1,1,1,1,1,1,6),(-1.,-0.9,-0.8,-0.7,-0.6,
-0.5,-0.4,-0.3,-0.2,-0.1,0.),.UNSPECIFIED.)
CURVE()
GEOMETRIC_REPRESENTATION_ITEM()
RATIONAL_B_SPLINE_CURVE((1.,1.,1.,1.,1.,1.,1.,1.,1.,1.,1.,1.,1.,1.,1.))
REPRESENTATION_ITEM('')
);
#35=(
BOUNDED_CURVE()
B_SPLINE_CURVE(5,(#13528,#13529,#13530,#13531,#13532,#13533,#13534,#13535,
#13536,#13537,#13538,#13539,#13540,#13541,#13542),.UNSPECIFIED.,.F.,.F.)
B_SPLINE_CURVE_WITH_KNOTS((6,1,1,1,1,1,1,1,1,1,6),(0.,0.1,0.2,0.3,0.4,0.5,
0.6,0.7,0.8,0.9,1.),.UNSPECIFIED.)
CURVE()
GEOMETRIC_REPRESENTATION_ITEM()
RATIONAL_B_SPLINE_CURVE((1.,1.,1.,1.,1.,1.,1.,1.,1.,1.,1.,1.,1.,1.,1.))
REPRESENTATION_ITEM('')
);
#36=(
BOUNDED_CURVE()
B_SPLINE_CURVE(5,(#13547,#13548,#13549,#13550,#13551,#13552,#13553,#13554,
#13555,#13556,#13557,#13558,#13559,#13560,#13561),.UNSPECIFIED.,.F.,.F.)
B_SPLINE_CURVE_WITH_KNOTS((6,1,1,1,1,1,1,1,1,1,6),(0.,0.1,0.2,0.3,0.4,0.5,
0.6,0.7,0.8,0.9,1.),.UNSPECIFIED.)
CURVE()
GEOMETRIC_REPRESENTATION_ITEM()
RATIONAL_B_SPLINE_CURVE((1.,1.,1.,1.,1.,1.,1.,1.,1.,1.,1.,1.,1.,1.,1.))
REPRESENTATION_ITEM('')
);
#37=(
BOUNDED_CURVE()
B_SPLINE_CURVE(5,(#13596,#13597,#13598,#13599,#13600,#13601,#13602,#13603,
#13604,#13605,#13606,#13607,#13608,#13609,#13610),.UNSPECIFIED.,.F.,.F.)
B_SPLINE_CURVE_WITH_KNOTS((6,1,1,1,1,1,1,1,1,1,6),(0.,0.1,0.2,0.3,0.4,0.5,
0.6,0.7,0.8,0.9,1.),.UNSPECIFIED.)
CURVE()
GEOMETRIC_REPRESENTATION_ITEM()
RATIONAL_B_SPLINE_CURVE((1.,1.,1.,1.,1.,1.,1.,1.,1.,1.,1.,1.,1.,1.,1.))
REPRESENTATION_ITEM('')
);
#38=(
BOUNDED_CURVE()
B_SPLINE_CURVE(5,(#13680,#13681,#13682,#13683,#13684,#13685,#13686,#13687,
#13688,#13689,#13690,#13691,#13692,#13693,#13694),.UNSPECIFIED.,.F.,.F.)
B_SPLINE_CURVE_WITH_KNOTS((6,1,1,1,1,1,1,1,1,1,6),(0.,0.1,0.2,0.3,0.4,0.5,
0.6,0.7,0.8,0.9,1.),.UNSPECIFIED.)
CURVE()
GEOMETRIC_REPRESENTATION_ITEM()
RATIONAL_B_SPLINE_CURVE((1.,1.,1.,1.,1.,1.,1.,1.,1.,1.,1.,1.,1.,1.,1.))
REPRESENTATION_ITEM('')
);
#39=CONICAL_SURFACE('',#7829,9.50000000000003,0.785398163397443);
#40=TOROIDAL_SURFACE('',#7799,78.5,6.);
#41=TOROIDAL_SURFACE('',#7967,45.,5.);
#42=TOROIDAL_SURFACE('',#7972,45.,5.);
#43=TOROIDAL_SURFACE('',#8017,45.,5.);
#44=TOROIDAL_SURFACE('',#8022,45.,5.);
#45=FACE_BOUND('',#928,.T.);
#46=FACE_BOUND('',#950,.T.);
#47=FACE_BOUND('',#970,.T.);
#48=FACE_BOUND('',#973,.T.);
#49=FACE_BOUND('',#1101,.T.);
#50=FACE_BOUND('',#1104,.T.);
#51=FACE_BOUND('',#1139,.T.);
#52=FACE_BOUND('',#1142,.T.);
#53=FACE_BOUND('',#1187,.T.);
#54=FACE_BOUND('',#1190,.T.);
#55=FACE_BOUND('',#1195,.T.);
#56=FACE_BOUND('',#1197,.T.);
#57=FACE_BOUND('',#1239,.T.);
#58=(
BOUNDED_SURFACE()
B_SPLINE_SURFACE(5,1,((#10773,#10774),(#10775,#10776),(#10777,#10778),(#10779,
#10780),(#10781,#10782),(#10783,#10784),(#10785,#10786),(#10787,#10788),
(#10789,#10790),(#10791,#10792),(#10793,#10794),(#10795,#10796),(#10797,
#10798),(#10799,#10800),(#10801,#10802)),.UNSPECIFIED.,.F.,.F.,.F.)
B_SPLINE_SURFACE_WITH_KNOTS((6,1,1,1,1,1,1,1,1,1,6),(2,2),(-1.,-0.9,-0.8,
-0.7,-0.6,-0.5,-0.4,-0.3,-0.2,-0.1,0.),(0.,3.),.UNSPECIFIED.)
GEOMETRIC_REPRESENTATION_ITEM()
RATIONAL_B_SPLINE_SURFACE(((1.,1.),(1.,1.),(1.,1.),(1.,1.),(1.,1.),(1.,
1.),(1.,1.),(1.,1.),(1.,1.),(1.,1.),(1.,1.),(1.,1.),(1.,1.),(1.,1.),(1.,
1.)))
REPRESENTATION_ITEM('')
SURFACE()
);
#59=(
BOUNDED_SURFACE()
B_SPLINE_SURFACE(5,1,((#10872,#10873),(#10874,#10875),(#10876,#10877),(#10878,
#10879),(#10880,#10881),(#10882,#10883),(#10884,#10885),(#10886,#10887),
(#10888,#10889),(#10890,#10891),(#10892,#10893),(#10894,#10895),(#10896,
#10897),(#10898,#10899),(#10900,#10901)),.UNSPECIFIED.,.F.,.F.,.F.)
B_SPLINE_SURFACE_WITH_KNOTS((6,1,1,1,1,1,1,1,1,1,6),(2,2),(0.,0.1,0.2,0.3,
0.4,0.5,0.6,0.7,0.8,0.9,1.),(0.,3.),.UNSPECIFIED.)
GEOMETRIC_REPRESENTATION_ITEM()
RATIONAL_B_SPLINE_SURFACE(((1.,1.),(1.,1.),(1.,1.),(1.,1.),(1.,1.),(1.,
1.),(1.,1.),(1.,1.),(1.,1.),(1.,1.),(1.,1.),(1.,1.),(1.,1.),(1.,1.),(1.,
1.)))
REPRESENTATION_ITEM('')
SURFACE()
);
#60=(
BOUNDED_SURFACE()
B_SPLINE_SURFACE(5,1,((#11198,#11199),(#11200,#11201),(#11202,#11203),(#11204,
#11205),(#11206,#11207),(#11208,#11209),(#11210,#11211),(#11212,#11213),
(#11214,#11215),(#11216,#11217),(#11218,#11219),(#11220,#11221),(#11222,
#11223),(#11224,#11225),(#11226,#11227)),.UNSPECIFIED.,.F.,.F.,.F.)
B_SPLINE_SURFACE_WITH_KNOTS((6,1,1,1,1,1,1,1,1,1,6),(2,2),(-1.,-0.9,-0.8,
-0.7,-0.6,-0.5,-0.4,-0.3,-0.2,-0.1,0.),(0.,3.),.UNSPECIFIED.)
GEOMETRIC_REPRESENTATION_ITEM()
RATIONAL_B_SPLINE_SURFACE(((1.,1.),(1.,1.),(1.,1.),(1.,1.),(1.,1.),(1.,
1.),(1.,1.),(1.,1.),(1.,1.),(1.,1.),(1.,1.),(1.,1.),(1.,1.),(1.,1.),(1.,
1.)))
REPRESENTATION_ITEM('')
SURFACE()
);
#61=(
BOUNDED_SURFACE()
B_SPLINE_SURFACE(5,1,((#11437,#11438),(#11439,#11440),(#11441,#11442),(#11443,
#11444),(#11445,#11446),(#11447,#11448),(#11449,#11450),(#11451,#11452),
(#11453,#11454),(#11455,#11456),(#11457,#11458),(#11459,#11460),(#11461,
#11462),(#11463,#11464),(#11465,#11466)),.UNSPECIFIED.,.F.,.F.,.F.)
B_SPLINE_SURFACE_WITH_KNOTS((6,1,1,1,1,1,1,1,1,1,6),(2,2),(0.,0.1,0.2,0.3,
0.4,0.5,0.6,0.7,0.8,0.9,1.),(0.,3.),.UNSPECIFIED.)
GEOMETRIC_REPRESENTATION_ITEM()
RATIONAL_B_SPLINE_SURFACE(((1.,1.),(1.,1.),(1.,1.),(1.,1.),(1.,1.),(1.,
1.),(1.,1.),(1.,1.),(1.,1.),(1.,1.),(1.,1.),(1.,1.),(1.,1.),(1.,1.),(1.,
1.)))
REPRESENTATION_ITEM('')
SURFACE()
);
#62=(
BOUNDED_SURFACE()
B_SPLINE_SURFACE(5,1,((#12259,#12260),(#12261,#12262),(#12263,#12264),(#12265,
#12266),(#12267,#12268),(#12269,#12270),(#12271,#12272),(#12273,#12274),
(#12275,#12276),(#12277,#12278),(#12279,#12280),(#12281,#12282),(#12283,
#12284),(#12285,#12286),(#12287,#12288)),.UNSPECIFIED.,.F.,.F.,.F.)
B_SPLINE_SURFACE_WITH_KNOTS((6,1,1,1,1,1,1,1,1,1,6),(2,2),(0.,0.1,0.2,0.3,
0.4,0.5,0.6,0.7,0.8,0.9,0.991954922083243),(0.,1.1),.UNSPECIFIED.)
GEOMETRIC_REPRESENTATION_ITEM()
RATIONAL_B_SPLINE_SURFACE(((1.,1.),(1.,1.),(1.,1.),(1.,1.),(1.,1.),(1.,
1.),(1.,1.),(1.,1.),(1.,1.),(1.,1.),(1.,1.),(1.,1.),(1.,1.),(1.,1.),(1.,
1.)))
REPRESENTATION_ITEM('')
SURFACE()
);
#63=(
BOUNDED_SURFACE()
B_SPLINE_SURFACE(5,1,((#12407,#12408),(#12409,#12410),(#12411,#12412),(#12413,
#12414),(#12415,#12416),(#12417,#12418),(#12419,#12420),(#12421,#12422),
(#12423,#12424),(#12425,#12426),(#12427,#12428),(#12429,#12430),(#12431,
#12432),(#12433,#12434),(#12435,#12436)),.UNSPECIFIED.,.F.,.F.,.F.)
B_SPLINE_SURFACE_WITH_KNOTS((6,1,1,1,1,1,1,1,1,1,6),(2,2),(-1.,-0.9,-0.8,
-0.7,-0.6,-0.5,-0.4,-0.3,-0.2,-0.1,0.),(0.,1.1),.UNSPECIFIED.)
GEOMETRIC_REPRESENTATION_ITEM()
RATIONAL_B_SPLINE_SURFACE(((1.,1.),(1.,1.),(1.,1.),(1.,1.),(1.,1.),(1.,
1.),(1.,1.),(1.,1.),(1.,1.),(1.,1.),(1.,1.),(1.,1.),(1.,1.),(1.,1.),(1.,
1.)))
REPRESENTATION_ITEM('')
SURFACE()
);
#64=(
BOUNDED_SURFACE()
B_SPLINE_SURFACE(5,1,((#12517,#12518),(#12519,#12520),(#12521,#12522),(#12523,
#12524),(#12525,#12526),(#12527,#12528),(#12529,#12530),(#12531,#12532),
(#12533,#12534),(#12535,#12536),(#12537,#12538),(#12539,#12540),(#12541,
#12542),(#12543,#12544),(#12545,#12546)),.UNSPECIFIED.,.F.,.F.,.F.)
B_SPLINE_SURFACE_WITH_KNOTS((6,1,1,1,1,1,1,1,1,1,6),(2,2),(0.,0.1,0.2,0.3,
0.4,0.5,0.6,0.7,0.8,0.9,1.),(0.,1.1),.UNSPECIFIED.)
GEOMETRIC_REPRESENTATION_ITEM()
RATIONAL_B_SPLINE_SURFACE(((1.,1.),(1.,1.),(1.,1.),(1.,1.),(1.,1.),(1.,
1.),(1.,1.),(1.,1.),(1.,1.),(1.,1.),(1.,1.),(1.,1.),(1.,1.),(1.,1.),(1.,
1.)))
REPRESENTATION_ITEM('')
SURFACE()
);
#65=(
BOUNDED_SURFACE()
B_SPLINE_SURFACE(5,1,((#12710,#12711),(#12712,#12713),(#12714,#12715),(#12716,
#12717),(#12718,#12719),(#12720,#12721),(#12722,#12723),(#12724,#12725),
(#12726,#12727),(#12728,#12729),(#12730,#12731),(#12732,#12733),(#12734,
#12735),(#12736,#12737),(#12738,#12739)),.UNSPECIFIED.,.F.,.F.,.F.)
B_SPLINE_SURFACE_WITH_KNOTS((6,1,1,1,1,1,1,1,1,1,6),(2,2),(0.,0.1,0.2,0.3,
0.4,0.5,0.6,0.7,0.8,0.9,1.),(0.,1.1),.UNSPECIFIED.)
GEOMETRIC_REPRESENTATION_ITEM()
RATIONAL_B_SPLINE_SURFACE(((1.,1.),(1.,1.),(1.,1.),(1.,1.),(1.,1.),(1.,
1.),(1.,1.),(1.,1.),(1.,1.),(1.,1.),(1.,1.),(1.,1.),(1.,1.),(1.,1.),(1.,
1.)))
REPRESENTATION_ITEM('')
SURFACE()
);
#66=(
BOUNDED_SURFACE()
B_SPLINE_SURFACE(5,1,((#12906,#12907),(#12908,#12909),(#12910,#12911),(#12912,
#12913),(#12914,#12915),(#12916,#12917),(#12918,#12919),(#12920,#12921),
(#12922,#12923),(#12924,#12925),(#12926,#12927),(#12928,#12929),(#12930,
#12931),(#12932,#12933),(#12934,#12935)),.UNSPECIFIED.,.F.,.F.,.F.)
B_SPLINE_SURFACE_WITH_KNOTS((6,1,1,1,1,1,1,1,1,1,6),(2,2),(0.,0.1,0.2,0.3,
0.4,0.5,0.6,0.7,0.8,0.9,1.),(0.,1.1),.UNSPECIFIED.)
GEOMETRIC_REPRESENTATION_ITEM()
RATIONAL_B_SPLINE_SURFACE(((1.,1.),(1.,1.),(1.,1.),(1.,1.),(1.,1.),(1.,
1.),(1.,1.),(1.,1.),(1.,1.),(1.,1.),(1.,1.),(1.,1.),(1.,1.),(1.,1.),(1.,
1.)))
REPRESENTATION_ITEM('')
SURFACE()
);
#67=(
BOUNDED_SURFACE()
B_SPLINE_SURFACE(5,1,((#13046,#13047),(#13048,#13049),(#13050,#13051),(#13052,
#13053),(#13054,#13055),(#13056,#13057),(#13058,#13059),(#13060,#13061),
(#13062,#13063),(#13064,#13065),(#13066,#13067),(#13068,#13069),(#13070,
#13071),(#13072,#13073),(#13074,#13075)),.UNSPECIFIED.,.F.,.F.,.F.)
B_SPLINE_SURFACE_WITH_KNOTS((6,1,1,1,1,1,1,1,1,1,6),(2,2),(-1.,-0.9,-0.8,
-0.7,-0.6,-0.5,-0.4,-0.3,-0.2,-0.1,0.),(0.,1.1),.UNSPECIFIED.)
GEOMETRIC_REPRESENTATION_ITEM()
RATIONAL_B_SPLINE_SURFACE(((1.,1.),(1.,1.),(1.,1.),(1.,1.),(1.,1.),(1.,
1.),(1.,1.),(1.,1.),(1.,1.),(1.,1.),(1.,1.),(1.,1.),(1.,1.),(1.,1.),(1.,
1.)))
REPRESENTATION_ITEM('')
SURFACE()
);
#68=(
BOUNDED_SURFACE()
B_SPLINE_SURFACE(5,1,((#13150,#13151),(#13152,#13153),(#13154,#13155),(#13156,
#13157),(#13158,#13159),(#13160,#13161),(#13162,#13163),(#13164,#13165),
(#13166,#13167),(#13168,#13169),(#13170,#13171),(#13172,#13173),(#13174,
#13175),(#13176,#13177),(#13178,#13179)),.UNSPECIFIED.,.F.,.F.,.F.)
B_SPLINE_SURFACE_WITH_KNOTS((6,1,1,1,1,1,1,1,1,1,6),(2,2),(0.,0.1,0.2,0.3,
0.4,0.5,0.6,0.7,0.8,0.9,1.),(0.,1.1),.UNSPECIFIED.)
GEOMETRIC_REPRESENTATION_ITEM()
RATIONAL_B_SPLINE_SURFACE(((1.,1.),(1.,1.),(1.,1.),(1.,1.),(1.,1.),(1.,
1.),(1.,1.),(1.,1.),(1.,1.),(1.,1.),(1.,1.),(1.,1.),(1.,1.),(1.,1.),(1.,
1.)))
REPRESENTATION_ITEM('')
SURFACE()
);
#69=(
BOUNDED_SURFACE()
B_SPLINE_SURFACE(5,1,((#13364,#13365),(#13366,#13367),(#13368,#13369),(#13370,
#13371),(#13372,#13373),(#13374,#13375),(#13376,#13377),(#13378,#13379),
(#13380,#13381),(#13382,#13383),(#13384,#13385),(#13386,#13387),(#13388,
#13389),(#13390,#13391),(#13392,#13393)),.UNSPECIFIED.,.F.,.F.,.F.)
B_SPLINE_SURFACE_WITH_KNOTS((6,1,1,1,1,1,1,1,1,1,6),(2,2),(0.,0.1,0.2,0.3,
0.4,0.5,0.6,0.7,0.8,0.9,1.),(0.,1.1),.UNSPECIFIED.)
GEOMETRIC_REPRESENTATION_ITEM()
RATIONAL_B_SPLINE_SURFACE(((1.,1.),(1.,1.),(1.,1.),(1.,1.),(1.,1.),(1.,
1.),(1.,1.),(1.,1.),(1.,1.),(1.,1.),(1.,1.),(1.,1.),(1.,1.),(1.,1.),(1.,
1.)))
REPRESENTATION_ITEM('')
SURFACE()
);
#70=(
BOUNDED_SURFACE()
B_SPLINE_SURFACE(5,1,((#13498,#13499),(#13500,#13501),(#13502,#13503),(#13504,
#13505),(#13506,#13507),(#13508,#13509),(#13510,#13511),(#13512,#13513),
(#13514,#13515),(#13516,#13517),(#13518,#13519),(#13520,#13521),(#13522,
#13523),(#13524,#13525),(#13526,#13527)),.UNSPECIFIED.,.F.,.F.,.F.)
B_SPLINE_SURFACE_WITH_KNOTS((6,1,1,1,1,1,1,1,1,1,6),(2,2),(-1.,-0.9,-0.8,
-0.7,-0.6,-0.5,-0.4,-0.3,-0.2,-0.1,0.),(0.,1.1),.UNSPECIFIED.)
GEOMETRIC_REPRESENTATION_ITEM()
RATIONAL_B_SPLINE_SURFACE(((1.,1.),(1.,1.),(1.,1.),(1.,1.),(1.,1.),(1.,
1.),(1.,1.),(1.,1.),(1.,1.),(1.,1.),(1.,1.),(1.,1.),(1.,1.),(1.,1.),(1.,
1.)))
REPRESENTATION_ITEM('')
SURFACE()
);
#71=(
BOUNDED_SURFACE()
B_SPLINE_SURFACE(5,1,((#13566,#13567),(#13568,#13569),(#13570,#13571),(#13572,
#13573),(#13574,#13575),(#13576,#13577),(#13578,#13579),(#13580,#13581),
(#13582,#13583),(#13584,#13585),(#13586,#13587),(#13588,#13589),(#13590,
#13591),(#13592,#13593),(#13594,#13595)),.UNSPECIFIED.,.F.,.F.,.F.)
B_SPLINE_SURFACE_WITH_KNOTS((6,1,1,1,1,1,1,1,1,1,6),(2,2),(-1.,-0.9,-0.8,
-0.7,-0.6,-0.5,-0.4,-0.3,-0.2,-0.1,0.),(0.,1.1),.UNSPECIFIED.)
GEOMETRIC_REPRESENTATION_ITEM()
RATIONAL_B_SPLINE_SURFACE(((1.,1.),(1.,1.),(1.,1.),(1.,1.),(1.,1.),(1.,
1.),(1.,1.),(1.,1.),(1.,1.),(1.,1.),(1.,1.),(1.,1.),(1.,1.),(1.,1.),(1.,
1.)))
REPRESENTATION_ITEM('')
SURFACE()
);
#72=(
BOUNDED_SURFACE()
B_SPLINE_SURFACE(5,1,((#13616,#13617),(#13618,#13619),(#13620,#13621),(#13622,
#13623),(#13624,#13625),(#13626,#13627),(#13628,#13629),(#13630,#13631),
(#13632,#13633),(#13634,#13635),(#13636,#13637),(#13638,#13639),(#13640,
#13641),(#13642,#13643),(#13644,#13645)),.UNSPECIFIED.,.F.,.F.,.F.)
B_SPLINE_SURFACE_WITH_KNOTS((6,1,1,1,1,1,1,1,1,1,6),(2,2),(-1.,-0.9,-0.8,
-0.7,-0.6,-0.5,-0.4,-0.3,-0.2,-0.1,0.),(0.,1.1),.UNSPECIFIED.)
GEOMETRIC_REPRESENTATION_ITEM()
RATIONAL_B_SPLINE_SURFACE(((1.,1.),(1.,1.),(1.,1.),(1.,1.),(1.,1.),(1.,
1.),(1.,1.),(1.,1.),(1.,1.),(1.,1.),(1.,1.),(1.,1.),(1.,1.),(1.,1.),(1.,
1.)))
REPRESENTATION_ITEM('')
SURFACE()
);
#73=(
BOUNDED_SURFACE()
B_SPLINE_SURFACE(5,1,((#13650,#13651),(#13652,#13653),(#13654,#13655),(#13656,
#13657),(#13658,#13659),(#13660,#13661),(#13662,#13663),(#13664,#13665),
(#13666,#13667),(#13668,#13669),(#13670,#13671),(#13672,#13673),(#13674,
#13675),(#13676,#13677),(#13678,#13679)),.UNSPECIFIED.,.F.,.F.,.F.)
B_SPLINE_SURFACE_WITH_KNOTS((6,1,1,1,1,1,1,1,1,1,6),(2,2),(-1.,-0.9,-0.8,
-0.7,-0.6,-0.5,-0.4,-0.3,-0.2,-0.1,0.),(0.,1.1),.UNSPECIFIED.)
GEOMETRIC_REPRESENTATION_ITEM()
RATIONAL_B_SPLINE_SURFACE(((1.,1.),(1.,1.),(1.,1.),(1.,1.),(1.,1.),(1.,
1.),(1.,1.),(1.,1.),(1.,1.),(1.,1.),(1.,1.),(1.,1.),(1.,1.),(1.,1.),(1.,
1.)))
REPRESENTATION_ITEM('')
SURFACE()
);
#74=B_SPLINE_CURVE_WITH_KNOTS('',3,(#10385,#10386,#10387,#10388,#10389,
#10390,#10391,#10392,#10393,#10394,#10395,#10396,#10397,#10398),
 .UNSPECIFIED.,.F.,.F.,(4,2,1,1,1,1,1,1,1,1,4),(-5.52707309946706E-6,0.,
1.31216521917174,1.9682478287576,2.62433043834347,3.93649565751521,5.24866087668695,
6.56082609585868,7.87299131503042,8.52907392461629,9.18515653420215),
 .UNSPECIFIED.);
#75=B_SPLINE_CURVE_WITH_KNOTS('',3,(#10402,#10403,#10404,#10405,#10406,
#10407,#10408,#10409,#10410,#10411,#10412,#10413,#10414,#10415),
 .UNSPECIFIED.,.F.,.F.,(4,1,1,1,1,1,1,1,1,2,4),(-9.18515653420215,-8.52907392461629,
-7.87299131503042,-6.56082609585868,-5.24866087668695,-3.93649565751521,
-2.62433043834347,-1.9682478287576,-1.31216521917174,0.,0.0212069149763363),
 .UNSPECIFIED.);
#76=B_SPLINE_CURVE_WITH_KNOTS('',3,(#10416,#10417,#10418,#10419,#10420,
#10421,#10422,#10423,#10424,#10425,#10426,#10427,#10428,#10429,#10430,#10431,
#10432,#10433,#10434,#10435,#10436,#10437,#10438,#10439,#10440,#10441,#10442,
#10443,#10444,#10445,#10446,#10447,#10448,#10449,#10450,#10451,#10452,#10453,
#10454,#10455,#10456,#10457,#10458,#10459,#10460,#10461,#10462,#10463,#10464,
#10465,#10466,#10467),.UNSPECIFIED.,.F.,.F.,(4,3,3,3,3,3,3,3,3,3,3,3,3,
3,3,3,3,4),(-0.315813229934626,-0.315173158498595,-0.29281694514943,-0.274614037379859,
-0.251973720450731,-0.234072295534311,-0.211370804696588,-0.188682790067009,
-0.166499736885493,-0.155670205369197,-0.135196424809507,-0.112869849324277,
-0.0903293405313156,-0.0777208876336819,-0.0552146705748372,-0.0326940895563004,
-0.0106664468860964,0.),.UNSPECIFIED.);
#77=B_SPLINE_CURVE_WITH_KNOTS('',3,(#10544,#10545,#10546,#10547,#10548,
#10549,#10550,#10551,#10552,#10553,#10554,#10555,#10556,#10557,#10558),
 .UNSPECIFIED.,.F.,.F.,(4,2,1,1,1,1,1,1,1,1,1,4),(-0.0212069149760681,0.,
0.918515653420215,1.83703130684043,2.75554696026065,3.67406261368086,4.59257826710108,
5.51109392052129,6.42960957394151,7.34812522736172,8.26664088078194,9.18515653420215),
 .UNSPECIFIED.);
#78=B_SPLINE_CURVE_WITH_KNOTS('',3,(#10561,#10562,#10563,#10564,#10565,
#10566,#10567,#10568,#10569,#10570,#10571,#10572,#10573,#10574,#10575),
 .UNSPECIFIED.,.F.,.F.,(4,1,1,1,1,1,1,1,1,1,2,4),(-9.18515653420215,-8.26664088078194,
-7.34812522736172,-6.42960957394151,-5.51109392052129,-4.59257826710108,
-3.67406261368086,-2.75554696026065,-1.83703130684043,-0.918515653420215,
0.,1.1540521520397E-6),.UNSPECIFIED.);
#79=B_SPLINE_CURVE_WITH_KNOTS('',3,(#10649,#10650,#10651,#10652,#10653,
#10654,#10655,#10656),.UNSPECIFIED.,.F.,.F.,(4,1,1,1,1,4),(-6.52170301191611,
-5.59003115307095,-4.65835929422579,-2.79501557653548,-1.86334371769032,
0.),.UNSPECIFIED.);
#80=B_SPLINE_CURVE_WITH_KNOTS('',3,(#10659,#10660,#10661,#10662,#10663,
#10664,#10665,#10666),.UNSPECIFIED.,.F.,.F.,(4,1,1,1,1,4),(0.,1.86334371769032,
2.79501557653548,4.65835929422579,5.59003115307095,6.52170301191611),
 .UNSPECIFIED.);
#81=B_SPLINE_CURVE_WITH_KNOTS('',3,(#10723,#10724,#10725,#10726,#10727,
#10728,#10729,#10730),.UNSPECIFIED.,.F.,.F.,(4,1,1,1,1,4),(-6.52170301191611,
-5.59003115307095,-4.65835929422579,-2.79501557653548,-1.86334371769032,
0.),.UNSPECIFIED.);
#82=B_SPLINE_CURVE_WITH_KNOTS('',3,(#10732,#10733,#10734,#10735,#10736,
#10737,#10738,#10739),.UNSPECIFIED.,.F.,.F.,(4,1,1,1,1,4),(0.,1.86334371769032,
2.79501557653548,4.65835929422579,5.59003115307095,6.52170301191611),
 .UNSPECIFIED.);
#83=B_SPLINE_CURVE_WITH_KNOTS('',3,(#10804,#10805,#10806,#10807),
 .UNSPECIFIED.,.F.,.F.,(4,4),(-2.8,-0.2),.UNSPECIFIED.);
#84=B_SPLINE_CURVE_WITH_KNOTS('',3,(#10809,#10810,#10811,#10812,#10813,
#10814,#10815,#10816),.UNSPECIFIED.,.F.,.F.,(4,1,1,1,1,4),(0.00747119442324569,
0.939127454842921,1.8707837152626,2.80243997568227,4.66575249652162,6.52906501736097),
 .UNSPECIFIED.);
#85=B_SPLINE_CURVE_WITH_KNOTS('',3,(#10817,#10818,#10819,#10820),
 .UNSPECIFIED.,.F.,.F.,(4,4),(0.2,2.8),.UNSPECIFIED.);
#86=B_SPLINE_CURVE_WITH_KNOTS('',3,(#10838,#10839,#10840,#10841),
 .UNSPECIFIED.,.F.,.F.,(4,4),(0.2,2.8),.UNSPECIFIED.);
#87=B_SPLINE_CURVE_WITH_KNOTS('',3,(#10845,#10846,#10847,#10848),
 .UNSPECIFIED.,.F.,.F.,(4,4),(-2.8,-0.2),.UNSPECIFIED.);
#88=B_SPLINE_CURVE_WITH_KNOTS('',3,(#10867,#10868,#10869,#10870),
 .UNSPECIFIED.,.F.,.F.,(4,4),(0.2,2.8),.UNSPECIFIED.);
#89=B_SPLINE_CURVE_WITH_KNOTS('',3,(#10903,#10904,#10905,#10906),
 .UNSPECIFIED.,.F.,.F.,(4,4),(-2.8,-0.2),.UNSPECIFIED.);
#90=B_SPLINE_CURVE_WITH_KNOTS('',3,(#10907,#10908,#10909,#10910,#10911,
#10912,#10913,#10914),.UNSPECIFIED.,.F.,.F.,(4,1,1,1,1,4),(0.0519390575670336,
1.91525157840639,2.84690783882606,4.71022035966542,5.6418766200851,6.57353288050477),
 .UNSPECIFIED.);
#91=B_SPLINE_CURVE_WITH_KNOTS('',3,(#10932,#10933,#10934,#10935),
 .UNSPECIFIED.,.F.,.F.,(4,4),(0.2,2.8),.UNSPECIFIED.);
#92=B_SPLINE_CURVE_WITH_KNOTS('',3,(#10955,#10956,#10957,#10958),
 .UNSPECIFIED.,.F.,.F.,(4,4),(-2.8,-0.2),.UNSPECIFIED.);
#93=B_SPLINE_CURVE_WITH_KNOTS('',3,(#10978,#10979,#10980,#10981),
 .UNSPECIFIED.,.F.,.F.,(4,4),(-2.8,-0.2),.UNSPECIFIED.);
#94=B_SPLINE_CURVE_WITH_KNOTS('',3,(#11043,#11044,#11045,#11046,#11047,
#11048,#11049,#11050),.UNSPECIFIED.,.F.,.F.,(4,1,1,1,1,4),(-6.52906501736097,
-4.66575249652162,-2.80243997568227,-1.8707837152626,-0.939127454842921,
-0.00747119442324569),.UNSPECIFIED.);
#95=B_SPLINE_CURVE_WITH_KNOTS('',3,(#11101,#11102,#11103,#11104,#11105,
#11106,#11107,#11108),.UNSPECIFIED.,.F.,.F.,(4,1,1,1,1,4),(-6.57353288050477,
-5.6418766200851,-4.71022035966542,-2.84690783882606,-1.91525157840639,
-0.0519390575670336),.UNSPECIFIED.);
#96=B_SPLINE_CURVE_WITH_KNOTS('',3,(#11136,#11137,#11138,#11139),
 .UNSPECIFIED.,.F.,.F.,(4,4),(0.2,2.8),.UNSPECIFIED.);
#97=B_SPLINE_CURVE_WITH_KNOTS('',3,(#11158,#11159,#11160,#11161),
 .UNSPECIFIED.,.F.,.F.,(4,4),(-2.8,-0.2),.UNSPECIFIED.);
#98=B_SPLINE_CURVE_WITH_KNOTS('',3,(#11191,#11192,#11193,#11194),
 .UNSPECIFIED.,.F.,.F.,(4,4),(0.2,2.8),.UNSPECIFIED.);
#99=B_SPLINE_CURVE_WITH_KNOTS('',3,(#11230,#11231,#11232,#11233,#11234,
#11235,#11236,#11237,#11238,#11239,#11240,#11241,#11242,#11243),
 .UNSPECIFIED.,.F.,.F.,(4,1,1,1,1,1,1,1,1,2,4),(0.0402812725115262,0.696131545606038,
1.35198181870055,2.66368236488957,3.31953263798409,3.9753829110786,5.28708345726762,
6.59878400345665,7.91048454964567,9.2221850958347,9.22219062287668),
 .UNSPECIFIED.);
#100=B_SPLINE_CURVE_WITH_KNOTS('',3,(#11312,#11313,#11314,#11315,#11316,
#11317,#11318,#11319,#11320,#11321,#11322,#11323,#11324),.UNSPECIFIED.,
 .F.,.F.,(4,1,1,1,1,1,1,1,2,4),(-9.18190382332317,-8.52605355022866,-7.87020327713415,
-6.55850273094512,-5.2468021847561,-3.93510163856707,-2.62340109237805,
-1.31170054618902,0.,0.0212069149761962),.UNSPECIFIED.);
#101=B_SPLINE_CURVE_WITH_KNOTS('',3,(#11325,#11326,#11327,#11328,#11329,
#11330,#11331,#11332,#11333,#11334,#11335,#11336,#11337,#11338),
 .UNSPECIFIED.,.F.,.F.,(4,2,2,2,2,2,4),(-0.315813233698562,-0.315174621146448,
-0.274614784193561,-0.234072330743221,-0.155670223323069,-0.0777208910479059,
0.),.UNSPECIFIED.);
#102=B_SPLINE_CURVE_WITH_KNOTS('',3,(#11339,#11340,#11341,#11342,#11343,
#11344,#11345,#11346,#11347,#11348,#11349,#11350,#11351),.UNSPECIFIED.,
 .F.,.F.,(4,2,1,1,1,1,1,1,1,4),(-5.52704198337288E-6,0.,1.31170054618902,
2.62340109237805,3.93510163856707,5.2468021847561,6.55850273094512,7.87020327713415,
8.52605355022866,9.18190382332317),.UNSPECIFIED.);
#103=B_SPLINE_CURVE_WITH_KNOTS('',3,(#11422,#11423,#11424,#11425,#11426,
#11427,#11428,#11429,#11430,#11431,#11432,#11433,#11434,#11435),
 .UNSPECIFIED.,.F.,.F.,(4,2,1,1,1,1,1,1,1,1,4),(-9.24339201081091,-9.2221850958347,
-7.91048454964567,-6.59878400345665,-5.28708345726762,-3.9753829110786,
-3.31953263798409,-2.66368236488957,-1.35198181870055,-0.696131545606038,
-0.0402812725115262),.UNSPECIFIED.);
#104=B_SPLINE_CURVE_WITH_KNOTS('',3,(#11659,#11660,#11661,#11662,#11663,
#11664,#11665),.UNSPECIFIED.,.F.,.F.,(4,1,1,1,4),(0.,0.285714285714286,
0.571428571428571,0.857142857142857,1.),.UNSPECIFIED.);
#105=B_SPLINE_CURVE_WITH_KNOTS('',3,(#11666,#11667,#11668,#11669,#11670,
#11671,#11672,#11673,#11674,#11675,#11676,#11677,#11678,#11679,#11680,#11681,
#11682,#11683,#11684,#11685,#11686,#11687,#11688,#11689,#11690,#11691),
 .UNSPECIFIED.,.T.,.F.,(4,1,1,1,1,1,1,1,1,1,1,1,1,1,1,1,1,1,1,1,1,1,1,4),
(0.,2.06228119280731,4.12456238561461,6.18684357842192,8.24912477122922,
10.9988330283056,13.748541285382,16.4982495424584,19.2479577995349,21.9976660566113,
24.7473743136877,27.4970825707641,30.2467908278405,32.9964990849169,35.7462073419933,
38.4959155990697,41.2456238561461,43.9953321132225,46.7450403702989,49.4947486273753,
51.5570298201826,53.61931101299,55.6815922057973,57.7438733986046),
 .UNSPECIFIED.);
#106=B_SPLINE_CURVE_WITH_KNOTS('',3,(#11692,#11693,#11694,#11695,#11696,
#11697,#11698,#11699,#11700,#11701,#11702,#11703,#11704,#11705,#11706,#11707,
#11708,#11709,#11710,#11711,#11712,#11713,#11714,#11715,#11716,#11717),
 .UNSPECIFIED.,.T.,.F.,(4,1,1,1,1,1,1,1,1,1,1,1,1,1,1,1,1,1,1,1,1,1,1,4),
(-57.7438733986046,-55.6815922057973,-53.61931101299,-51.5570298201826,
-49.4947486273753,-46.7450403702989,-43.9953321132225,-41.2456238561461,
-38.4959155990697,-35.7462073419933,-32.9964990849169,-30.2467908278405,
-27.4970825707641,-24.7473743136877,-21.9976660566113,-19.2479577995349,
-16.4982495424584,-13.748541285382,-10.9988330283056,-8.24912477122922,
-6.18684357842192,-4.12456238561461,-2.06228119280731,0.),.UNSPECIFIED.);
#107=B_SPLINE_CURVE_WITH_KNOTS('',3,(#11720,#11721,#11722,#11723,#11724,
#11725,#11726,#11727,#11728,#11729,#11730,#11731,#11732,#11733,#11734,#11735,
#11736,#11737,#11738,#11739,#11740,#11741,#11742,#11743,#11744,#11745),
 .UNSPECIFIED.,.T.,.F.,(4,1,1,1,1,1,1,1,1,1,1,1,1,1,1,1,1,1,1,1,1,1,1,4),
(0.,2.06228119280731,4.12456238561461,6.18684357842192,8.24912477122922,
10.9988330283056,13.748541285382,16.4982495424584,19.2479577995349,21.9976660566113,
24.7473743136877,27.4970825707641,30.2467908278405,32.9964990849169,35.7462073419933,
38.4959155990697,41.2456238561461,43.9953321132225,46.7450403702989,49.4947486273753,
51.5570298201826,53.61931101299,55.6815922057973,57.7438733986046),
 .UNSPECIFIED.);
#108=B_SPLINE_CURVE_WITH_KNOTS('',3,(#11931,#11932,#11933,#11934,#11935,
#11936,#11937),.UNSPECIFIED.,.F.,.F.,(4,1,1,1,4),(0.,0.285714285714286,
0.571428571428571,0.857142857142857,1.),.UNSPECIFIED.);
#109=B_SPLINE_CURVE_WITH_KNOTS('',3,(#11938,#11939,#11940,#11941,#11942,
#11943,#11944,#11945,#11946,#11947,#11948,#11949,#11950,#11951,#11952,#11953,
#11954,#11955,#11956,#11957,#11958,#11959,#11960,#11961,#11962,#11963),
 .UNSPECIFIED.,.T.,.F.,(4,1,1,1,1,1,1,1,1,1,1,1,1,1,1,1,1,1,1,1,1,1,1,4),
(-57.7438733986046,-55.6815922057973,-53.61931101299,-51.5570298201826,
-49.4947486273753,-46.7450403702989,-43.9953321132225,-41.2456238561461,
-38.4959155990697,-35.7462073419933,-32.9964990849169,-30.2467908278405,
-27.4970825707641,-24.7473743136877,-21.9976660566113,-19.2479577995349,
-16.4982495424584,-13.748541285382,-10.9988330283056,-8.24912477122922,
-6.18684357842192,-4.12456238561461,-2.06228119280731,0.),.UNSPECIFIED.);
#110=B_SPLINE_CURVE_WITH_KNOTS('',3,(#12081,#12082,#12083,#12084,#12085,
#12086),.UNSPECIFIED.,.F.,.F.,(4,2,4),(0.,0.35711740480149,0.914514660194679),
 .UNSPECIFIED.);
#111=B_SPLINE_CURVE_WITH_KNOTS('',3,(#12093,#12094,#12095,#12096,#12097,
#12098),.UNSPECIFIED.,.F.,.F.,(4,2,4),(0.,0.353699941816678,0.712682251983766),
 .UNSPECIFIED.);
#112=B_SPLINE_CURVE_WITH_KNOTS('',3,(#12101,#12102,#12103,#12104,#12105,
#12106),.UNSPECIFIED.,.F.,.F.,(4,2,4),(0.,0.241953171967281,1.01689206819008),
 .UNSPECIFIED.);
#113=B_SPLINE_CURVE_WITH_KNOTS('',3,(#12113,#12114,#12115,#12116,#12117,
#12118),.UNSPECIFIED.,.F.,.F.,(4,2,4),(0.,0.353714830324432,0.712803404575708),
 .UNSPECIFIED.);
#114=B_SPLINE_CURVE_WITH_KNOTS('',3,(#12121,#12122,#12123,#12124,#12125,
#12126),.UNSPECIFIED.,.F.,.F.,(4,2,4),(0.,0.357749742775126,0.915771263356256),
 .UNSPECIFIED.);
#115=B_SPLINE_CURVE_WITH_KNOTS('',3,(#12133,#12134,#12135,#12136,#12137,
#12138),.UNSPECIFIED.,.F.,.F.,(4,2,4),(0.,0.353850471304125,0.713714597930291),
 .UNSPECIFIED.);
#116=B_SPLINE_CURVE_WITH_KNOTS('',3,(#12141,#12142,#12143,#12144,#12145,
#12146),.UNSPECIFIED.,.F.,.F.,(4,2,4),(0.,0.358848313053728,0.967610577234373),
 .UNSPECIFIED.);
#117=B_SPLINE_CURVE_WITH_KNOTS('',3,(#12153,#12154,#12155,#12156,#12157,
#12158),.UNSPECIFIED.,.F.,.F.,(4,2,4),(0.,0.354225802706715,0.715726852636031),
 .UNSPECIFIED.);
#118=B_SPLINE_CURVE_WITH_KNOTS('',3,(#12161,#12162,#12163,#12164,#12165,
#12166),.UNSPECIFIED.,.F.,.F.,(4,2,4),(0.,0.244657639794365,0.79791875876034),
 .UNSPECIFIED.);
#119=B_SPLINE_CURVE_WITH_KNOTS('',3,(#12173,#12174,#12175,#12176,#12177,
#12178),.UNSPECIFIED.,.F.,.F.,(4,2,4),(0.,0.353583023485391,0.710681210114637),
 .UNSPECIFIED.);
#120=B_SPLINE_CURVE_WITH_KNOTS('',3,(#12181,#12182,#12183,#12184,#12185,
#12186),.UNSPECIFIED.,.F.,.F.,(4,2,4),(0.,0.356906453233078,0.910133547480576),
 .UNSPECIFIED.);
#121=B_SPLINE_CURVE_WITH_KNOTS('',3,(#12193,#12194,#12195,#12196,#12197,
#12198),.UNSPECIFIED.,.F.,.F.,(4,2,4),(0.,0.353624119084595,0.710263212828151),
 .UNSPECIFIED.);
#122=B_SPLINE_CURVE_WITH_KNOTS('',3,(#12233,#12234,#12235,#12236,#12237,
#12238,#12239,#12240),.UNSPECIFIED.,.F.,.F.,(4,1,1,1,1,4),(-1.19904086659517E-14,
0.283415692023767,0.566831384047547,0.708539230059436,0.850247076071326,
0.991954922083216),.UNSPECIFIED.);
#123=B_SPLINE_CURVE_WITH_KNOTS('',3,(#12242,#12243,#12244,#12245,#12246,
#12247,#12248,#12249),.UNSPECIFIED.,.F.,.F.,(4,1,1,1,1,4),(-0.890767851396663,
-0.850247076071326,-0.708539230059436,-0.566831384047547,-0.283415692023767,
-0.00417699837034984),.UNSPECIFIED.);
#124=B_SPLINE_CURVE_WITH_KNOTS('',3,(#12250,#12251,#12252,#12253,#12254,
#12255),.UNSPECIFIED.,.F.,.F.,(4,2,4),(0.,0.35360179608491,0.707205281479775),
 .UNSPECIFIED.);
#125=B_SPLINE_CURVE_WITH_KNOTS('',3,(#12313,#12314,#12315,#12316,#12317,
#12318),.UNSPECIFIED.,.F.,.F.,(4,2,4),(0.,0.353647154066113,0.707295323762219),
 .UNSPECIFIED.);
#126=B_SPLINE_CURVE_WITH_KNOTS('',3,(#12379,#12380,#12381,#12382,#12383,
#12384,#12385,#12386,#12387,#12388,#12389,#12390,#12391,#12392,#12393),
 .UNSPECIFIED.,.F.,.F.,(4,3,1,1,1,1,1,3,4),(-0.00392540964270878,0.,0.142857142857143,
0.285714285714286,0.428571428571429,0.571428571428572,0.714285714285714,
1.,1.00996633833219),.UNSPECIFIED.);
#127=B_SPLINE_CURVE_WITH_KNOTS('',3,(#12394,#12395,#12396,#12397,#12398,
#12399,#12400,#12401,#12402),.UNSPECIFIED.,.F.,.F.,(4,1,1,1,1,1,4),(-1.,
-0.714285714285714,-0.571428571428572,-0.428571428571429,-0.285714285714286,
-0.142857142857143,0.),.UNSPECIFIED.);
#128=B_SPLINE_CURVE_WITH_KNOTS('',3,(#12489,#12490,#12491,#12492,#12493,
#12494,#12495,#12496,#12497),.UNSPECIFIED.,.F.,.F.,(4,1,1,1,1,1,4),(0.,
0.142857142857146,0.428571428571437,0.571428571428583,0.714285714285728,
0.857142857142874,1.00000000000002),.UNSPECIFIED.);
#129=B_SPLINE_CURVE_WITH_KNOTS('',3,(#12499,#12500,#12501,#12502,#12503,
#12504,#12505,#12506,#12507),.UNSPECIFIED.,.F.,.F.,(4,1,1,1,1,1,4),(-0.912159601479363,
-0.857142857142874,-0.714285714285728,-0.571428571428583,-0.428571428571437,
-0.142857142857146,-0.00682168076592063),.UNSPECIFIED.);
#130=B_SPLINE_CURVE_WITH_KNOTS('',3,(#12508,#12509,#12510,#12511,#12512,
#12513),.UNSPECIFIED.,.F.,.F.,(4,2,4),(0.,0.353708442467663,0.70742458958675),
 .UNSPECIFIED.);
#131=B_SPLINE_CURVE_WITH_KNOTS('',3,(#12620,#12621,#12622,#12623),
 .UNSPECIFIED.,.F.,.F.,(4,4),(0.,1.00000002592136),.UNSPECIFIED.);
#132=B_SPLINE_CURVE_WITH_KNOTS('',3,(#12624,#12625,#12626,#12627,#12628,
#12629,#12630,#12631,#12632,#12633,#12634,#12635,#12636),.UNSPECIFIED.,
 .F.,.F.,(4,1,1,1,1,1,1,3,4),(0.000227689956007063,0.142857142857124,0.28571428571427,
0.428571428571416,0.571428571428562,0.714285714285708,0.857142857142854,
1.,1.01729008766506),.UNSPECIFIED.);
#133=B_SPLINE_CURVE_WITH_KNOTS('',3,(#12637,#12638,#12639,#12640,#12641,
#12642,#12643,#12644,#12645,#12646),.UNSPECIFIED.,.F.,.F.,(4,1,1,1,1,1,
1,4),(-1.,-0.857142857142854,-0.714285714285708,-0.571428571428562,-0.428571428571416,
-0.28571428571427,-0.142857142857124,2.1663474823189E-14),.UNSPECIFIED.);
#134=B_SPLINE_CURVE_WITH_KNOTS('',3,(#12684,#12685,#12686,#12687,#12688,
#12689,#12690,#12691),.UNSPECIFIED.,.F.,.F.,(4,1,1,1,1,4),(-2.18290588594923E-14,
0.285714285714271,0.571428571428563,0.714285714285709,0.857142857142855,
1.),.UNSPECIFIED.);
#135=B_SPLINE_CURVE_WITH_KNOTS('',3,(#12693,#12694,#12695,#12696,#12697,
#12698,#12699,#12700),.UNSPECIFIED.,.F.,.F.,(4,1,1,1,1,4),(-0.90973700668428,
-0.857142857142855,-0.714285714285709,-0.571428571428563,-0.285714285714271,
-0.00671067855940338),.UNSPECIFIED.);
#136=B_SPLINE_CURVE_WITH_KNOTS('',3,(#12701,#12702,#12703,#12704,#12705,
#12706),.UNSPECIFIED.,.F.,.F.,(4,2,4),(0.,0.353702675646357,0.707412983923124),
 .UNSPECIFIED.);
#137=B_SPLINE_CURVE_WITH_KNOTS('',3,(#12813,#12814,#12815,#12816,#12817,
#12818,#12819),.UNSPECIFIED.,.F.,.F.,(4,3,4),(0.,0.887292088803937,1.00000053562538),
 .UNSPECIFIED.);
#138=B_SPLINE_CURVE_WITH_KNOTS('',3,(#12820,#12821,#12822,#12823,#12824,
#12825,#12826,#12827,#12828,#12829,#12830,#12831,#12832),.UNSPECIFIED.,
 .F.,.F.,(4,1,1,1,1,1,1,3,4),(0.00103500909425071,0.142857142857143,0.285714285714286,
0.428571428571429,0.571428571428572,0.714285714285715,0.857142857142858,
1.,1.01770105995187),.UNSPECIFIED.);
#139=B_SPLINE_CURVE_WITH_KNOTS('',3,(#12833,#12834,#12835,#12836,#12837,
#12838,#12839,#12840,#12841,#12842),.UNSPECIFIED.,.F.,.F.,(4,1,1,1,1,1,
1,4),(-1.,-0.857142857142858,-0.714285714285715,-0.571428571428572,-0.428571428571429,
-0.285714285714286,-0.142857142857143,-1.11022302462516E-16),
 .UNSPECIFIED.);
#140=B_SPLINE_CURVE_WITH_KNOTS('',3,(#12880,#12881,#12882,#12883,#12884,
#12885,#12886,#12887),.UNSPECIFIED.,.F.,.F.,(4,1,1,1,1,4),(-2.22044604925031E-16,
0.285714285714286,0.571428571428571,0.714285714285714,0.857142857142857,
1.),.UNSPECIFIED.);
#141=B_SPLINE_CURVE_WITH_KNOTS('',3,(#12889,#12890,#12891,#12892,#12893,
#12894,#12895,#12896),.UNSPECIFIED.,.F.,.F.,(4,1,1,1,1,4),(-0.89769850052837,
-0.857142857142857,-0.714285714285714,-0.571428571428571,-0.285714285714286,
-0.00656054527852784),.UNSPECIFIED.);
#142=B_SPLINE_CURVE_WITH_KNOTS('',3,(#12897,#12898,#12899,#12900,#12901,
#12902),.UNSPECIFIED.,.F.,.F.,(4,2,4),(0.,0.353695848494158,0.707397619871651),
 .UNSPECIFIED.);
#143=B_SPLINE_CURVE_WITH_KNOTS('',3,(#12960,#12961,#12962,#12963,#12964,
#12965,#12966,#12967,#12968,#12969,#12970,#12971,#12972),.UNSPECIFIED.,
 .F.,.F.,(4,3,3,3,4),(-0.224922004036105,-0.158703470851629,-0.134272088412597,
-0.0556787199985779,0.),.UNSPECIFIED.);
#144=B_SPLINE_CURVE_WITH_KNOTS('',3,(#13021,#13022,#13023,#13024,#13025,
#13026,#13027,#13028,#13029,#13030,#13031,#13032),.UNSPECIFIED.,.F.,.F.,
(4,1,1,1,1,1,3,4),(0.00144422077616979,0.142857142857143,0.428571428571428,
0.571428571428571,0.714285714285714,0.857142857142857,1.,1.02045293197453),
 .UNSPECIFIED.);
#145=B_SPLINE_CURVE_WITH_KNOTS('',3,(#13033,#13034,#13035,#13036,#13037,
#13038,#13039,#13040,#13041),.UNSPECIFIED.,.F.,.F.,(4,1,1,1,1,1,4),(-1.,
-0.857142857142857,-0.714285714285714,-0.571428571428571,-0.428571428571428,
-0.142857142857143,2.22044604925031E-16),.UNSPECIFIED.);
#146=B_SPLINE_CURVE_WITH_KNOTS('',3,(#13124,#13125,#13126,#13127,#13128,
#13129,#13130,#13131),.UNSPECIFIED.,.F.,.F.,(4,1,1,1,1,4),(-3.00572179148349E-14,
0.285714285714265,0.571428571428561,0.785714285714282,0.857142857142856,
1.),.UNSPECIFIED.);
#147=B_SPLINE_CURVE_WITH_KNOTS('',3,(#13133,#13134,#13135,#13136,#13137,
#13138,#13139,#13140),.UNSPECIFIED.,.F.,.F.,(4,1,1,1,1,4),(-0.907264039274396,
-0.857142857142856,-0.785714285714282,-0.571428571428561,-0.285714285714265,
-0.00672924635971164),.UNSPECIFIED.);
#148=B_SPLINE_CURVE_WITH_KNOTS('',3,(#13141,#13142,#13143,#13144,#13145,
#13146),.UNSPECIFIED.,.F.,.F.,(4,2,4),(0.,0.353702086921578,0.707411714845474),
 .UNSPECIFIED.);
#149=B_SPLINE_CURVE_WITH_KNOTS('',3,(#13265,#13266,#13267,#13268),
 .UNSPECIFIED.,.F.,.F.,(4,4),(0.,1.00000062759905),.UNSPECIFIED.);
#150=B_SPLINE_CURVE_WITH_KNOTS('',3,(#13269,#13270,#13271,#13272,#13273,
#13274,#13275,#13276,#13277,#13278,#13279,#13280,#13281,#13282,#13283,#13284),
 .UNSPECIFIED.,.F.,.F.,(4,3,1,1,1,1,1,1,3,4),(-0.00112035641387362,0.,0.142857142857143,
0.285714285714286,0.42857142857143,0.500000000000001,0.571428571428573,
0.714285714285716,1.,1.02417526301357),.UNSPECIFIED.);
#151=B_SPLINE_CURVE_WITH_KNOTS('',3,(#13285,#13286,#13287,#13288,#13289,
#13290,#13291,#13292,#13293,#13294),.UNSPECIFIED.,.F.,.F.,(4,1,1,1,1,1,
1,4),(-1.,-0.714285714285716,-0.571428571428573,-0.500000000000001,-0.42857142857143,
-0.285714285714286,-0.142857142857143,0.),.UNSPECIFIED.);
#152=B_SPLINE_CURVE_WITH_KNOTS('',3,(#13336,#13337,#13338,#13339,#13340,
#13341,#13342,#13343,#13344),.UNSPECIFIED.,.F.,.F.,(4,1,1,1,1,1,4),(0.,
0.285714285714294,0.42857142857144,0.571428571428587,0.714285714285734,
0.857142857142881,1.00000000000003),.UNSPECIFIED.);
#153=B_SPLINE_CURVE_WITH_KNOTS('',3,(#13346,#13347,#13348,#13349,#13350,
#13351,#13352,#13353,#13354),.UNSPECIFIED.,.F.,.F.,(4,1,1,1,1,1,4),(-0.883687863738163,
-0.857142857142881,-0.714285714285734,-0.571428571428587,-0.42857142857144,
-0.285714285714294,-0.00638536594303328),.UNSPECIFIED.);
#154=B_SPLINE_CURVE_WITH_KNOTS('',3,(#13355,#13356,#13357,#13358,#13359,
#13360),.UNSPECIFIED.,.F.,.F.,(4,2,4),(0.,0.353689016269708,0.707384529076694),
 .UNSPECIFIED.);
#155=B_SPLINE_CURVE_WITH_KNOTS('',3,(#13459,#13460,#13461,#13462,#13463,
#13464,#13465,#13466,#13467,#13468),.UNSPECIFIED.,.F.,.F.,(4,3,3,4),(0.,
0.399353791101522,0.800761889806531,1.00000061465599),.UNSPECIFIED.);
#156=B_SPLINE_CURVE_WITH_KNOTS('',3,(#13469,#13470,#13471,#13472,#13473,
#13474,#13475,#13476,#13477,#13478,#13479),.UNSPECIFIED.,.F.,.F.,(4,1,1,
1,1,3,4),(0.00110870146143048,0.142857142857143,0.428571428571429,0.571428571428571,
0.714285714285714,1.,1.01219505520331),.UNSPECIFIED.);
#157=B_SPLINE_CURVE_WITH_KNOTS('',3,(#13480,#13481,#13482,#13483,#13484,
#13485,#13486,#13487),.UNSPECIFIED.,.F.,.F.,(4,1,1,1,1,4),(-1.,-0.714285714285714,
-0.571428571428571,-0.428571428571429,-0.142857142857143,0.),
 .UNSPECIFIED.);
#158=B_SPLINE_CURVE_WITH_KNOTS('',3,(#13901,#13902,#13903,#13904,#13905,
#13906,#13907,#13908,#13909,#13910,#13911,#13912,#13913,#13914,#13915,#13916,
#13917,#13918),.UNSPECIFIED.,.F.,.F.,(4,2,2,2,2,2,2,2,4),(0.,0.0924516038065193,
0.184903207613039,0.277517714076326,0.370132220539614,0.46296703730992,
0.555801854080226,0.648861627374707,0.741921400669187),.UNSPECIFIED.);
#159=B_SPLINE_CURVE_WITH_KNOTS('',3,(#13922,#13923,#13924,#13925,#13926,
#13927,#13928,#13929,#13930,#13931,#13932,#13933,#13934,#13935,#13936,#13937,
#13938,#13939),.UNSPECIFIED.,.F.,.F.,(4,2,2,2,2,2,2,2,4),(2.29473114762578,
2.39465387603048,2.49457660443518,2.59110218783268,2.68762777123017,2.7809553791316,
2.87428298703303,2.96530648977413,3.05632999251524),.UNSPECIFIED.);
#160=B_SPLINE_CURVE_WITH_KNOTS('',3,(#13949,#13950,#13951,#13952,#13953,
#13954,#13955,#13956,#13957,#13958,#13959,#13960,#13961,#13962,#13963,#13964,
#13965,#13966),.UNSPECIFIED.,.F.,.F.,(4,2,2,2,2,2,2,2,4),(0.,0.0910235027411044,
0.182047005482209,0.275374613383639,0.368702221285069,0.465227804682561,
0.561753388080053,0.661676116484757,0.761598844889461),.UNSPECIFIED.);
#161=B_SPLINE_CURVE_WITH_KNOTS('',3,(#13968,#13969,#13970,#13971,#13972,
#13973,#13974,#13975,#13976,#13977,#13978,#13979,#13980,#13981,#13982,#13983,
#13984,#13985),.UNSPECIFIED.,.F.,.F.,(4,2,2,2,2,2,2,2,4),(2.22636973896895,
2.31942951226343,2.41248928555791,2.50532410232822,2.59815891909852,2.69077342556181,
2.7833879320251,2.87583953583162,2.96829113963813),.UNSPECIFIED.);
#162=B_SPLINE_CURVE_WITH_KNOTS('',3,(#14175,#14176,#14177,#14178,#14179,
#14180,#14181,#14182,#14183,#14184,#14185,#14186,#14187,#14188,#14189,#14190,
#14191,#14192),.UNSPECIFIED.,.F.,.F.,(4,2,2,2,2,2,2,2,4),(0.,0.0924516038065189,
0.184903207613038,0.277517714076326,0.370132220539613,0.46296703730992,
0.555801854080226,0.648861627374707,0.741921400669187),.UNSPECIFIED.);
#163=B_SPLINE_CURVE_WITH_KNOTS('',3,(#14196,#14197,#14198,#14199,#14200,
#14201,#14202,#14203,#14204,#14205,#14206,#14207,#14208,#14209,#14210,#14211,
#14212,#14213),.UNSPECIFIED.,.F.,.F.,(4,2,2,2,2,2,2,2,4),(2.29473114762578,
2.39465387603048,2.49457660443518,2.59110218783268,2.68762777123017,2.7809553791316,
2.87428298703303,2.96530648977413,3.05632999251524),.UNSPECIFIED.);
#164=B_SPLINE_CURVE_WITH_KNOTS('',3,(#14223,#14224,#14225,#14226,#14227,
#14228,#14229,#14230,#14231,#14232,#14233,#14234,#14235,#14236,#14237,#14238,
#14239,#14240),.UNSPECIFIED.,.F.,.F.,(4,2,2,2,2,2,2,2,4),(0.,0.0910235027411044,
0.182047005482209,0.275374613383639,0.368702221285069,0.465227804682561,
0.561753388080052,0.661676116484757,0.761598844889461),.UNSPECIFIED.);
#165=B_SPLINE_CURVE_WITH_KNOTS('',3,(#14242,#14243,#14244,#14245,#14246,
#14247,#14248,#14249,#14250,#14251,#14252,#14253,#14254,#14255,#14256,#14257,
#14258,#14259),.UNSPECIFIED.,.F.,.F.,(4,2,2,2,2,2,2,2,4),(2.22636973896894,
2.31942951226343,2.41248928555791,2.50532410232821,2.59815891909852,2.69077342556181,
2.78338793202509,2.87583953583161,2.96829113963813),.UNSPECIFIED.);
#166=B_SPLINE_SURFACE_WITH_KNOTS('',3,3,((#10313,#10314,#10315,#10316,#10317,
#10318,#10319,#10320,#10321,#10322,#10323,#10324,#10325,#10326),(#10327,
#10328,#10329,#10330,#10331,#10332,#10333,#10334,#10335,#10336,#10337,#10338,
#10339,#10340),(#10341,#10342,#10343,#10344,#10345,#10346,#10347,#10348,
#10349,#10350,#10351,#10352,#10353,#10354),(#10355,#10356,#10357,#10358,
#10359,#10360,#10361,#10362,#10363,#10364,#10365,#10366,#10367,#10368),
(#10369,#10370,#10371,#10372,#10373,#10374,#10375,#10376,#10377,#10378,
#10379,#10380,#10381,#10382)),.UNSPECIFIED.,.F.,.F.,.F.,(4,1,4),(4,2,1,
1,1,1,1,1,1,1,4),(0.,0.571428571428571,1.),(-0.0212069149763363,0.,1.31216521917174,
1.9682478287576,2.62433043834347,3.93649565751521,5.24866087668695,6.56082609585868,
7.87299131503042,8.52907392461629,9.18515653420215),.UNSPECIFIED.);
#167=B_SPLINE_SURFACE_WITH_KNOTS('',3,3,((#10468,#10469,#10470,#10471,#10472,
#10473,#10474,#10475,#10476,#10477,#10478,#10479,#10480,#10481,#10482),
(#10483,#10484,#10485,#10486,#10487,#10488,#10489,#10490,#10491,#10492,
#10493,#10494,#10495,#10496,#10497),(#10498,#10499,#10500,#10501,#10502,
#10503,#10504,#10505,#10506,#10507,#10508,#10509,#10510,#10511,#10512),
(#10513,#10514,#10515,#10516,#10517,#10518,#10519,#10520,#10521,#10522,
#10523,#10524,#10525,#10526,#10527),(#10528,#10529,#10530,#10531,#10532,
#10533,#10534,#10535,#10536,#10537,#10538,#10539,#10540,#10541,#10542)),
 .UNSPECIFIED.,.F.,.F.,.F.,(4,1,4),(4,2,1,1,1,1,1,1,1,1,1,4),(0.,0.571428571428571,
1.),(-0.0212069149760681,0.,0.918515653420215,1.83703130684043,2.75554696026065,
3.67406261368086,4.59257826710108,5.51109392052129,6.42960957394151,7.34812522736172,
8.26664088078194,9.18515653420215),.UNSPECIFIED.);
#168=B_SPLINE_SURFACE_WITH_KNOTS('',3,3,((#10606,#10607,#10608,#10609,#10610,
#10611,#10612,#10613),(#10614,#10615,#10616,#10617,#10618,#10619,#10620,
#10621),(#10622,#10623,#10624,#10625,#10626,#10627,#10628,#10629),(#10630,
#10631,#10632,#10633,#10634,#10635,#10636,#10637),(#10638,#10639,#10640,
#10641,#10642,#10643,#10644,#10645)),.UNSPECIFIED.,.F.,.F.,.F.,(4,1,4),
(4,1,1,1,1,4),(0.,0.571428571428571,1.),(0.,1.86334371769032,2.79501557653548,
4.65835929422579,5.59003115307095,6.52170301191611),.UNSPECIFIED.);
#169=B_SPLINE_SURFACE_WITH_KNOTS('',3,3,((#10679,#10680,#10681,#10682,#10683,
#10684,#10685,#10686),(#10687,#10688,#10689,#10690,#10691,#10692,#10693,
#10694),(#10695,#10696,#10697,#10698,#10699,#10700,#10701,#10702),(#10703,
#10704,#10705,#10706,#10707,#10708,#10709,#10710),(#10711,#10712,#10713,
#10714,#10715,#10716,#10717,#10718)),.UNSPECIFIED.,.F.,.F.,.F.,(4,1,4),
(4,1,1,1,1,4),(0.,0.571428571428571,1.),(0.,1.86334371769032,2.79501557653548,
4.65835929422579,5.59003115307095,6.52170301191611),.UNSPECIFIED.);
#170=B_SPLINE_SURFACE_WITH_KNOTS('',3,3,((#10821,#10822,#10823,#10824),
(#10825,#10826,#10827,#10828),(#10829,#10830,#10831,#10832),(#10833,#10834,
#10835,#10836)),.UNSPECIFIED.,.F.,.F.,.F.,(4,4),(4,4),(0.,1.),(0.2,2.8),
 .UNSPECIFIED.);
#171=B_SPLINE_SURFACE_WITH_KNOTS('',3,3,((#10850,#10851,#10852,#10853),
(#10854,#10855,#10856,#10857),(#10858,#10859,#10860,#10861),(#10862,#10863,
#10864,#10865)),.UNSPECIFIED.,.F.,.F.,.F.,(4,4),(4,4),(0.,1.),(0.2,2.8),
 .UNSPECIFIED.);
#172=B_SPLINE_SURFACE_WITH_KNOTS('',3,3,((#10915,#10916,#10917,#10918),
(#10919,#10920,#10921,#10922),(#10923,#10924,#10925,#10926),(#10927,#10928,
#10929,#10930)),.UNSPECIFIED.,.F.,.F.,.F.,(4,4),(4,4),(0.,1.),(0.2,2.8),
 .UNSPECIFIED.);
#173=B_SPLINE_SURFACE_WITH_KNOTS('',3,3,((#10982,#10983,#10984,#10985),
(#10986,#10987,#10988,#10989),(#10990,#10991,#10992,#10993),(#10994,#10995,
#10996,#10997)),.UNSPECIFIED.,.F.,.F.,.F.,(4,4),(4,4),(0.,1.),(0.2,2.8),
 .UNSPECIFIED.);
#174=B_SPLINE_SURFACE_WITH_KNOTS('',3,3,((#11001,#11002,#11003,#11004,#11005,
#11006,#11007,#11008),(#11009,#11010,#11011,#11012,#11013,#11014,#11015,
#11016),(#11017,#11018,#11019,#11020,#11021,#11022,#11023,#11024),(#11025,
#11026,#11027,#11028,#11029,#11030,#11031,#11032),(#11033,#11034,#11035,
#11036,#11037,#11038,#11039,#11040)),.UNSPECIFIED.,.F.,.F.,.F.,(4,1,4),
(4,1,1,1,1,4),(0.,0.571428571428571,1.),(0.00747119442324569,0.939127454842921,
1.8707837152626,2.80243997568227,4.66575249652162,6.52906501736097),
 .UNSPECIFIED.);
#175=B_SPLINE_SURFACE_WITH_KNOTS('',3,3,((#11059,#11060,#11061,#11062,#11063,
#11064,#11065,#11066),(#11067,#11068,#11069,#11070,#11071,#11072,#11073,
#11074),(#11075,#11076,#11077,#11078,#11079,#11080,#11081,#11082),(#11083,
#11084,#11085,#11086,#11087,#11088,#11089,#11090),(#11091,#11092,#11093,
#11094,#11095,#11096,#11097,#11098)),.UNSPECIFIED.,.F.,.F.,.F.,(4,1,4),
(4,1,1,1,1,4),(0.,0.571428571428571,1.),(0.0519390575670336,1.91525157840639,
2.84690783882606,4.71022035966542,5.6418766200851,6.57353288050477),
 .UNSPECIFIED.);
#176=B_SPLINE_SURFACE_WITH_KNOTS('',3,3,((#11140,#11141,#11142,#11143),
(#11144,#11145,#11146,#11147),(#11148,#11149,#11150,#11151),(#11152,#11153,
#11154,#11155)),.UNSPECIFIED.,.F.,.F.,.F.,(4,4),(4,4),(0.,1.),(0.2,2.8),
 .UNSPECIFIED.);
#177=B_SPLINE_SURFACE_WITH_KNOTS('',3,3,((#11174,#11175,#11176,#11177),
(#11178,#11179,#11180,#11181),(#11182,#11183,#11184,#11185),(#11186,#11187,
#11188,#11189)),.UNSPECIFIED.,.F.,.F.,.F.,(4,4),(4,4),(0.,1.),(0.2,2.8),
 .UNSPECIFIED.);
#178=B_SPLINE_SURFACE_WITH_KNOTS('',3,3,((#11246,#11247,#11248,#11249,#11250,
#11251,#11252,#11253,#11254,#11255,#11256,#11257,#11258),(#11259,#11260,
#11261,#11262,#11263,#11264,#11265,#11266,#11267,#11268,#11269,#11270,#11271),
(#11272,#11273,#11274,#11275,#11276,#11277,#11278,#11279,#11280,#11281,
#11282,#11283,#11284),(#11285,#11286,#11287,#11288,#11289,#11290,#11291,
#11292,#11293,#11294,#11295,#11296,#11297),(#11298,#11299,#11300,#11301,
#11302,#11303,#11304,#11305,#11306,#11307,#11308,#11309,#11310)),
 .UNSPECIFIED.,.F.,.F.,.F.,(4,1,4),(4,2,1,1,1,1,1,1,1,4),(0.,0.571428571428571,
1.),(-0.0212069149761962,0.,1.31170054618902,2.62340109237805,3.93510163856707,
5.2468021847561,6.55850273094512,7.87020327713415,8.52605355022866,9.18190382332317),
 .UNSPECIFIED.);
#179=B_SPLINE_SURFACE_WITH_KNOTS('',3,3,((#11352,#11353,#11354,#11355,#11356,
#11357,#11358,#11359,#11360,#11361,#11362,#11363,#11364,#11365),(#11366,
#11367,#11368,#11369,#11370,#11371,#11372,#11373,#11374,#11375,#11376,#11377,
#11378,#11379),(#11380,#11381,#11382,#11383,#11384,#11385,#11386,#11387,
#11388,#11389,#11390,#11391,#11392,#11393),(#11394,#11395,#11396,#11397,
#11398,#11399,#11400,#11401,#11402,#11403,#11404,#11405,#11406,#11407),
(#11408,#11409,#11410,#11411,#11412,#11413,#11414,#11415,#11416,#11417,
#11418,#11419,#11420,#11421)),.UNSPECIFIED.,.F.,.F.,.F.,(4,1,4),(4,1,1,
1,1,1,1,1,1,2,4),(0.,0.571428571428571,1.),(0.0402812725115262,0.696131545606038,
1.35198181870055,2.66368236488957,3.31953263798409,3.9753829110786,5.28708345726762,
6.59878400345665,7.91048454964567,9.2221850958347,9.24339201081091),
 .UNSPECIFIED.);
#180=B_SPLINE_SURFACE_WITH_KNOTS('',3,3,((#11475,#11476,#11477,#11478,#11479,
#11480,#11481,#11482,#11483,#11484,#11485,#11486,#11487,#11488,#11489,#11490,
#11491,#11492,#11493,#11494,#11495,#11496,#11497,#11498,#11499,#11500),
(#11501,#11502,#11503,#11504,#11505,#11506,#11507,#11508,#11509,#11510,
#11511,#11512,#11513,#11514,#11515,#11516,#11517,#11518,#11519,#11520,#11521,
#11522,#11523,#11524,#11525,#11526),(#11527,#11528,#11529,#11530,#11531,
#11532,#11533,#11534,#11535,#11536,#11537,#11538,#11539,#11540,#11541,#11542,
#11543,#11544,#11545,#11546,#11547,#11548,#11549,#11550,#11551,#11552),
(#11553,#11554,#11555,#11556,#11557,#11558,#11559,#11560,#11561,#11562,
#11563,#11564,#11565,#11566,#11567,#11568,#11569,#11570,#11571,#11572,#11573,
#11574,#11575,#11576,#11577,#11578),(#11579,#11580,#11581,#11582,#11583,
#11584,#11585,#11586,#11587,#11588,#11589,#11590,#11591,#11592,#11593,#11594,
#11595,#11596,#11597,#11598,#11599,#11600,#11601,#11602,#11603,#11604),
(#11605,#11606,#11607,#11608,#11609,#11610,#11611,#11612,#11613,#11614,
#11615,#11616,#11617,#11618,#11619,#11620,#11621,#11622,#11623,#11624,#11625,
#11626,#11627,#11628,#11629,#11630),(#11631,#11632,#11633,#11634,#11635,
#11636,#11637,#11638,#11639,#11640,#11641,#11642,#11643,#11644,#11645,#11646,
#11647,#11648,#11649,#11650,#11651,#11652,#11653,#11654,#11655,#11656)),
 .UNSPECIFIED.,.F.,.T.,.F.,(4,1,1,1,4),(4,1,1,1,1,1,1,1,1,1,1,1,1,1,1,1,
1,1,1,1,1,1,1,4),(0.,0.285714285714286,0.571428571428571,0.857142857142857,
1.),(0.,2.06228119280731,4.12456238561461,6.18684357842192,8.24912477122922,
10.9988330283056,13.748541285382,16.4982495424584,19.2479577995349,21.9976660566113,
24.7473743136877,27.4970825707641,30.2467908278405,32.9964990849169,35.7462073419933,
38.4959155990697,41.2456238561461,43.9953321132225,46.7450403702989,49.4947486273753,
51.5570298201826,53.61931101299,55.6815922057973,57.7438733986046),
 .UNSPECIFIED.);
#181=B_SPLINE_SURFACE_WITH_KNOTS('',3,3,((#11748,#11749,#11750,#11751,#11752,
#11753,#11754,#11755,#11756,#11757,#11758,#11759,#11760,#11761,#11762,#11763,
#11764,#11765,#11766,#11767,#11768,#11769,#11770,#11771,#11772,#11773),
(#11774,#11775,#11776,#11777,#11778,#11779,#11780,#11781,#11782,#11783,
#11784,#11785,#11786,#11787,#11788,#11789,#11790,#11791,#11792,#11793,#11794,
#11795,#11796,#11797,#11798,#11799),(#11800,#11801,#11802,#11803,#11804,
#11805,#11806,#11807,#11808,#11809,#11810,#11811,#11812,#11813,#11814,#11815,
#11816,#11817,#11818,#11819,#11820,#11821,#11822,#11823,#11824,#11825),
(#11826,#11827,#11828,#11829,#11830,#11831,#11832,#11833,#11834,#11835,
#11836,#11837,#11838,#11839,#11840,#11841,#11842,#11843,#11844,#11845,#11846,
#11847,#11848,#11849,#11850,#11851),(#11852,#11853,#11854,#11855,#11856,
#11857,#11858,#11859,#11860,#11861,#11862,#11863,#11864,#11865,#11866,#11867,
#11868,#11869,#11870,#11871,#11872,#11873,#11874,#11875,#11876,#11877),
(#11878,#11879,#11880,#11881,#11882,#11883,#11884,#11885,#11886,#11887,
#11888,#11889,#11890,#11891,#11892,#11893,#11894,#11895,#11896,#11897,#11898,
#11899,#11900,#11901,#11902,#11903),(#11904,#11905,#11906,#11907,#11908,
#11909,#11910,#11911,#11912,#11913,#11914,#11915,#11916,#11917,#11918,#11919,
#11920,#11921,#11922,#11923,#11924,#11925,#11926,#11927,#11928,#11929)),
 .UNSPECIFIED.,.F.,.T.,.F.,(4,1,1,1,4),(4,1,1,1,1,1,1,1,1,1,1,1,1,1,1,1,
1,1,1,1,1,1,1,4),(0.,0.285714285714286,0.571428571428571,0.857142857142857,
1.),(0.,2.06228119280731,4.12456238561461,6.18684357842192,8.24912477122922,
10.9988330283056,13.748541285382,16.4982495424584,19.2479577995349,21.9976660566113,
24.7473743136877,27.4970825707641,30.2467908278405,32.9964990849169,35.7462073419933,
38.4959155990697,41.2456238561461,43.9953321132225,46.7450403702989,49.4947486273753,
51.5570298201826,53.61931101299,55.6815922057973,57.7438733986046),
 .UNSPECIFIED.);
#182=B_SPLINE_SURFACE_WITH_KNOTS('',3,3,((#12200,#12201,#12202,#12203,#12204,
#12205,#12206,#12207),(#12208,#12209,#12210,#12211,#12212,#12213,#12214,
#12215),(#12216,#12217,#12218,#12219,#12220,#12221,#12222,#12223),(#12224,
#12225,#12226,#12227,#12228,#12229,#12230,#12231)),.UNSPECIFIED.,.F.,.F.,
 .F.,(4,4),(4,1,1,1,1,4),(0.,1.),(-1.19904086659517E-14,0.283415692023767,
0.566831384047547,0.708539230059436,0.850247076071326,0.991954922083216),
 .UNSPECIFIED.);
#183=B_SPLINE_SURFACE_WITH_KNOTS('',3,3,((#12319,#12320,#12321,#12322,#12323,
#12324,#12325,#12326,#12327,#12328,#12329,#12330,#12331,#12332,#12333),
(#12334,#12335,#12336,#12337,#12338,#12339,#12340,#12341,#12342,#12343,
#12344,#12345,#12346,#12347,#12348),(#12349,#12350,#12351,#12352,#12353,
#12354,#12355,#12356,#12357,#12358,#12359,#12360,#12361,#12362,#12363),
(#12364,#12365,#12366,#12367,#12368,#12369,#12370,#12371,#12372,#12373,
#12374,#12375,#12376,#12377,#12378)),.UNSPECIFIED.,.F.,.F.,.F.,(4,4),(4,
3,1,1,1,1,1,3,4),(0.,1.),(-1.00996633833219,-1.,-0.714285714285714,-0.571428571428572,
-0.428571428571429,-0.285714285714286,-0.142857142857143,0.,0.00392540964270878),
 .UNSPECIFIED.);
#184=B_SPLINE_SURFACE_WITH_KNOTS('',3,3,((#12452,#12453,#12454,#12455,#12456,
#12457,#12458,#12459,#12460),(#12461,#12462,#12463,#12464,#12465,#12466,
#12467,#12468,#12469),(#12470,#12471,#12472,#12473,#12474,#12475,#12476,
#12477,#12478),(#12479,#12480,#12481,#12482,#12483,#12484,#12485,#12486,
#12487)),.UNSPECIFIED.,.F.,.F.,.F.,(4,4),(4,1,1,1,1,1,4),(0.,1.),(0.,0.142857142857146,
0.428571428571437,0.571428571428583,0.714285714285728,0.857142857142874,
1.00000000000002),.UNSPECIFIED.);
#185=B_SPLINE_SURFACE_WITH_KNOTS('',3,3,((#12566,#12567,#12568,#12569,#12570,
#12571,#12572,#12573,#12574,#12575,#12576,#12577,#12578),(#12579,#12580,
#12581,#12582,#12583,#12584,#12585,#12586,#12587,#12588,#12589,#12590,#12591),
(#12592,#12593,#12594,#12595,#12596,#12597,#12598,#12599,#12600,#12601,
#12602,#12603,#12604),(#12605,#12606,#12607,#12608,#12609,#12610,#12611,
#12612,#12613,#12614,#12615,#12616,#12617)),.UNSPECIFIED.,.F.,.F.,.F.,(4,
4),(4,3,1,1,1,1,1,1,4),(0.,1.),(-1.01729008766506,-1.,-0.857142857142854,
-0.714285714285708,-0.571428571428562,-0.428571428571416,-0.28571428571427,
-0.142857142857124,2.1663474823189E-14),.UNSPECIFIED.);
#186=B_SPLINE_SURFACE_WITH_KNOTS('',3,3,((#12651,#12652,#12653,#12654,#12655,
#12656,#12657,#12658),(#12659,#12660,#12661,#12662,#12663,#12664,#12665,
#12666),(#12667,#12668,#12669,#12670,#12671,#12672,#12673,#12674),(#12675,
#12676,#12677,#12678,#12679,#12680,#12681,#12682)),.UNSPECIFIED.,.F.,.F.,
 .F.,(4,4),(4,1,1,1,1,4),(0.,1.),(-2.18290588594923E-14,0.285714285714271,
0.571428571428563,0.714285714285709,0.857142857142855,1.),.UNSPECIFIED.);
#187=B_SPLINE_SURFACE_WITH_KNOTS('',3,3,((#12759,#12760,#12761,#12762,#12763,
#12764,#12765,#12766,#12767,#12768,#12769,#12770,#12771),(#12772,#12773,
#12774,#12775,#12776,#12777,#12778,#12779,#12780,#12781,#12782,#12783,#12784),
(#12785,#12786,#12787,#12788,#12789,#12790,#12791,#12792,#12793,#12794,
#12795,#12796,#12797),(#12798,#12799,#12800,#12801,#12802,#12803,#12804,
#12805,#12806,#12807,#12808,#12809,#12810)),.UNSPECIFIED.,.F.,.F.,.F.,(4,
4),(4,3,1,1,1,1,1,1,4),(0.,1.),(-1.01770105995187,-1.,-0.857142857142858,
-0.714285714285715,-0.571428571428572,-0.428571428571429,-0.285714285714286,
-0.142857142857143,-1.11022302462516E-16),.UNSPECIFIED.);
#188=B_SPLINE_SURFACE_WITH_KNOTS('',3,3,((#12847,#12848,#12849,#12850,#12851,
#12852,#12853,#12854),(#12855,#12856,#12857,#12858,#12859,#12860,#12861,
#12862),(#12863,#12864,#12865,#12866,#12867,#12868,#12869,#12870),(#12871,
#12872,#12873,#12874,#12875,#12876,#12877,#12878)),.UNSPECIFIED.,.F.,.F.,
 .F.,(4,4),(4,1,1,1,1,4),(0.,1.),(-2.22044604925031E-16,0.285714285714286,
0.571428571428571,0.714285714285714,0.857142857142857,1.),.UNSPECIFIED.);
#189=B_SPLINE_SURFACE_WITH_KNOTS('',3,3,((#12973,#12974,#12975,#12976,#12977,
#12978,#12979,#12980,#12981,#12982,#12983,#12984),(#12985,#12986,#12987,
#12988,#12989,#12990,#12991,#12992,#12993,#12994,#12995,#12996),(#12997,
#12998,#12999,#13000,#13001,#13002,#13003,#13004,#13005,#13006,#13007,#13008),
(#13009,#13010,#13011,#13012,#13013,#13014,#13015,#13016,#13017,#13018,
#13019,#13020)),.UNSPECIFIED.,.F.,.F.,.F.,(4,4),(4,3,1,1,1,1,1,4),(0.,1.),
(-1.02045293197453,-1.,-0.857142857142857,-0.714285714285714,-0.571428571428571,
-0.428571428571428,-0.142857142857143,2.22044604925031E-16),
 .UNSPECIFIED.);
#190=B_SPLINE_SURFACE_WITH_KNOTS('',3,3,((#13091,#13092,#13093,#13094,#13095,
#13096,#13097,#13098),(#13099,#13100,#13101,#13102,#13103,#13104,#13105,
#13106),(#13107,#13108,#13109,#13110,#13111,#13112,#13113,#13114),(#13115,
#13116,#13117,#13118,#13119,#13120,#13121,#13122)),.UNSPECIFIED.,.F.,.F.,
 .F.,(4,4),(4,1,1,1,1,4),(0.,1.),(-3.00572179148349E-14,0.285714285714265,
0.571428571428561,0.785714285714282,0.857142857142856,1.),.UNSPECIFIED.);
#191=B_SPLINE_SURFACE_WITH_KNOTS('',3,3,((#13199,#13200,#13201,#13202,#13203,
#13204,#13205,#13206,#13207,#13208,#13209,#13210,#13211,#13212,#13213,#13214),
(#13215,#13216,#13217,#13218,#13219,#13220,#13221,#13222,#13223,#13224,
#13225,#13226,#13227,#13228,#13229,#13230),(#13231,#13232,#13233,#13234,
#13235,#13236,#13237,#13238,#13239,#13240,#13241,#13242,#13243,#13244,#13245,
#13246),(#13247,#13248,#13249,#13250,#13251,#13252,#13253,#13254,#13255,
#13256,#13257,#13258,#13259,#13260,#13261,#13262)),.UNSPECIFIED.,.F.,.F.,
 .F.,(4,4),(4,3,1,1,1,1,1,1,3,4),(0.,1.),(-1.02417526301357,-1.,-0.714285714285716,
-0.571428571428573,-0.500000000000001,-0.42857142857143,-0.285714285714286,
-0.142857142857143,0.,0.00112035641387362),.UNSPECIFIED.);
#192=B_SPLINE_SURFACE_WITH_KNOTS('',3,3,((#13299,#13300,#13301,#13302,#13303,
#13304,#13305,#13306,#13307),(#13308,#13309,#13310,#13311,#13312,#13313,
#13314,#13315,#13316),(#13317,#13318,#13319,#13320,#13321,#13322,#13323,
#13324,#13325),(#13326,#13327,#13328,#13329,#13330,#13331,#13332,#13333,
#13334)),.UNSPECIFIED.,.F.,.F.,.F.,(4,4),(4,1,1,1,1,1,4),(0.,1.),(0.,0.285714285714294,
0.42857142857144,0.571428571428587,0.714285714285734,0.857142857142881,
1.00000000000003),.UNSPECIFIED.);
#193=B_SPLINE_SURFACE_WITH_KNOTS('',3,3,((#13413,#13414,#13415,#13416,#13417,
#13418,#13419,#13420,#13421,#13422,#13423),(#13424,#13425,#13426,#13427,
#13428,#13429,#13430,#13431,#13432,#13433,#13434),(#13435,#13436,#13437,
#13438,#13439,#13440,#13441,#13442,#13443,#13444,#13445),(#13446,#13447,
#13448,#13449,#13450,#13451,#13452,#13453,#13454,#13455,#13456)),
 .UNSPECIFIED.,.F.,.F.,.F.,(4,4),(4,3,1,1,1,1,4),(0.,1.),(-1.01219505520331,
-1.,-0.714285714285714,-0.571428571428571,-0.428571428571429,-0.142857142857143,
0.),.UNSPECIFIED.);
#194=SHAPE_REPRESENTATION_RELATIONSHIP('SRR','None',#15288,#198);
#195=SHAPE_REPRESENTATION_RELATIONSHIP('SRR','None',#15289,#199);
#196=SHAPE_REPRESENTATION_RELATIONSHIP('SRR','None',#15290,#200);
#197=SHAPE_REPRESENTATION_RELATIONSHIP('SRR','None',#15287,#201);
#198=ADVANCED_BREP_SHAPE_REPRESENTATION('',(#275),#15267);
#199=ADVANCED_BREP_SHAPE_REPRESENTATION('',(#276),#15268);
#200=ADVANCED_BREP_SHAPE_REPRESENTATION('',(#277),#15269);
#201=ADVANCED_BREP_SHAPE_REPRESENTATION('',(#278,#279,#280,#281,#282,#283,
#284,#285,#286,#287,#288,#289,#290,#291,#292,#293,#294,#295,#296,#297,#298,
#299,#300,#301,#302,#303,#304,#305,#306,#307,#308,#309,#310),#15266);
#202=STYLED_ITEM('',(#15311),#275);
#203=STYLED_ITEM('',(#15311),#276);
#204=STYLED_ITEM('',(#15314),#7200);
#205=STYLED_ITEM('',(#15314),#7201);
#206=STYLED_ITEM('',(#15313),#7202);
#207=STYLED_ITEM('',(#15314),#7203);
#208=STYLED_ITEM('',(#15314),#7204);
#209=STYLED_ITEM('',(#15321),#7205);
#210=STYLED_ITEM('',(#15321),#7229);
#211=STYLED_ITEM('',(#15321),#7236);
#212=STYLED_ITEM('',(#15321),#7251);
#213=STYLED_ITEM('',(#15321),#7258);
#214=STYLED_ITEM('',(#15321),#7259);
#215=STYLED_ITEM('',(#15321),#7260);
#216=STYLED_ITEM('',(#15321),#7263);
#217=STYLED_ITEM('',(#15321),#7264);
#218=STYLED_ITEM('',(#15321),#7267);
#219=STYLED_ITEM('',(#15321),#7268);
#220=STYLED_ITEM('',(#15321),#7269);
#221=STYLED_ITEM('',(#15321),#7274);
#222=STYLED_ITEM('',(#15320),#277);
#223=STYLED_ITEM('',(#15315),#278);
#224=STYLED_ITEM('',(#15315),#279);
#225=STYLED_ITEM('',(#15317),#7293);
#226=STYLED_ITEM('',(#15317),#7298);
#227=STYLED_ITEM('',(#15317),#7300);
#228=STYLED_ITEM('',(#15317),#7302);
#229=STYLED_ITEM('',(#15317),#7303);
#230=STYLED_ITEM('',(#15317),#7305);
#231=STYLED_ITEM('',(#15317),#7306);
#232=STYLED_ITEM('',(#15317),#7307);
#233=STYLED_ITEM('',(#15317),#7312);
#234=STYLED_ITEM('',(#15316),#280);
#235=STYLED_ITEM('',(#15315),#281);
#236=STYLED_ITEM('',(#15315),#282);
#237=STYLED_ITEM('',(#15318),#7325);
#238=STYLED_ITEM('',(#15318),#7326);
#239=STYLED_ITEM('',(#15318),#7327);
#240=STYLED_ITEM('',(#15311),#7335);
#241=STYLED_ITEM('',(#15311),#7337);
#242=STYLED_ITEM('',(#15315),#283);
#243=STYLED_ITEM('',(#15318),#7361);
#244=STYLED_ITEM('',(#15318),#7362);
#245=STYLED_ITEM('',(#15318),#7363);
#246=STYLED_ITEM('',(#15311),#7371);
#247=STYLED_ITEM('',(#15311),#7373);
#248=STYLED_ITEM('',(#15315),#284);
#249=STYLED_ITEM('',(#15319),#285);
#250=STYLED_ITEM('',(#15315),#286);
#251=STYLED_ITEM('',(#15313),#287);
#252=STYLED_ITEM('',(#15315),#288);
#253=STYLED_ITEM('',(#15315),#289);
#254=STYLED_ITEM('',(#15315),#290);
#255=STYLED_ITEM('',(#15315),#291);
#256=STYLED_ITEM('',(#15313),#292);
#257=STYLED_ITEM('',(#15313),#293);
#258=STYLED_ITEM('',(#15313),#294);
#259=STYLED_ITEM('',(#15315),#295);
#260=STYLED_ITEM('',(#15315),#296);
#261=STYLED_ITEM('',(#15315),#297);
#262=STYLED_ITEM('',(#15315),#298);
#263=STYLED_ITEM('',(#15315),#299);
#264=STYLED_ITEM('',(#15313),#300);
#265=STYLED_ITEM('',(#15313),#301);
#266=STYLED_ITEM('',(#15315),#302);
#267=STYLED_ITEM('',(#15315),#303);
#268=STYLED_ITEM('',(#15315),#304);
#269=STYLED_ITEM('',(#15315),#305);
#270=STYLED_ITEM('',(#15315),#306);
#271=STYLED_ITEM('',(#15315),#307);
#272=STYLED_ITEM('',(#15315),#308);
#273=STYLED_ITEM('',(#15315),#309);
#274=STYLED_ITEM('',(#15315),#310);
#275=MANIFOLD_SOLID_BREP('\X2\30DC30C730A3\X0\1',#7577);
#276=MANIFOLD_SOLID_BREP('\X2\30DC30C730A3\X0\1',#7578);
#277=MANIFOLD_SOLID_BREP('\X2\30DC30C730A3\X0\1',#7579);
#278=MANIFOLD_SOLID_BREP('200mm',#7580);
#279=MANIFOLD_SOLID_BREP('200mm (1)',#7581);
#280=MANIFOLD_SOLID_BREP('\X2\30DC30C330AF30B9\X0\',#7582);
#281=MANIFOLD_SOLID_BREP('550mm',#7583);
#282=MANIFOLD_SOLID_BREP('550mm (1)',#7584);
#283=MANIFOLD_SOLID_BREP('\X2\30AD30E330B930BF30FC\X0\',#7585);
#284=MANIFOLD_SOLID_BREP('\X2\30AD30E330B930BF30FC\X0\ (1)',#7586);
#285=MANIFOLD_SOLID_BREP('\X2\30E230CB30BF30FC\X0\',#7587);
#286=MANIFOLD_SOLID_BREP('100mm (1)',#7588);
#287=MANIFOLD_SOLID_BREP('L\X2\5B5730B830E730A430F330C8\X0\',#7589);
#288=MANIFOLD_SOLID_BREP('100mm (4)',#7590);
#289=MANIFOLD_SOLID_BREP('100mm (7)',#7591);
#290=MANIFOLD_SOLID_BREP('200mm (3)',#7592);
#291=MANIFOLD_SOLID_BREP('200mm (2)',#7593);
#292=MANIFOLD_SOLID_BREP('\X2\30AF30C330B730E730F3\X0\',#7594);
#293=MANIFOLD_SOLID_BREP('\X2\505C6B6230B930A430C330C1\X0\',#7595);
#294=MANIFOLD_SOLID_BREP('GPS\X2\30A230F330C630CA\X0\',#7596);
#295=MANIFOLD_SOLID_BREP('100mm (2)',#7597);
#296=MANIFOLD_SOLID_BREP('100mm (8)',#7598);
#297=MANIFOLD_SOLID_BREP('100mm (5)',#7599);
#298=MANIFOLD_SOLID_BREP('100mm (11)',#7600);
#299=MANIFOLD_SOLID_BREP('100mm (10)',#7601);
#300=MANIFOLD_SOLID_BREP('500mm',#7602);
#301=MANIFOLD_SOLID_BREP('500mm (1)',#7603);
#302=MANIFOLD_SOLID_BREP('500mm (2)',#7604);
#303=MANIFOLD_SOLID_BREP('500mm (3)',#7605);
#304=MANIFOLD_SOLID_BREP('500mm (5)',#7606);
#305=MANIFOLD_SOLID_BREP('500mm (4)',#7607);
#306=MANIFOLD_SOLID_BREP('200mm (4)',#7608);
#307=MANIFOLD_SOLID_BREP('200mm (5)',#7609);
#308=MANIFOLD_SOLID_BREP('200mm (2) (1)',#7610);
#309=MANIFOLD_SOLID_BREP('350mm',#7611);
#310=MANIFOLD_SOLID_BREP('350mm (1)',#7612);
#311=SPHERICAL_SURFACE('',#7663,3.);
#312=SPHERICAL_SURFACE('',#7666,3.);
#313=SPHERICAL_SURFACE('',#7688,2.);
#314=SPHERICAL_SURFACE('',#7693,2.);
#315=SPHERICAL_SURFACE('',#7698,2.);
#316=SPHERICAL_SURFACE('',#7702,2.);
#317=SPHERICAL_SURFACE('',#7707,2.);
#318=SPHERICAL_SURFACE('',#7711,2.);
#319=SPHERICAL_SURFACE('',#7716,2.);
#320=SPHERICAL_SURFACE('',#7721,2.);
#321=SPHERICAL_SURFACE('',#7726,2.);
#322=SPHERICAL_SURFACE('',#7728,2.);
#323=SPHERICAL_SURFACE('',#7744,2.);
#324=SPHERICAL_SURFACE('',#7751,2.);
#325=SPHERICAL_SURFACE('',#7754,2.);
#326=SPHERICAL_SURFACE('',#7758,2.);
#327=SPHERICAL_SURFACE('',#7761,2.);
#328=SPHERICAL_SURFACE('',#7765,2.);
#329=SPHERICAL_SURFACE('',#7771,2.);
#330=SPHERICAL_SURFACE('',#7777,2.);
#331=SPHERICAL_SURFACE('',#7781,2.);
#332=SPHERICAL_SURFACE('',#7786,2.);
#333=SPHERICAL_SURFACE('',#7906,10.);
#334=SPHERICAL_SURFACE('',#7910,10.);
#335=SPHERICAL_SURFACE('',#7915,10.);
#336=SPHERICAL_SURFACE('',#7920,10.);
#337=SPHERICAL_SURFACE('',#7925,10.);
#338=SPHERICAL_SURFACE('',#7931,10.);
#339=SPHERICAL_SURFACE('',#7936,10.);
#340=SPHERICAL_SURFACE('',#7942,10.);
#341=ELLIPSE('',#7657,3.07688126083082,3.);
#342=ELLIPSE('',#7659,3.07688126083082,3.);
#343=ELLIPSE('',#7805,102.530483272049,72.5);
#344=ELLIPSE('',#7807,102.530483272051,72.5);
#345=ELLIPSE('',#7809,102.530483272049,72.5);
#346=ELLIPSE('',#7811,102.530483272049,72.5);
#347=ELLIPSE('',#7813,102.530483272048,72.5);
#348=ELLIPSE('',#7815,102.530483272049,72.5);
#349=ELLIPSE('',#7817,102.530483272049,72.5);
#350=ELLIPSE('',#7819,102.530483272049,72.5);
#351=ELLIPSE('',#7821,102.530483272049,72.5);
#352=ELLIPSE('',#7823,102.530483272049,72.5);
#353=ELLIPSE('',#7825,102.53048327205,72.5);
#354=ELLIPSE('',#7827,102.53048327205,72.5);
#355=CYLINDRICAL_SURFACE('',#7653,3.);
#356=CYLINDRICAL_SURFACE('',#7661,3.);
#357=CYLINDRICAL_SURFACE('',#7669,3.);
#358=CYLINDRICAL_SURFACE('',#7670,3.);
#359=CYLINDRICAL_SURFACE('',#7671,3.);
#360=CYLINDRICAL_SURFACE('',#7675,6.5);
#361=CYLINDRICAL_SURFACE('',#7679,6.5);
#362=CYLINDRICAL_SURFACE('',#7685,2.);
#363=CYLINDRICAL_SURFACE('',#7690,2.);
#364=CYLINDRICAL_SURFACE('',#7695,2.);
#365=CYLINDRICAL_SURFACE('',#7704,2.);
#366=CYLINDRICAL_SURFACE('',#7713,2.);
#367=CYLINDRICAL_SURFACE('',#7718,2.);
#368=CYLINDRICAL_SURFACE('',#7723,2.);
#369=CYLINDRICAL_SURFACE('',#7735,2.);
#370=CYLINDRICAL_SURFACE('',#7738,2.);
#371=CYLINDRICAL_SURFACE('',#7742,2.);
#372=CYLINDRICAL_SURFACE('',#7747,2.);
#373=CYLINDRICAL_SURFACE('',#7756,2.);
#374=CYLINDRICAL_SURFACE('',#7763,2.);
#375=CYLINDRICAL_SURFACE('',#7767,2.);
#376=CYLINDRICAL_SURFACE('',#7769,2.);
#377=CYLINDRICAL_SURFACE('',#7780,2.);
#378=CYLINDRICAL_SURFACE('',#7783,2.);
#379=CYLINDRICAL_SURFACE('',#7788,2.);
#380=CYLINDRICAL_SURFACE('',#7793,6.49999999999991);
#381=CYLINDRICAL_SURFACE('',#7795,110.);
#382=CYLINDRICAL_SURFACE('',#7803,72.5);
#383=CYLINDRICAL_SURFACE('',#7844,12.5);
#384=CYLINDRICAL_SURFACE('',#7846,12.5);
#385=CYLINDRICAL_SURFACE('',#7848,12.5);
#386=CYLINDRICAL_SURFACE('',#7850,12.5);
#387=CYLINDRICAL_SURFACE('',#7852,12.5);
#388=CYLINDRICAL_SURFACE('',#7854,12.5);
#389=CYLINDRICAL_SURFACE('',#7914,10.);
#390=CYLINDRICAL_SURFACE('',#7919,10.);
#391=CYLINDRICAL_SURFACE('',#7924,10.);
#392=CYLINDRICAL_SURFACE('',#7929,10.);
#393=CYLINDRICAL_SURFACE('',#7930,10.);
#394=CYLINDRICAL_SURFACE('',#7935,10.);
#395=CYLINDRICAL_SURFACE('',#7940,10.);
#396=CYLINDRICAL_SURFACE('',#7941,10.);
#397=CYLINDRICAL_SURFACE('',#7946,10.);
#398=CYLINDRICAL_SURFACE('',#7947,10.);
#399=CYLINDRICAL_SURFACE('',#7948,10.);
#400=CYLINDRICAL_SURFACE('',#7949,10.);
#401=CYLINDRICAL_SURFACE('',#7970,50.);
#402=CYLINDRICAL_SURFACE('',#7995,5.841792000449);
#403=CYLINDRICAL_SURFACE('',#7996,9.46423874076217);
#404=CYLINDRICAL_SURFACE('',#8007,9.46423874076217);
#405=CYLINDRICAL_SURFACE('',#8010,9.46423874076217);
#406=CYLINDRICAL_SURFACE('',#8015,50.);
#407=CYLINDRICAL_SURFACE('',#8020,50.);
#408=CYLINDRICAL_SURFACE('',#8045,5.841792000449);
#409=CYLINDRICAL_SURFACE('',#8046,9.46423874076217);
#410=CYLINDRICAL_SURFACE('',#8057,9.46423874076217);
#411=CYLINDRICAL_SURFACE('',#8060,9.46423874076217);
#412=CYLINDRICAL_SURFACE('',#8065,50.);
#413=CYLINDRICAL_SURFACE('',#8079,3.25);
#414=CYLINDRICAL_SURFACE('',#8082,3.24999999999996);
#415=CYLINDRICAL_SURFACE('',#8129,15.3632220775519);
#416=FACE_OUTER_BOUND('',#879,.T.);
#417=FACE_OUTER_BOUND('',#880,.T.);
#418=FACE_OUTER_BOUND('',#881,.T.);
#419=FACE_OUTER_BOUND('',#882,.T.);
#420=FACE_OUTER_BOUND('',#883,.T.);
#421=FACE_OUTER_BOUND('',#884,.T.);
#422=FACE_OUTER_BOUND('',#885,.T.);
#423=FACE_OUTER_BOUND('',#886,.T.);
#424=FACE_OUTER_BOUND('',#887,.T.);
#425=FACE_OUTER_BOUND('',#888,.T.);
#426=FACE_OUTER_BOUND('',#889,.T.);
#427=FACE_OUTER_BOUND('',#890,.T.);
#428=FACE_OUTER_BOUND('',#891,.T.);
#429=FACE_OUTER_BOUND('',#892,.T.);
#430=FACE_OUTER_BOUND('',#893,.T.);
#431=FACE_OUTER_BOUND('',#894,.T.);
#432=FACE_OUTER_BOUND('',#895,.T.);
#433=FACE_OUTER_BOUND('',#896,.T.);
#434=FACE_OUTER_BOUND('',#897,.T.);
#435=FACE_OUTER_BOUND('',#898,.T.);
#436=FACE_OUTER_BOUND('',#899,.T.);
#437=FACE_OUTER_BOUND('',#900,.T.);
#438=FACE_OUTER_BOUND('',#901,.T.);
#439=FACE_OUTER_BOUND('',#902,.T.);
#440=FACE_OUTER_BOUND('',#903,.T.);
#441=FACE_OUTER_BOUND('',#904,.T.);
#442=FACE_OUTER_BOUND('',#905,.T.);
#443=FACE_OUTER_BOUND('',#906,.T.);
#444=FACE_OUTER_BOUND('',#907,.T.);
#445=FACE_OUTER_BOUND('',#908,.T.);
#446=FACE_OUTER_BOUND('',#909,.T.);
#447=FACE_OUTER_BOUND('',#910,.T.);
#448=FACE_OUTER_BOUND('',#911,.T.);
#449=FACE_OUTER_BOUND('',#912,.T.);
#450=FACE_OUTER_BOUND('',#913,.T.);
#451=FACE_OUTER_BOUND('',#914,.T.);
#452=FACE_OUTER_BOUND('',#915,.T.);
#453=FACE_OUTER_BOUND('',#916,.T.);
#454=FACE_OUTER_BOUND('',#917,.T.);
#455=FACE_OUTER_BOUND('',#918,.T.);
#456=FACE_OUTER_BOUND('',#919,.T.);
#457=FACE_OUTER_BOUND('',#920,.T.);
#458=FACE_OUTER_BOUND('',#921,.T.);
#459=FACE_OUTER_BOUND('',#922,.T.);
#460=FACE_OUTER_BOUND('',#923,.T.);
#461=FACE_OUTER_BOUND('',#924,.T.);
#462=FACE_OUTER_BOUND('',#925,.T.);
#463=FACE_OUTER_BOUND('',#926,.T.);
#464=FACE_OUTER_BOUND('',#927,.T.);
#465=FACE_OUTER_BOUND('',#929,.T.);
#466=FACE_OUTER_BOUND('',#930,.T.);
#467=FACE_OUTER_BOUND('',#931,.T.);
#468=FACE_OUTER_BOUND('',#932,.T.);
#469=FACE_OUTER_BOUND('',#933,.T.);
#470=FACE_OUTER_BOUND('',#934,.T.);
#471=FACE_OUTER_BOUND('',#935,.T.);
#472=FACE_OUTER_BOUND('',#936,.T.);
#473=FACE_OUTER_BOUND('',#937,.T.);
#474=FACE_OUTER_BOUND('',#938,.T.);
#475=FACE_OUTER_BOUND('',#939,.T.);
#476=FACE_OUTER_BOUND('',#940,.T.);
#477=FACE_OUTER_BOUND('',#941,.T.);
#478=FACE_OUTER_BOUND('',#942,.T.);
#479=FACE_OUTER_BOUND('',#943,.T.);
#480=FACE_OUTER_BOUND('',#944,.T.);
#481=FACE_OUTER_BOUND('',#945,.T.);
#482=FACE_OUTER_BOUND('',#946,.T.);
#483=FACE_OUTER_BOUND('',#947,.T.);
#484=FACE_OUTER_BOUND('',#948,.T.);
#485=FACE_OUTER_BOUND('',#949,.T.);
#486=FACE_OUTER_BOUND('',#951,.T.);
#487=FACE_OUTER_BOUND('',#952,.T.);
#488=FACE_OUTER_BOUND('',#953,.T.);
#489=FACE_OUTER_BOUND('',#954,.T.);
#490=FACE_OUTER_BOUND('',#955,.T.);
#491=FACE_OUTER_BOUND('',#956,.T.);
#492=FACE_OUTER_BOUND('',#957,.T.);
#493=FACE_OUTER_BOUND('',#958,.T.);
#494=FACE_OUTER_BOUND('',#959,.T.);
#495=FACE_OUTER_BOUND('',#960,.T.);
#496=FACE_OUTER_BOUND('',#961,.T.);
#497=FACE_OUTER_BOUND('',#962,.T.);
#498=FACE_OUTER_BOUND('',#963,.T.);
#499=FACE_OUTER_BOUND('',#964,.T.);
#500=FACE_OUTER_BOUND('',#965,.T.);
#501=FACE_OUTER_BOUND('',#966,.T.);
#502=FACE_OUTER_BOUND('',#967,.T.);
#503=FACE_OUTER_BOUND('',#968,.T.);
#504=FACE_OUTER_BOUND('',#969,.T.);
#505=FACE_OUTER_BOUND('',#971,.T.);
#506=FACE_OUTER_BOUND('',#972,.T.);
#507=FACE_OUTER_BOUND('',#974,.T.);
#508=FACE_OUTER_BOUND('',#975,.T.);
#509=FACE_OUTER_BOUND('',#976,.T.);
#510=FACE_OUTER_BOUND('',#977,.T.);
#511=FACE_OUTER_BOUND('',#978,.T.);
#512=FACE_OUTER_BOUND('',#979,.T.);
#513=FACE_OUTER_BOUND('',#980,.T.);
#514=FACE_OUTER_BOUND('',#981,.T.);
#515=FACE_OUTER_BOUND('',#982,.T.);
#516=FACE_OUTER_BOUND('',#983,.T.);
#517=FACE_OUTER_BOUND('',#984,.T.);
#518=FACE_OUTER_BOUND('',#985,.T.);
#519=FACE_OUTER_BOUND('',#986,.T.);
#520=FACE_OUTER_BOUND('',#987,.T.);
#521=FACE_OUTER_BOUND('',#988,.T.);
#522=FACE_OUTER_BOUND('',#989,.T.);
#523=FACE_OUTER_BOUND('',#990,.T.);
#524=FACE_OUTER_BOUND('',#991,.T.);
#525=FACE_OUTER_BOUND('',#992,.T.);
#526=FACE_OUTER_BOUND('',#993,.T.);
#527=FACE_OUTER_BOUND('',#994,.T.);
#528=FACE_OUTER_BOUND('',#995,.T.);
#529=FACE_OUTER_BOUND('',#996,.T.);
#530=FACE_OUTER_BOUND('',#997,.T.);
#531=FACE_OUTER_BOUND('',#998,.T.);
#532=FACE_OUTER_BOUND('',#999,.T.);
#533=FACE_OUTER_BOUND('',#1000,.T.);
#534=FACE_OUTER_BOUND('',#1001,.T.);
#535=FACE_OUTER_BOUND('',#1002,.T.);
#536=FACE_OUTER_BOUND('',#1003,.T.);
#537=FACE_OUTER_BOUND('',#1004,.T.);
#538=FACE_OUTER_BOUND('',#1005,.T.);
#539=FACE_OUTER_BOUND('',#1006,.T.);
#540=FACE_OUTER_BOUND('',#1007,.T.);
#541=FACE_OUTER_BOUND('',#1008,.T.);
#542=FACE_OUTER_BOUND('',#1009,.T.);
#543=FACE_OUTER_BOUND('',#1010,.T.);
#544=FACE_OUTER_BOUND('',#1011,.T.);
#545=FACE_OUTER_BOUND('',#1012,.T.);
#546=FACE_OUTER_BOUND('',#1013,.T.);
#547=FACE_OUTER_BOUND('',#1014,.T.);
#548=FACE_OUTER_BOUND('',#1015,.T.);
#549=FACE_OUTER_BOUND('',#1016,.T.);
#550=FACE_OUTER_BOUND('',#1017,.T.);
#551=FACE_OUTER_BOUND('',#1018,.T.);
#552=FACE_OUTER_BOUND('',#1019,.T.);
#553=FACE_OUTER_BOUND('',#1020,.T.);
#554=FACE_OUTER_BOUND('',#1021,.T.);
#555=FACE_OUTER_BOUND('',#1022,.T.);
#556=FACE_OUTER_BOUND('',#1023,.T.);
#557=FACE_OUTER_BOUND('',#1024,.T.);
#558=FACE_OUTER_BOUND('',#1025,.T.);
#559=FACE_OUTER_BOUND('',#1026,.T.);
#560=FACE_OUTER_BOUND('',#1027,.T.);
#561=FACE_OUTER_BOUND('',#1028,.T.);
#562=FACE_OUTER_BOUND('',#1029,.T.);
#563=FACE_OUTER_BOUND('',#1030,.T.);
#564=FACE_OUTER_BOUND('',#1031,.T.);
#565=FACE_OUTER_BOUND('',#1032,.T.);
#566=FACE_OUTER_BOUND('',#1033,.T.);
#567=FACE_OUTER_BOUND('',#1034,.T.);
#568=FACE_OUTER_BOUND('',#1035,.T.);
#569=FACE_OUTER_BOUND('',#1036,.T.);
#570=FACE_OUTER_BOUND('',#1037,.T.);
#571=FACE_OUTER_BOUND('',#1038,.T.);
#572=FACE_OUTER_BOUND('',#1039,.T.);
#573=FACE_OUTER_BOUND('',#1040,.T.);
#574=FACE_OUTER_BOUND('',#1041,.T.);
#575=FACE_OUTER_BOUND('',#1042,.T.);
#576=FACE_OUTER_BOUND('',#1043,.T.);
#577=FACE_OUTER_BOUND('',#1044,.T.);
#578=FACE_OUTER_BOUND('',#1045,.T.);
#579=FACE_OUTER_BOUND('',#1046,.T.);
#580=FACE_OUTER_BOUND('',#1047,.T.);
#581=FACE_OUTER_BOUND('',#1048,.T.);
#582=FACE_OUTER_BOUND('',#1049,.T.);
#583=FACE_OUTER_BOUND('',#1050,.T.);
#584=FACE_OUTER_BOUND('',#1051,.T.);
#585=FACE_OUTER_BOUND('',#1052,.T.);
#586=FACE_OUTER_BOUND('',#1053,.T.);
#587=FACE_OUTER_BOUND('',#1054,.T.);
#588=FACE_OUTER_BOUND('',#1055,.T.);
#589=FACE_OUTER_BOUND('',#1056,.T.);
#590=FACE_OUTER_BOUND('',#1057,.T.);
#591=FACE_OUTER_BOUND('',#1058,.T.);
#592=FACE_OUTER_BOUND('',#1059,.T.);
#593=FACE_OUTER_BOUND('',#1060,.T.);
#594=FACE_OUTER_BOUND('',#1061,.T.);
#595=FACE_OUTER_BOUND('',#1062,.T.);
#596=FACE_OUTER_BOUND('',#1063,.T.);
#597=FACE_OUTER_BOUND('',#1064,.T.);
#598=FACE_OUTER_BOUND('',#1065,.T.);
#599=FACE_OUTER_BOUND('',#1066,.T.);
#600=FACE_OUTER_BOUND('',#1067,.T.);
#601=FACE_OUTER_BOUND('',#1068,.T.);
#602=FACE_OUTER_BOUND('',#1069,.T.);
#603=FACE_OUTER_BOUND('',#1070,.T.);
#604=FACE_OUTER_BOUND('',#1071,.T.);
#605=FACE_OUTER_BOUND('',#1072,.T.);
#606=FACE_OUTER_BOUND('',#1073,.T.);
#607=FACE_OUTER_BOUND('',#1074,.T.);
#608=FACE_OUTER_BOUND('',#1075,.T.);
#609=FACE_OUTER_BOUND('',#1076,.T.);
#610=FACE_OUTER_BOUND('',#1077,.T.);
#611=FACE_OUTER_BOUND('',#1078,.T.);
#612=FACE_OUTER_BOUND('',#1079,.T.);
#613=FACE_OUTER_BOUND('',#1080,.T.);
#614=FACE_OUTER_BOUND('',#1081,.T.);
#615=FACE_OUTER_BOUND('',#1082,.T.);
#616=FACE_OUTER_BOUND('',#1083,.T.);
#617=FACE_OUTER_BOUND('',#1084,.T.);
#618=FACE_OUTER_BOUND('',#1085,.T.);
#619=FACE_OUTER_BOUND('',#1086,.T.);
#620=FACE_OUTER_BOUND('',#1087,.T.);
#621=FACE_OUTER_BOUND('',#1088,.T.);
#622=FACE_OUTER_BOUND('',#1089,.T.);
#623=FACE_OUTER_BOUND('',#1090,.T.);
#624=FACE_OUTER_BOUND('',#1091,.T.);
#625=FACE_OUTER_BOUND('',#1092,.T.);
#626=FACE_OUTER_BOUND('',#1093,.T.);
#627=FACE_OUTER_BOUND('',#1094,.T.);
#628=FACE_OUTER_BOUND('',#1095,.T.);
#629=FACE_OUTER_BOUND('',#1096,.T.);
#630=FACE_OUTER_BOUND('',#1097,.T.);
#631=FACE_OUTER_BOUND('',#1098,.T.);
#632=FACE_OUTER_BOUND('',#1099,.T.);
#633=FACE_OUTER_BOUND('',#1100,.T.);
#634=FACE_OUTER_BOUND('',#1102,.T.);
#635=FACE_OUTER_BOUND('',#1103,.T.);
#636=FACE_OUTER_BOUND('',#1105,.T.);
#637=FACE_OUTER_BOUND('',#1106,.T.);
#638=FACE_OUTER_BOUND('',#1107,.T.);
#639=FACE_OUTER_BOUND('',#1108,.T.);
#640=FACE_OUTER_BOUND('',#1109,.T.);
#641=FACE_OUTER_BOUND('',#1110,.T.);
#642=FACE_OUTER_BOUND('',#1111,.T.);
#643=FACE_OUTER_BOUND('',#1112,.T.);
#644=FACE_OUTER_BOUND('',#1113,.T.);
#645=FACE_OUTER_BOUND('',#1114,.T.);
#646=FACE_OUTER_BOUND('',#1115,.T.);
#647=FACE_OUTER_BOUND('',#1116,.T.);
#648=FACE_OUTER_BOUND('',#1117,.T.);
#649=FACE_OUTER_BOUND('',#1118,.T.);
#650=FACE_OUTER_BOUND('',#1119,.T.);
#651=FACE_OUTER_BOUND('',#1120,.T.);
#652=FACE_OUTER_BOUND('',#1121,.T.);
#653=FACE_OUTER_BOUND('',#1122,.T.);
#654=FACE_OUTER_BOUND('',#1123,.T.);
#655=FACE_OUTER_BOUND('',#1124,.T.);
#656=FACE_OUTER_BOUND('',#1125,.T.);
#657=FACE_OUTER_BOUND('',#1126,.T.);
#658=FACE_OUTER_BOUND('',#1127,.T.);
#659=FACE_OUTER_BOUND('',#1128,.T.);
#660=FACE_OUTER_BOUND('',#1129,.T.);
#661=FACE_OUTER_BOUND('',#1130,.T.);
#662=FACE_OUTER_BOUND('',#1131,.T.);
#663=FACE_OUTER_BOUND('',#1132,.T.);
#664=FACE_OUTER_BOUND('',#1133,.T.);
#665=FACE_OUTER_BOUND('',#1134,.T.);
#666=FACE_OUTER_BOUND('',#1135,.T.);
#667=FACE_OUTER_BOUND('',#1136,.T.);
#668=FACE_OUTER_BOUND('',#1137,.T.);
#669=FACE_OUTER_BOUND('',#1138,.T.);
#670=FACE_OUTER_BOUND('',#1140,.T.);
#671=FACE_OUTER_BOUND('',#1141,.T.);
#672=FACE_OUTER_BOUND('',#1143,.T.);
#673=FACE_OUTER_BOUND('',#1144,.T.);
#674=FACE_OUTER_BOUND('',#1145,.T.);
#675=FACE_OUTER_BOUND('',#1146,.T.);
#676=FACE_OUTER_BOUND('',#1147,.T.);
#677=FACE_OUTER_BOUND('',#1148,.T.);
#678=FACE_OUTER_BOUND('',#1149,.T.);
#679=FACE_OUTER_BOUND('',#1150,.T.);
#680=FACE_OUTER_BOUND('',#1151,.T.);
#681=FACE_OUTER_BOUND('',#1152,.T.);
#682=FACE_OUTER_BOUND('',#1153,.T.);
#683=FACE_OUTER_BOUND('',#1154,.T.);
#684=FACE_OUTER_BOUND('',#1155,.T.);
#685=FACE_OUTER_BOUND('',#1156,.T.);
#686=FACE_OUTER_BOUND('',#1157,.T.);
#687=FACE_OUTER_BOUND('',#1158,.T.);
#688=FACE_OUTER_BOUND('',#1159,.T.);
#689=FACE_OUTER_BOUND('',#1160,.T.);
#690=FACE_OUTER_BOUND('',#1161,.T.);
#691=FACE_OUTER_BOUND('',#1162,.T.);
#692=FACE_OUTER_BOUND('',#1163,.T.);
#693=FACE_OUTER_BOUND('',#1164,.T.);
#694=FACE_OUTER_BOUND('',#1165,.T.);
#695=FACE_OUTER_BOUND('',#1166,.T.);
#696=FACE_OUTER_BOUND('',#1167,.T.);
#697=FACE_OUTER_BOUND('',#1168,.T.);
#698=FACE_OUTER_BOUND('',#1169,.T.);
#699=FACE_OUTER_BOUND('',#1170,.T.);
#700=FACE_OUTER_BOUND('',#1171,.T.);
#701=FACE_OUTER_BOUND('',#1172,.T.);
#702=FACE_OUTER_BOUND('',#1173,.T.);
#703=FACE_OUTER_BOUND('',#1174,.T.);
#704=FACE_OUTER_BOUND('',#1175,.T.);
#705=FACE_OUTER_BOUND('',#1176,.T.);
#706=FACE_OUTER_BOUND('',#1177,.T.);
#707=FACE_OUTER_BOUND('',#1178,.T.);
#708=FACE_OUTER_BOUND('',#1179,.T.);
#709=FACE_OUTER_BOUND('',#1180,.T.);
#710=FACE_OUTER_BOUND('',#1181,.T.);
#711=FACE_OUTER_BOUND('',#1182,.T.);
#712=FACE_OUTER_BOUND('',#1183,.T.);
#713=FACE_OUTER_BOUND('',#1184,.T.);
#714=FACE_OUTER_BOUND('',#1185,.T.);
#715=FACE_OUTER_BOUND('',#1186,.T.);
#716=FACE_OUTER_BOUND('',#1188,.T.);
#717=FACE_OUTER_BOUND('',#1189,.T.);
#718=FACE_OUTER_BOUND('',#1191,.T.);
#719=FACE_OUTER_BOUND('',#1192,.T.);
#720=FACE_OUTER_BOUND('',#1193,.T.);
#721=FACE_OUTER_BOUND('',#1194,.T.);
#722=FACE_OUTER_BOUND('',#1196,.T.);
#723=FACE_OUTER_BOUND('',#1198,.T.);
#724=FACE_OUTER_BOUND('',#1199,.T.);
#725=FACE_OUTER_BOUND('',#1200,.T.);
#726=FACE_OUTER_BOUND('',#1201,.T.);
#727=FACE_OUTER_BOUND('',#1202,.T.);
#728=FACE_OUTER_BOUND('',#1203,.T.);
#729=FACE_OUTER_BOUND('',#1204,.T.);
#730=FACE_OUTER_BOUND('',#1205,.T.);
#731=FACE_OUTER_BOUND('',#1206,.T.);
#732=FACE_OUTER_BOUND('',#1207,.T.);
#733=FACE_OUTER_BOUND('',#1208,.T.);
#734=FACE_OUTER_BOUND('',#1209,.T.);
#735=FACE_OUTER_BOUND('',#1210,.T.);
#736=FACE_OUTER_BOUND('',#1211,.T.);
#737=FACE_OUTER_BOUND('',#1212,.T.);
#738=FACE_OUTER_BOUND('',#1213,.T.);
#739=FACE_OUTER_BOUND('',#1214,.T.);
#740=FACE_OUTER_BOUND('',#1215,.T.);
#741=FACE_OUTER_BOUND('',#1216,.T.);
#742=FACE_OUTER_BOUND('',#1217,.T.);
#743=FACE_OUTER_BOUND('',#1218,.T.);
#744=FACE_OUTER_BOUND('',#1219,.T.);
#745=FACE_OUTER_BOUND('',#1220,.T.);
#746=FACE_OUTER_BOUND('',#1221,.T.);
#747=FACE_OUTER_BOUND('',#1222,.T.);
#748=FACE_OUTER_BOUND('',#1223,.T.);
#749=FACE_OUTER_BOUND('',#1224,.T.);
#750=FACE_OUTER_BOUND('',#1225,.T.);
#751=FACE_OUTER_BOUND('',#1226,.T.);
#752=FACE_OUTER_BOUND('',#1227,.T.);
#753=FACE_OUTER_BOUND('',#1228,.T.);
#754=FACE_OUTER_BOUND('',#1229,.T.);
#755=FACE_OUTER_BOUND('',#1230,.T.);
#756=FACE_OUTER_BOUND('',#1231,.T.);
#757=FACE_OUTER_BOUND('',#1232,.T.);
#758=FACE_OUTER_BOUND('',#1233,.T.);
#759=FACE_OUTER_BOUND('',#1234,.T.);
#760=FACE_OUTER_BOUND('',#1235,.T.);
#761=FACE_OUTER_BOUND('',#1236,.T.);
#762=FACE_OUTER_BOUND('',#1237,.T.);
#763=FACE_OUTER_BOUND('',#1238,.T.);
#764=FACE_OUTER_BOUND('',#1240,.T.);
#765=FACE_OUTER_BOUND('',#1241,.T.);
#766=FACE_OUTER_BOUND('',#1242,.T.);
#767=FACE_OUTER_BOUND('',#1243,.T.);
#768=FACE_OUTER_BOUND('',#1244,.T.);
#769=FACE_OUTER_BOUND('',#1245,.T.);
#770=FACE_OUTER_BOUND('',#1246,.T.);
#771=FACE_OUTER_BOUND('',#1247,.T.);
#772=FACE_OUTER_BOUND('',#1248,.T.);
#773=FACE_OUTER_BOUND('',#1249,.T.);
#774=FACE_OUTER_BOUND('',#1250,.T.);
#775=FACE_OUTER_BOUND('',#1251,.T.);
#776=FACE_OUTER_BOUND('',#1252,.T.);
#777=FACE_OUTER_BOUND('',#1253,.T.);
#778=FACE_OUTER_BOUND('',#1254,.T.);
#779=FACE_OUTER_BOUND('',#1255,.T.);
#780=FACE_OUTER_BOUND('',#1256,.T.);
#781=FACE_OUTER_BOUND('',#1257,.T.);
#782=FACE_OUTER_BOUND('',#1258,.T.);
#783=FACE_OUTER_BOUND('',#1259,.T.);
#784=FACE_OUTER_BOUND('',#1260,.T.);
#785=FACE_OUTER_BOUND('',#1261,.T.);
#786=FACE_OUTER_BOUND('',#1262,.T.);
#787=FACE_OUTER_BOUND('',#1263,.T.);
#788=FACE_OUTER_BOUND('',#1264,.T.);
#789=FACE_OUTER_BOUND('',#1265,.T.);
#790=FACE_OUTER_BOUND('',#1266,.T.);
#791=FACE_OUTER_BOUND('',#1267,.T.);
#792=FACE_OUTER_BOUND('',#1268,.T.);
#793=FACE_OUTER_BOUND('',#1269,.T.);
#794=FACE_OUTER_BOUND('',#1270,.T.);
#795=FACE_OUTER_BOUND('',#1271,.T.);
#796=FACE_OUTER_BOUND('',#1272,.T.);
#797=FACE_OUTER_BOUND('',#1273,.T.);
#798=FACE_OUTER_BOUND('',#1274,.T.);
#799=FACE_OUTER_BOUND('',#1275,.T.);
#800=FACE_OUTER_BOUND('',#1276,.T.);
#801=FACE_OUTER_BOUND('',#1277,.T.);
#802=FACE_OUTER_BOUND('',#1278,.T.);
#803=FACE_OUTER_BOUND('',#1279,.T.);
#804=FACE_OUTER_BOUND('',#1280,.T.);
#805=FACE_OUTER_BOUND('',#1281,.T.);
#806=FACE_OUTER_BOUND('',#1282,.T.);
#807=FACE_OUTER_BOUND('',#1283,.T.);
#808=FACE_OUTER_BOUND('',#1284,.T.);
#809=FACE_OUTER_BOUND('',#1285,.T.);
#810=FACE_OUTER_BOUND('',#1286,.T.);
#811=FACE_OUTER_BOUND('',#1287,.T.);
#812=FACE_OUTER_BOUND('',#1288,.T.);
#813=FACE_OUTER_BOUND('',#1289,.T.);
#814=FACE_OUTER_BOUND('',#1290,.T.);
#815=FACE_OUTER_BOUND('',#1291,.T.);
#816=FACE_OUTER_BOUND('',#1292,.T.);
#817=FACE_OUTER_BOUND('',#1293,.T.);
#818=FACE_OUTER_BOUND('',#1294,.T.);
#819=FACE_OUTER_BOUND('',#1295,.T.);
#820=FACE_OUTER_BOUND('',#1296,.T.);
#821=FACE_OUTER_BOUND('',#1297,.T.);
#822=FACE_OUTER_BOUND('',#1298,.T.);
#823=FACE_OUTER_BOUND('',#1299,.T.);
#824=FACE_OUTER_BOUND('',#1300,.T.);
#825=FACE_OUTER_BOUND('',#1301,.T.);
#826=FACE_OUTER_BOUND('',#1302,.T.);
#827=FACE_OUTER_BOUND('',#1303,.T.);
#828=FACE_OUTER_BOUND('',#1304,.T.);
#829=FACE_OUTER_BOUND('',#1305,.T.);
#830=FACE_OUTER_BOUND('',#1306,.T.);
#831=FACE_OUTER_BOUND('',#1307,.T.);
#832=FACE_OUTER_BOUND('',#1308,.T.);
#833=FACE_OUTER_BOUND('',#1309,.T.);
#834=FACE_OUTER_BOUND('',#1310,.T.);
#835=FACE_OUTER_BOUND('',#1311,.T.);
#836=FACE_OUTER_BOUND('',#1312,.T.);
#837=FACE_OUTER_BOUND('',#1313,.T.);
#838=FACE_OUTER_BOUND('',#1314,.T.);
#839=FACE_OUTER_BOUND('',#1315,.T.);
#840=FACE_OUTER_BOUND('',#1316,.T.);
#841=FACE_OUTER_BOUND('',#1317,.T.);
#842=FACE_OUTER_BOUND('',#1318,.T.);
#843=FACE_OUTER_BOUND('',#1319,.T.);
#844=FACE_OUTER_BOUND('',#1320,.T.);
#845=FACE_OUTER_BOUND('',#1321,.T.);
#846=FACE_OUTER_BOUND('',#1322,.T.);
#847=FACE_OUTER_BOUND('',#1323,.T.);
#848=FACE_OUTER_BOUND('',#1324,.T.);
#849=FACE_OUTER_BOUND('',#1325,.T.);
#850=FACE_OUTER_BOUND('',#1326,.T.);
#851=FACE_OUTER_BOUND('',#1327,.T.);
#852=FACE_OUTER_BOUND('',#1328,.T.);
#853=FACE_OUTER_BOUND('',#1329,.T.);
#854=FACE_OUTER_BOUND('',#1330,.T.);
#855=FACE_OUTER_BOUND('',#1331,.T.);
#856=FACE_OUTER_BOUND('',#1332,.T.);
#857=FACE_OUTER_BOUND('',#1333,.T.);
#858=FACE_OUTER_BOUND('',#1334,.T.);
#859=FACE_OUTER_BOUND('',#1335,.T.);
#860=FACE_OUTER_BOUND('',#1336,.T.);
#861=FACE_OUTER_BOUND('',#1337,.T.);
#862=FACE_OUTER_BOUND('',#1338,.T.);
#863=FACE_OUTER_BOUND('',#1339,.T.);
#864=FACE_OUTER_BOUND('',#1340,.T.);
#865=FACE_OUTER_BOUND('',#1341,.T.);
#866=FACE_OUTER_BOUND('',#1342,.T.);
#867=FACE_OUTER_BOUND('',#1343,.T.);
#868=FACE_OUTER_BOUND('',#1344,.T.);
#869=FACE_OUTER_BOUND('',#1345,.T.);
#870=FACE_OUTER_BOUND('',#1346,.T.);
#871=FACE_OUTER_BOUND('',#1347,.T.);
#872=FACE_OUTER_BOUND('',#1348,.T.);
#873=FACE_OUTER_BOUND('',#1349,.T.);
#874=FACE_OUTER_BOUND('',#1350,.T.);
#875=FACE_OUTER_BOUND('',#1351,.T.);
#876=FACE_OUTER_BOUND('',#1352,.T.);
#877=FACE_OUTER_BOUND('',#1353,.T.);
#878=FACE_OUTER_BOUND('',#1354,.T.);
#879=EDGE_LOOP('',(#4716,#4717,#4718,#4719,#4720,#4721,#4722,#4723));
#880=EDGE_LOOP('',(#4724,#4725,#4726,#4727));
#881=EDGE_LOOP('',(#4728,#4729,#4730,#4731));
#882=EDGE_LOOP('',(#4732,#4733,#4734,#4735));
#883=EDGE_LOOP('',(#4736,#4737,#4738,#4739,#4740));
#884=EDGE_LOOP('',(#4741,#4742,#4743,#4744,#4745));
#885=EDGE_LOOP('',(#4746,#4747,#4748,#4749));
#886=EDGE_LOOP('',(#4750,#4751,#4752,#4753));
#887=EDGE_LOOP('',(#4754,#4755,#4756));
#888=EDGE_LOOP('',(#4757,#4758,#4759));
#889=EDGE_LOOP('',(#4760,#4761,#4762,#4763));
#890=EDGE_LOOP('',(#4764,#4765,#4766,#4767));
#891=EDGE_LOOP('',(#4768,#4769,#4770,#4771));
#892=EDGE_LOOP('',(#4772,#4773,#4774,#4775));
#893=EDGE_LOOP('',(#4776,#4777,#4778,#4779,#4780,#4781));
#894=EDGE_LOOP('',(#4782,#4783,#4784,#4785));
#895=EDGE_LOOP('',(#4786));
#896=EDGE_LOOP('',(#4787,#4788,#4789,#4790));
#897=EDGE_LOOP('',(#4791));
#898=EDGE_LOOP('',(#4792,#4793,#4794,#4795));
#899=EDGE_LOOP('',(#4796,#4797,#4798,#4799));
#900=EDGE_LOOP('',(#4800,#4801,#4802,#4803));
#901=EDGE_LOOP('',(#4804,#4805,#4806));
#902=EDGE_LOOP('',(#4807,#4808,#4809,#4810));
#903=EDGE_LOOP('',(#4811,#4812,#4813));
#904=EDGE_LOOP('',(#4814,#4815,#4816,#4817));
#905=EDGE_LOOP('',(#4818,#4819,#4820));
#906=EDGE_LOOP('',(#4821,#4822,#4823,#4824));
#907=EDGE_LOOP('',(#4825,#4826,#4827));
#908=EDGE_LOOP('',(#4828,#4829,#4830,#4831));
#909=EDGE_LOOP('',(#4832,#4833,#4834));
#910=EDGE_LOOP('',(#4835,#4836,#4837,#4838));
#911=EDGE_LOOP('',(#4839,#4840,#4841));
#912=EDGE_LOOP('',(#4842,#4843,#4844,#4845));
#913=EDGE_LOOP('',(#4846,#4847,#4848));
#914=EDGE_LOOP('',(#4849,#4850,#4851,#4852));
#915=EDGE_LOOP('',(#4853,#4854,#4855));
#916=EDGE_LOOP('',(#4856,#4857,#4858,#4859));
#917=EDGE_LOOP('',(#4860,#4861,#4862));
#918=EDGE_LOOP('',(#4863,#4864,#4865));
#919=EDGE_LOOP('',(#4866,#4867,#4868,#4869));
#920=EDGE_LOOP('',(#4870,#4871,#4872,#4873));
#921=EDGE_LOOP('',(#4874,#4875,#4876,#4877));
#922=EDGE_LOOP('',(#4878,#4879,#4880,#4881));
#923=EDGE_LOOP('',(#4882,#4883,#4884,#4885));
#924=EDGE_LOOP('',(#4886,#4887,#4888,#4889));
#925=EDGE_LOOP('',(#4890,#4891,#4892,#4893));
#926=EDGE_LOOP('',(#4894,#4895,#4896,#4897));
#927=EDGE_LOOP('',(#4898,#4899,#4900,#4901));
#928=EDGE_LOOP('',(#4902));
#929=EDGE_LOOP('',(#4903,#4904,#4905,#4906));
#930=EDGE_LOOP('',(#4907,#4908,#4909,#4910));
#931=EDGE_LOOP('',(#4911,#4912,#4913,#4914,#4915,#4916,#4917,#4918,#4919,
#4920,#4921));
#932=EDGE_LOOP('',(#4922,#4923,#4924,#4925));
#933=EDGE_LOOP('',(#4926,#4927,#4928));
#934=EDGE_LOOP('',(#4929,#4930,#4931,#4932));
#935=EDGE_LOOP('',(#4933,#4934,#4935,#4936));
#936=EDGE_LOOP('',(#4937,#4938,#4939,#4940));
#937=EDGE_LOOP('',(#4941,#4942,#4943));
#938=EDGE_LOOP('',(#4944,#4945,#4946,#4947));
#939=EDGE_LOOP('',(#4948,#4949,#4950));
#940=EDGE_LOOP('',(#4951,#4952,#4953,#4954));
#941=EDGE_LOOP('',(#4955,#4956,#4957));
#942=EDGE_LOOP('',(#4958,#4959,#4960,#4961));
#943=EDGE_LOOP('',(#4962,#4963,#4964));
#944=EDGE_LOOP('',(#4965,#4966,#4967,#4968));
#945=EDGE_LOOP('',(#4969,#4970,#4971));
#946=EDGE_LOOP('',(#4972,#4973,#4974,#4975));
#947=EDGE_LOOP('',(#4976,#4977,#4978,#4979));
#948=EDGE_LOOP('',(#4980,#4981,#4982));
#949=EDGE_LOOP('',(#4983,#4984,#4985,#4986));
#950=EDGE_LOOP('',(#4987));
#951=EDGE_LOOP('',(#4988,#4989,#4990,#4991));
#952=EDGE_LOOP('',(#4992,#4993,#4994,#4995));
#953=EDGE_LOOP('',(#4996,#4997,#4998));
#954=EDGE_LOOP('',(#4999,#5000,#5001,#5002));
#955=EDGE_LOOP('',(#5003,#5004,#5005));
#956=EDGE_LOOP('',(#5006,#5007,#5008,#5009));
#957=EDGE_LOOP('',(#5010,#5011,#5012,#5013));
#958=EDGE_LOOP('',(#5014,#5015,#5016));
#959=EDGE_LOOP('',(#5017,#5018,#5019,#5020));
#960=EDGE_LOOP('',(#5021,#5022,#5023,#5024));
#961=EDGE_LOOP('',(#5025,#5026,#5027,#5028));
#962=EDGE_LOOP('',(#5029,#5030,#5031,#5032));
#963=EDGE_LOOP('',(#5033,#5034,#5035,#5036,#5037,#5038,#5039,#5040,#5041,
#5042,#5043));
#964=EDGE_LOOP('',(#5044,#5045,#5046,#5047));
#965=EDGE_LOOP('',(#5048));
#966=EDGE_LOOP('',(#5049,#5050,#5051,#5052));
#967=EDGE_LOOP('',(#5053,#5054,#5055,#5056));
#968=EDGE_LOOP('',(#5057,#5058,#5059,#5060));
#969=EDGE_LOOP('',(#5061));
#970=EDGE_LOOP('',(#5062));
#971=EDGE_LOOP('',(#5063,#5064,#5065,#5066));
#972=EDGE_LOOP('',(#5067));
#973=EDGE_LOOP('',(#5068));
#974=EDGE_LOOP('',(#5069,#5070,#5071,#5072,#5073));
#975=EDGE_LOOP('',(#5074,#5075,#5076,#5077,#5078,#5079,#5080,#5081,#5082,
#5083,#5084,#5085,#5086,#5087,#5088,#5089,#5090,#5091,#5092,#5093,#5094,
#5095,#5096,#5097,#5098,#5099,#5100,#5101,#5102,#5103,#5104,#5105,#5106,
#5107,#5108,#5109,#5110,#5111,#5112,#5113,#5114));
#976=EDGE_LOOP('',(#5115,#5116,#5117,#5118,#5119,#5120,#5121,#5122,#5123,
#5124,#5125,#5126,#5127,#5128,#5129,#5130));
#977=EDGE_LOOP('',(#5131,#5132,#5133,#5134,#5135,#5136));
#978=EDGE_LOOP('',(#5137,#5138,#5139,#5140,#5141,#5142,#5143));
#979=EDGE_LOOP('',(#5144,#5145,#5146,#5147,#5148,#5149));
#980=EDGE_LOOP('',(#5150,#5151,#5152,#5153,#5154,#5155));
#981=EDGE_LOOP('',(#5156,#5157,#5158,#5159,#5160,#5161));
#982=EDGE_LOOP('',(#5162,#5163,#5164,#5165,#5166,#5167));
#983=EDGE_LOOP('',(#5168));
#984=EDGE_LOOP('',(#5169,#5170,#5171,#5172));
#985=EDGE_LOOP('',(#5173,#5174,#5175,#5176));
#986=EDGE_LOOP('',(#5177,#5178,#5179,#5180));
#987=EDGE_LOOP('',(#5181,#5182,#5183,#5184));
#988=EDGE_LOOP('',(#5185,#5186,#5187,#5188));
#989=EDGE_LOOP('',(#5189,#5190,#5191,#5192));
#990=EDGE_LOOP('',(#5193,#5194,#5195,#5196));
#991=EDGE_LOOP('',(#5197,#5198,#5199,#5200));
#992=EDGE_LOOP('',(#5201,#5202,#5203,#5204));
#993=EDGE_LOOP('',(#5205,#5206,#5207,#5208));
#994=EDGE_LOOP('',(#5209,#5210,#5211,#5212));
#995=EDGE_LOOP('',(#5213,#5214,#5215,#5216));
#996=EDGE_LOOP('',(#5217,#5218,#5219,#5220));
#997=EDGE_LOOP('',(#5221,#5222,#5223,#5224));
#998=EDGE_LOOP('',(#5225,#5226,#5227,#5228,#5229,#5230));
#999=EDGE_LOOP('',(#5231,#5232,#5233,#5234));
#1000=EDGE_LOOP('',(#5235,#5236,#5237,#5238));
#1001=EDGE_LOOP('',(#5239,#5240,#5241,#5242));
#1002=EDGE_LOOP('',(#5243,#5244,#5245,#5246));
#1003=EDGE_LOOP('',(#5247,#5248,#5249,#5250));
#1004=EDGE_LOOP('',(#5251,#5252,#5253,#5254));
#1005=EDGE_LOOP('',(#5255,#5256,#5257,#5258,#5259,#5260));
#1006=EDGE_LOOP('',(#5261,#5262,#5263,#5264));
#1007=EDGE_LOOP('',(#5265,#5266,#5267,#5268));
#1008=EDGE_LOOP('',(#5269,#5270,#5271,#5272));
#1009=EDGE_LOOP('',(#5273,#5274,#5275,#5276));
#1010=EDGE_LOOP('',(#5277,#5278,#5279,#5280));
#1011=EDGE_LOOP('',(#5281,#5282,#5283,#5284));
#1012=EDGE_LOOP('',(#5285,#5286,#5287,#5288));
#1013=EDGE_LOOP('',(#5289,#5290,#5291,#5292));
#1014=EDGE_LOOP('',(#5293,#5294,#5295,#5296));
#1015=EDGE_LOOP('',(#5297,#5298,#5299,#5300));
#1016=EDGE_LOOP('',(#5301,#5302,#5303,#5304));
#1017=EDGE_LOOP('',(#5305,#5306,#5307,#5308));
#1018=EDGE_LOOP('',(#5309,#5310,#5311,#5312));
#1019=EDGE_LOOP('',(#5313,#5314,#5315,#5316));
#1020=EDGE_LOOP('',(#5317,#5318,#5319,#5320,#5321,#5322));
#1021=EDGE_LOOP('',(#5323,#5324,#5325,#5326));
#1022=EDGE_LOOP('',(#5327,#5328,#5329,#5330));
#1023=EDGE_LOOP('',(#5331,#5332,#5333,#5334));
#1024=EDGE_LOOP('',(#5335,#5336,#5337,#5338));
#1025=EDGE_LOOP('',(#5339,#5340,#5341,#5342));
#1026=EDGE_LOOP('',(#5343,#5344,#5345,#5346));
#1027=EDGE_LOOP('',(#5347,#5348,#5349,#5350,#5351,#5352));
#1028=EDGE_LOOP('',(#5353,#5354,#5355,#5356,#5357,#5358));
#1029=EDGE_LOOP('',(#5359,#5360,#5361,#5362,#5363,#5364));
#1030=EDGE_LOOP('',(#5365,#5366,#5367,#5368));
#1031=EDGE_LOOP('',(#5369,#5370,#5371,#5372));
#1032=EDGE_LOOP('',(#5373,#5374,#5375,#5376,#5377,#5378));
#1033=EDGE_LOOP('',(#5379,#5380,#5381,#5382,#5383,#5384));
#1034=EDGE_LOOP('',(#5385,#5386,#5387,#5388));
#1035=EDGE_LOOP('',(#5389,#5390,#5391,#5392));
#1036=EDGE_LOOP('',(#5393,#5394,#5395,#5396,#5397,#5398));
#1037=EDGE_LOOP('',(#5399,#5400,#5401,#5402,#5403,#5404,#5405));
#1038=EDGE_LOOP('',(#5406,#5407,#5408,#5409,#5410,#5411));
#1039=EDGE_LOOP('',(#5412,#5413,#5414,#5415));
#1040=EDGE_LOOP('',(#5416,#5417,#5418,#5419));
#1041=EDGE_LOOP('',(#5420,#5421,#5422,#5423));
#1042=EDGE_LOOP('',(#5424,#5425,#5426,#5427));
#1043=EDGE_LOOP('',(#5428,#5429,#5430,#5431,#5432,#5433));
#1044=EDGE_LOOP('',(#5434,#5435,#5436,#5437));
#1045=EDGE_LOOP('',(#5438,#5439,#5440,#5441));
#1046=EDGE_LOOP('',(#5442,#5443,#5444,#5445));
#1047=EDGE_LOOP('',(#5446,#5447,#5448,#5449));
#1048=EDGE_LOOP('',(#5450,#5451,#5452,#5453));
#1049=EDGE_LOOP('',(#5454,#5455,#5456,#5457));
#1050=EDGE_LOOP('',(#5458,#5459,#5460,#5461));
#1051=EDGE_LOOP('',(#5462,#5463,#5464,#5465));
#1052=EDGE_LOOP('',(#5466,#5467,#5468,#5469));
#1053=EDGE_LOOP('',(#5470,#5471,#5472,#5473));
#1054=EDGE_LOOP('',(#5474,#5475,#5476,#5477));
#1055=EDGE_LOOP('',(#5478,#5479,#5480,#5481));
#1056=EDGE_LOOP('',(#5482,#5483,#5484,#5485));
#1057=EDGE_LOOP('',(#5486,#5487,#5488));
#1058=EDGE_LOOP('',(#5489,#5490,#5491));
#1059=EDGE_LOOP('',(#5492,#5493,#5494,#5495));
#1060=EDGE_LOOP('',(#5496,#5497,#5498));
#1061=EDGE_LOOP('',(#5499,#5500,#5501,#5502));
#1062=EDGE_LOOP('',(#5503,#5504,#5505));
#1063=EDGE_LOOP('',(#5506,#5507,#5508,#5509));
#1064=EDGE_LOOP('',(#5510,#5511,#5512));
#1065=EDGE_LOOP('',(#5513,#5514,#5515,#5516));
#1066=EDGE_LOOP('',(#5517,#5518,#5519,#5520));
#1067=EDGE_LOOP('',(#5521,#5522,#5523));
#1068=EDGE_LOOP('',(#5524,#5525,#5526,#5527));
#1069=EDGE_LOOP('',(#5528,#5529,#5530));
#1070=EDGE_LOOP('',(#5531,#5532,#5533,#5534));
#1071=EDGE_LOOP('',(#5535,#5536,#5537,#5538));
#1072=EDGE_LOOP('',(#5539,#5540,#5541));
#1073=EDGE_LOOP('',(#5542,#5543,#5544,#5545));
#1074=EDGE_LOOP('',(#5546,#5547,#5548,#5549));
#1075=EDGE_LOOP('',(#5550,#5551,#5552,#5553));
#1076=EDGE_LOOP('',(#5554,#5555,#5556,#5557));
#1077=EDGE_LOOP('',(#5558,#5559,#5560,#5561));
#1078=EDGE_LOOP('',(#5562,#5563,#5564,#5565));
#1079=EDGE_LOOP('',(#5566,#5567,#5568,#5569));
#1080=EDGE_LOOP('',(#5570,#5571,#5572,#5573));
#1081=EDGE_LOOP('',(#5574,#5575,#5576,#5577));
#1082=EDGE_LOOP('',(#5578,#5579,#5580,#5581));
#1083=EDGE_LOOP('',(#5582,#5583,#5584,#5585));
#1084=EDGE_LOOP('',(#5586,#5587,#5588,#5589));
#1085=EDGE_LOOP('',(#5590,#5591,#5592,#5593));
#1086=EDGE_LOOP('',(#5594,#5595,#5596,#5597));
#1087=EDGE_LOOP('',(#5598,#5599,#5600,#5601));
#1088=EDGE_LOOP('',(#5602,#5603,#5604,#5605));
#1089=EDGE_LOOP('',(#5606,#5607,#5608,#5609));
#1090=EDGE_LOOP('',(#5610,#5611,#5612,#5613));
#1091=EDGE_LOOP('',(#5614,#5615,#5616,#5617));
#1092=EDGE_LOOP('',(#5618,#5619,#5620,#5621));
#1093=EDGE_LOOP('',(#5622,#5623,#5624,#5625));
#1094=EDGE_LOOP('',(#5626,#5627,#5628,#5629));
#1095=EDGE_LOOP('',(#5630,#5631,#5632,#5633));
#1096=EDGE_LOOP('',(#5634,#5635,#5636,#5637));
#1097=EDGE_LOOP('',(#5638,#5639,#5640,#5641));
#1098=EDGE_LOOP('',(#5642,#5643,#5644,#5645));
#1099=EDGE_LOOP('',(#5646,#5647,#5648,#5649));
#1100=EDGE_LOOP('',(#5650,#5651,#5652,#5653,#5654,#5655,#5656,#5657,#5658,
#5659,#5660,#5661,#5662,#5663,#5664,#5665,#5666,#5667,#5668,#5669,#5670,
#5671));
#1101=EDGE_LOOP('',(#5672,#5673));
#1102=EDGE_LOOP('',(#5674,#5675,#5676,#5677));
#1103=EDGE_LOOP('',(#5678,#5679,#5680,#5681,#5682,#5683,#5684,#5685,#5686,
#5687,#5688,#5689,#5690,#5691,#5692,#5693,#5694,#5695,#5696,#5697,#5698,
#5699));
#1104=EDGE_LOOP('',(#5700,#5701));
#1105=EDGE_LOOP('',(#5702,#5703,#5704,#5705));
#1106=EDGE_LOOP('',(#5706,#5707,#5708,#5709));
#1107=EDGE_LOOP('',(#5710,#5711,#5712,#5713));
#1108=EDGE_LOOP('',(#5714,#5715,#5716,#5717));
#1109=EDGE_LOOP('',(#5718,#5719,#5720,#5721));
#1110=EDGE_LOOP('',(#5722,#5723,#5724,#5725));
#1111=EDGE_LOOP('',(#5726,#5727,#5728,#5729));
#1112=EDGE_LOOP('',(#5730,#5731,#5732,#5733));
#1113=EDGE_LOOP('',(#5734,#5735,#5736,#5737));
#1114=EDGE_LOOP('',(#5738,#5739,#5740,#5741));
#1115=EDGE_LOOP('',(#5742,#5743,#5744,#5745));
#1116=EDGE_LOOP('',(#5746,#5747,#5748,#5749));
#1117=EDGE_LOOP('',(#5750,#5751,#5752,#5753));
#1118=EDGE_LOOP('',(#5754,#5755,#5756,#5757));
#1119=EDGE_LOOP('',(#5758,#5759,#5760,#5761));
#1120=EDGE_LOOP('',(#5762,#5763,#5764,#5765));
#1121=EDGE_LOOP('',(#5766,#5767,#5768,#5769));
#1122=EDGE_LOOP('',(#5770,#5771,#5772,#5773));
#1123=EDGE_LOOP('',(#5774,#5775,#5776,#5777));
#1124=EDGE_LOOP('',(#5778,#5779,#5780,#5781));
#1125=EDGE_LOOP('',(#5782,#5783,#5784,#5785));
#1126=EDGE_LOOP('',(#5786,#5787,#5788,#5789,#5790,#5791,#5792,#5793,#5794,
#5795));
#1127=EDGE_LOOP('',(#5796,#5797,#5798,#5799,#5800,#5801,#5802,#5803,#5804,
#5805));
#1128=EDGE_LOOP('',(#5806,#5807,#5808,#5809));
#1129=EDGE_LOOP('',(#5810,#5811,#5812,#5813,#5814,#5815,#5816,#5817));
#1130=EDGE_LOOP('',(#5818,#5819,#5820,#5821));
#1131=EDGE_LOOP('',(#5822,#5823,#5824,#5825,#5826,#5827,#5828,#5829));
#1132=EDGE_LOOP('',(#5830,#5831,#5832,#5833));
#1133=EDGE_LOOP('',(#5834,#5835,#5836,#5837));
#1134=EDGE_LOOP('',(#5838,#5839,#5840,#5841));
#1135=EDGE_LOOP('',(#5842,#5843,#5844,#5845));
#1136=EDGE_LOOP('',(#5846,#5847,#5848,#5849));
#1137=EDGE_LOOP('',(#5850,#5851,#5852,#5853));
#1138=EDGE_LOOP('',(#5854,#5855,#5856,#5857,#5858,#5859,#5860,#5861,#5862,
#5863,#5864,#5865,#5866,#5867,#5868,#5869,#5870,#5871,#5872,#5873,#5874,
#5875));
#1139=EDGE_LOOP('',(#5876,#5877));
#1140=EDGE_LOOP('',(#5878,#5879,#5880,#5881));
#1141=EDGE_LOOP('',(#5882,#5883,#5884,#5885,#5886,#5887,#5888,#5889,#5890,
#5891,#5892,#5893,#5894,#5895,#5896,#5897,#5898,#5899,#5900,#5901,#5902,
#5903));
#1142=EDGE_LOOP('',(#5904,#5905));
#1143=EDGE_LOOP('',(#5906,#5907,#5908,#5909));
#1144=EDGE_LOOP('',(#5910,#5911,#5912,#5913));
#1145=EDGE_LOOP('',(#5914,#5915,#5916,#5917));
#1146=EDGE_LOOP('',(#5918,#5919,#5920,#5921));
#1147=EDGE_LOOP('',(#5922,#5923,#5924,#5925));
#1148=EDGE_LOOP('',(#5926,#5927,#5928,#5929));
#1149=EDGE_LOOP('',(#5930,#5931,#5932,#5933));
#1150=EDGE_LOOP('',(#5934,#5935,#5936,#5937));
#1151=EDGE_LOOP('',(#5938,#5939,#5940,#5941));
#1152=EDGE_LOOP('',(#5942,#5943,#5944,#5945));
#1153=EDGE_LOOP('',(#5946,#5947,#5948,#5949));
#1154=EDGE_LOOP('',(#5950,#5951,#5952,#5953));
#1155=EDGE_LOOP('',(#5954,#5955,#5956,#5957));
#1156=EDGE_LOOP('',(#5958,#5959,#5960,#5961));
#1157=EDGE_LOOP('',(#5962,#5963,#5964,#5965));
#1158=EDGE_LOOP('',(#5966,#5967,#5968,#5969));
#1159=EDGE_LOOP('',(#5970,#5971,#5972,#5973));
#1160=EDGE_LOOP('',(#5974,#5975,#5976,#5977));
#1161=EDGE_LOOP('',(#5978,#5979,#5980,#5981));
#1162=EDGE_LOOP('',(#5982,#5983,#5984,#5985));
#1163=EDGE_LOOP('',(#5986,#5987,#5988,#5989));
#1164=EDGE_LOOP('',(#5990,#5991,#5992,#5993,#5994,#5995,#5996,#5997,#5998,
#5999));
#1165=EDGE_LOOP('',(#6000,#6001,#6002,#6003,#6004,#6005,#6006,#6007,#6008,
#6009));
#1166=EDGE_LOOP('',(#6010,#6011,#6012,#6013));
#1167=EDGE_LOOP('',(#6014,#6015,#6016,#6017,#6018,#6019,#6020,#6021));
#1168=EDGE_LOOP('',(#6022,#6023,#6024,#6025));
#1169=EDGE_LOOP('',(#6026,#6027,#6028,#6029,#6030,#6031,#6032,#6033));
#1170=EDGE_LOOP('',(#6034,#6035,#6036,#6037));
#1171=EDGE_LOOP('',(#6038,#6039,#6040,#6041));
#1172=EDGE_LOOP('',(#6042,#6043,#6044,#6045));
#1173=EDGE_LOOP('',(#6046,#6047,#6048,#6049));
#1174=EDGE_LOOP('',(#6050,#6051,#6052,#6053));
#1175=EDGE_LOOP('',(#6054,#6055,#6056,#6057));
#1176=EDGE_LOOP('',(#6058,#6059,#6060,#6061));
#1177=EDGE_LOOP('',(#6062,#6063,#6064,#6065));
#1178=EDGE_LOOP('',(#6066,#6067,#6068,#6069));
#1179=EDGE_LOOP('',(#6070,#6071,#6072,#6073));
#1180=EDGE_LOOP('',(#6074,#6075,#6076,#6077));
#1181=EDGE_LOOP('',(#6078,#6079,#6080,#6081));
#1182=EDGE_LOOP('',(#6082,#6083,#6084,#6085));
#1183=EDGE_LOOP('',(#6086,#6087,#6088,#6089));
#1184=EDGE_LOOP('',(#6090,#6091,#6092,#6093));
#1185=EDGE_LOOP('',(#6094,#6095,#6096,#6097));
#1186=EDGE_LOOP('',(#6098,#6099,#6100,#6101));
#1187=EDGE_LOOP('',(#6102));
#1188=EDGE_LOOP('',(#6103,#6104,#6105,#6106));
#1189=EDGE_LOOP('',(#6107,#6108,#6109,#6110));
#1190=EDGE_LOOP('',(#6111));
#1191=EDGE_LOOP('',(#6112,#6113,#6114,#6115));
#1192=EDGE_LOOP('',(#6116,#6117,#6118,#6119,#6120,#6121,#6122,#6123));
#1193=EDGE_LOOP('',(#6124,#6125,#6126,#6127,#6128,#6129));
#1194=EDGE_LOOP('',(#6130,#6131,#6132,#6133));
#1195=EDGE_LOOP('',(#6134));
#1196=EDGE_LOOP('',(#6135,#6136,#6137,#6138));
#1197=EDGE_LOOP('',(#6139));
#1198=EDGE_LOOP('',(#6140,#6141,#6142,#6143,#6144));
#1199=EDGE_LOOP('',(#6145,#6146,#6147,#6148,#6149));
#1200=EDGE_LOOP('',(#6150,#6151,#6152,#6153));
#1201=EDGE_LOOP('',(#6154,#6155,#6156,#6157));
#1202=EDGE_LOOP('',(#6158,#6159,#6160,#6161));
#1203=EDGE_LOOP('',(#6162,#6163,#6164,#6165));
#1204=EDGE_LOOP('',(#6166,#6167,#6168,#6169));
#1205=EDGE_LOOP('',(#6170,#6171,#6172,#6173));
#1206=EDGE_LOOP('',(#6174,#6175,#6176,#6177));
#1207=EDGE_LOOP('',(#6178,#6179,#6180,#6181));
#1208=EDGE_LOOP('',(#6182,#6183,#6184,#6185));
#1209=EDGE_LOOP('',(#6186,#6187,#6188,#6189));
#1210=EDGE_LOOP('',(#6190,#6191,#6192,#6193));
#1211=EDGE_LOOP('',(#6194,#6195,#6196,#6197));
#1212=EDGE_LOOP('',(#6198,#6199,#6200,#6201));
#1213=EDGE_LOOP('',(#6202,#6203,#6204,#6205));
#1214=EDGE_LOOP('',(#6206,#6207,#6208,#6209));
#1215=EDGE_LOOP('',(#6210,#6211,#6212,#6213));
#1216=EDGE_LOOP('',(#6214,#6215,#6216,#6217));
#1217=EDGE_LOOP('',(#6218,#6219,#6220,#6221));
#1218=EDGE_LOOP('',(#6222,#6223,#6224,#6225));
#1219=EDGE_LOOP('',(#6226,#6227,#6228,#6229));
#1220=EDGE_LOOP('',(#6230,#6231,#6232,#6233));
#1221=EDGE_LOOP('',(#6234,#6235,#6236,#6237));
#1222=EDGE_LOOP('',(#6238,#6239,#6240,#6241));
#1223=EDGE_LOOP('',(#6242,#6243,#6244,#6245));
#1224=EDGE_LOOP('',(#6246,#6247,#6248,#6249));
#1225=EDGE_LOOP('',(#6250,#6251,#6252,#6253));
#1226=EDGE_LOOP('',(#6254,#6255,#6256,#6257));
#1227=EDGE_LOOP('',(#6258,#6259,#6260,#6261));
#1228=EDGE_LOOP('',(#6262,#6263,#6264,#6265));
#1229=EDGE_LOOP('',(#6266,#6267,#6268,#6269));
#1230=EDGE_LOOP('',(#6270,#6271,#6272,#6273,#6274,#6275));
#1231=EDGE_LOOP('',(#6276,#6277,#6278,#6279,#6280,#6281));
#1232=EDGE_LOOP('',(#6282,#6283,#6284,#6285));
#1233=EDGE_LOOP('',(#6286));
#1234=EDGE_LOOP('',(#6287,#6288,#6289,#6290));
#1235=EDGE_LOOP('',(#6291,#6292,#6293,#6294));
#1236=EDGE_LOOP('',(#6295,#6296,#6297,#6298));
#1237=EDGE_LOOP('',(#6299,#6300,#6301,#6302));
#1238=EDGE_LOOP('',(#6303,#6304,#6305,#6306));
#1239=EDGE_LOOP('',(#6307));
#1240=EDGE_LOOP('',(#6308,#6309,#6310,#6311));
#1241=EDGE_LOOP('',(#6312,#6313,#6314,#6315));
#1242=EDGE_LOOP('',(#6316,#6317,#6318,#6319));
#1243=EDGE_LOOP('',(#6320,#6321,#6322,#6323));
#1244=EDGE_LOOP('',(#6324,#6325,#6326,#6327));
#1245=EDGE_LOOP('',(#6328,#6329,#6330,#6331));
#1246=EDGE_LOOP('',(#6332,#6333,#6334,#6335));
#1247=EDGE_LOOP('',(#6336,#6337,#6338,#6339));
#1248=EDGE_LOOP('',(#6340,#6341,#6342,#6343));
#1249=EDGE_LOOP('',(#6344,#6345,#6346,#6347));
#1250=EDGE_LOOP('',(#6348,#6349,#6350,#6351));
#1251=EDGE_LOOP('',(#6352,#6353,#6354,#6355));
#1252=EDGE_LOOP('',(#6356,#6357,#6358,#6359));
#1253=EDGE_LOOP('',(#6360,#6361,#6362,#6363));
#1254=EDGE_LOOP('',(#6364,#6365,#6366,#6367));
#1255=EDGE_LOOP('',(#6368,#6369,#6370,#6371));
#1256=EDGE_LOOP('',(#6372,#6373,#6374,#6375));
#1257=EDGE_LOOP('',(#6376,#6377,#6378,#6379));
#1258=EDGE_LOOP('',(#6380,#6381,#6382,#6383));
#1259=EDGE_LOOP('',(#6384,#6385,#6386,#6387));
#1260=EDGE_LOOP('',(#6388,#6389,#6390,#6391));
#1261=EDGE_LOOP('',(#6392,#6393,#6394,#6395));
#1262=EDGE_LOOP('',(#6396,#6397,#6398,#6399));
#1263=EDGE_LOOP('',(#6400,#6401,#6402,#6403));
#1264=EDGE_LOOP('',(#6404,#6405,#6406,#6407));
#1265=EDGE_LOOP('',(#6408,#6409,#6410,#6411));
#1266=EDGE_LOOP('',(#6412,#6413,#6414,#6415));
#1267=EDGE_LOOP('',(#6416,#6417,#6418,#6419));
#1268=EDGE_LOOP('',(#6420,#6421,#6422,#6423));
#1269=EDGE_LOOP('',(#6424,#6425,#6426,#6427));
#1270=EDGE_LOOP('',(#6428,#6429,#6430,#6431));
#1271=EDGE_LOOP('',(#6432,#6433,#6434,#6435));
#1272=EDGE_LOOP('',(#6436,#6437,#6438,#6439));
#1273=EDGE_LOOP('',(#6440,#6441,#6442,#6443));
#1274=EDGE_LOOP('',(#6444,#6445,#6446,#6447));
#1275=EDGE_LOOP('',(#6448,#6449,#6450,#6451));
#1276=EDGE_LOOP('',(#6452,#6453,#6454,#6455));
#1277=EDGE_LOOP('',(#6456,#6457,#6458,#6459));
#1278=EDGE_LOOP('',(#6460,#6461,#6462,#6463));
#1279=EDGE_LOOP('',(#6464,#6465,#6466,#6467));
#1280=EDGE_LOOP('',(#6468,#6469,#6470,#6471));
#1281=EDGE_LOOP('',(#6472,#6473,#6474,#6475));
#1282=EDGE_LOOP('',(#6476,#6477,#6478,#6479));
#1283=EDGE_LOOP('',(#6480,#6481,#6482,#6483));
#1284=EDGE_LOOP('',(#6484,#6485,#6486,#6487));
#1285=EDGE_LOOP('',(#6488,#6489,#6490,#6491));
#1286=EDGE_LOOP('',(#6492,#6493,#6494,#6495,#6496,#6497,#6498,#6499,#6500,
#6501));
#1287=EDGE_LOOP('',(#6502,#6503,#6504));
#1288=EDGE_LOOP('',(#6505,#6506,#6507));
#1289=EDGE_LOOP('',(#6508,#6509,#6510,#6511));
#1290=EDGE_LOOP('',(#6512,#6513,#6514,#6515,#6516,#6517,#6518,#6519,#6520,
#6521));
#1291=EDGE_LOOP('',(#6522,#6523,#6524,#6525,#6526,#6527));
#1292=EDGE_LOOP('',(#6528,#6529,#6530,#6531));
#1293=EDGE_LOOP('',(#6532,#6533,#6534,#6535));
#1294=EDGE_LOOP('',(#6536,#6537,#6538,#6539));
#1295=EDGE_LOOP('',(#6540,#6541,#6542,#6543));
#1296=EDGE_LOOP('',(#6544,#6545,#6546,#6547));
#1297=EDGE_LOOP('',(#6548,#6549,#6550,#6551,#6552,#6553,#6554));
#1298=EDGE_LOOP('',(#6555,#6556,#6557,#6558));
#1299=EDGE_LOOP('',(#6559,#6560,#6561,#6562));
#1300=EDGE_LOOP('',(#6563,#6564,#6565,#6566));
#1301=EDGE_LOOP('',(#6567,#6568,#6569,#6570));
#1302=EDGE_LOOP('',(#6571,#6572,#6573,#6574));
#1303=EDGE_LOOP('',(#6575,#6576,#6577,#6578,#6579,#6580,#6581));
#1304=EDGE_LOOP('',(#6582,#6583,#6584,#6585));
#1305=EDGE_LOOP('',(#6586,#6587,#6588,#6589));
#1306=EDGE_LOOP('',(#6590,#6591,#6592,#6593));
#1307=EDGE_LOOP('',(#6594,#6595,#6596,#6597));
#1308=EDGE_LOOP('',(#6598,#6599,#6600,#6601));
#1309=EDGE_LOOP('',(#6602,#6603,#6604,#6605));
#1310=EDGE_LOOP('',(#6606,#6607,#6608,#6609));
#1311=EDGE_LOOP('',(#6610,#6611,#6612,#6613));
#1312=EDGE_LOOP('',(#6614,#6615,#6616,#6617));
#1313=EDGE_LOOP('',(#6618,#6619,#6620,#6621));
#1314=EDGE_LOOP('',(#6622,#6623,#6624,#6625));
#1315=EDGE_LOOP('',(#6626,#6627,#6628,#6629));
#1316=EDGE_LOOP('',(#6630,#6631,#6632,#6633));
#1317=EDGE_LOOP('',(#6634,#6635,#6636,#6637));
#1318=EDGE_LOOP('',(#6638,#6639,#6640,#6641,#6642,#6643,#6644));
#1319=EDGE_LOOP('',(#6645,#6646,#6647,#6648));
#1320=EDGE_LOOP('',(#6649,#6650,#6651,#6652));
#1321=EDGE_LOOP('',(#6653,#6654,#6655,#6656));
#1322=EDGE_LOOP('',(#6657,#6658,#6659,#6660));
#1323=EDGE_LOOP('',(#6661,#6662,#6663,#6664));
#1324=EDGE_LOOP('',(#6665,#6666,#6667,#6668,#6669,#6670,#6671));
#1325=EDGE_LOOP('',(#6672,#6673,#6674,#6675));
#1326=EDGE_LOOP('',(#6676,#6677,#6678,#6679));
#1327=EDGE_LOOP('',(#6680,#6681,#6682,#6683));
#1328=EDGE_LOOP('',(#6684,#6685,#6686,#6687));
#1329=EDGE_LOOP('',(#6688,#6689,#6690,#6691));
#1330=EDGE_LOOP('',(#6692,#6693,#6694,#6695));
#1331=EDGE_LOOP('',(#6696,#6697,#6698,#6699));
#1332=EDGE_LOOP('',(#6700,#6701,#6702,#6703));
#1333=EDGE_LOOP('',(#6704,#6705,#6706,#6707));
#1334=EDGE_LOOP('',(#6708,#6709,#6710,#6711));
#1335=EDGE_LOOP('',(#6712,#6713,#6714,#6715));
#1336=EDGE_LOOP('',(#6716,#6717,#6718,#6719));
#1337=EDGE_LOOP('',(#6720,#6721,#6722,#6723));
#1338=EDGE_LOOP('',(#6724,#6725,#6726,#6727));
#1339=EDGE_LOOP('',(#6728,#6729,#6730,#6731));
#1340=EDGE_LOOP('',(#6732,#6733,#6734,#6735));
#1341=EDGE_LOOP('',(#6736,#6737,#6738,#6739));
#1342=EDGE_LOOP('',(#6740,#6741,#6742,#6743));
#1343=EDGE_LOOP('',(#6744,#6745,#6746,#6747));
#1344=EDGE_LOOP('',(#6748,#6749,#6750,#6751));
#1345=EDGE_LOOP('',(#6752,#6753,#6754,#6755));
#1346=EDGE_LOOP('',(#6756,#6757,#6758,#6759));
#1347=EDGE_LOOP('',(#6760,#6761,#6762,#6763));
#1348=EDGE_LOOP('',(#6764,#6765,#6766,#6767));
#1349=EDGE_LOOP('',(#6768,#6769,#6770,#6771));
#1350=EDGE_LOOP('',(#6772,#6773,#6774,#6775));
#1351=EDGE_LOOP('',(#6776,#6777,#6778,#6779));
#1352=EDGE_LOOP('',(#6780,#6781,#6782,#6783));
#1353=EDGE_LOOP('',(#6784,#6785,#6786,#6787));
#1354=EDGE_LOOP('',(#6788,#6789,#6790,#6791));
#1355=CIRCLE('',#7650,3.);
#1356=CIRCLE('',#7651,3.);
#1357=CIRCLE('',#7654,3.);
#1358=CIRCLE('',#7662,3.);
#1359=CIRCLE('',#7664,3.);
#1360=CIRCLE('',#7665,2.99999999999999);
#1361=CIRCLE('',#7667,3.);
#1362=CIRCLE('',#7668,3.);
#1363=CIRCLE('',#7676,6.5);
#1364=CIRCLE('',#7677,6.5);
#1365=CIRCLE('',#7680,6.5);
#1366=CIRCLE('',#7681,6.5);
#1367=CIRCLE('',#7683,2.);
#1368=CIRCLE('',#7684,2.);
#1369=CIRCLE('',#7686,2.);
#1370=CIRCLE('',#7687,2.);
#1371=CIRCLE('',#7689,1.99999999999999);
#1372=CIRCLE('',#7691,1.99999999999999);
#1373=CIRCLE('',#7692,2.);
#1374=CIRCLE('',#7694,2.);
#1375=CIRCLE('',#7696,2.);
#1376=CIRCLE('',#7697,2.);
#1377=CIRCLE('',#7699,2.);
#1378=CIRCLE('',#7700,2.);
#1379=CIRCLE('',#7701,2.);
#1380=CIRCLE('',#7703,2.);
#1381=CIRCLE('',#7705,2.);
#1382=CIRCLE('',#7706,2.);
#1383=CIRCLE('',#7708,2.);
#1384=CIRCLE('',#7709,2.);
#1385=CIRCLE('',#7710,2.);
#1386=CIRCLE('',#7712,2.);
#1387=CIRCLE('',#7714,2.);
#1388=CIRCLE('',#7715,2.);
#1389=CIRCLE('',#7717,2.);
#1390=CIRCLE('',#7719,2.);
#1391=CIRCLE('',#7720,1.99999999999999);
#1392=CIRCLE('',#7722,2.);
#1393=CIRCLE('',#7724,2.);
#1394=CIRCLE('',#7725,2.);
#1395=CIRCLE('',#7727,2.);
#1396=CIRCLE('',#7729,2.);
#1397=CIRCLE('',#7730,2.);
#1398=CIRCLE('',#7732,2.);
#1399=CIRCLE('',#7733,2.);
#1400=CIRCLE('',#7736,1.99999999999999);
#1401=CIRCLE('',#7739,2.);
#1402=CIRCLE('',#7743,2.);
#1403=CIRCLE('',#7745,2.);
#1404=CIRCLE('',#7746,2.);
#1405=CIRCLE('',#7748,2.);
#1406=CIRCLE('',#7750,2.);
#1407=CIRCLE('',#7752,2.);
#1408=CIRCLE('',#7753,2.00000000000001);
#1409=CIRCLE('',#7755,2.);
#1410=CIRCLE('',#7757,2.);
#1411=CIRCLE('',#7759,2.00000000000001);
#1412=CIRCLE('',#7760,2.);
#1413=CIRCLE('',#7762,2.);
#1414=CIRCLE('',#7764,2.);
#1415=CIRCLE('',#7766,2.);
#1416=CIRCLE('',#7768,2.);
#1417=CIRCLE('',#7770,1.99999999999999);
#1418=CIRCLE('',#7772,2.);
#1419=CIRCLE('',#7773,2.);
#1420=CIRCLE('',#7776,2.);
#1421=CIRCLE('',#7778,2.);
#1422=CIRCLE('',#7779,2.00000000000002);
#1423=CIRCLE('',#7782,2.);
#1424=CIRCLE('',#7784,2.);
#1425=CIRCLE('',#7785,2.);
#1426=CIRCLE('',#7787,2.);
#1427=CIRCLE('',#7792,6.49999999999991);
#1428=CIRCLE('',#7794,6.49999999999991);
#1429=CIRCLE('',#7798,78.5);
#1430=CIRCLE('',#7800,6.);
#1431=CIRCLE('',#7801,72.5);
#1432=CIRCLE('',#7802,72.5);
#1433=CIRCLE('',#7804,72.5);
#1434=CIRCLE('',#7806,72.5);
#1435=CIRCLE('',#7808,72.5);
#1436=CIRCLE('',#7810,72.5);
#1437=CIRCLE('',#7812,72.5);
#1438=CIRCLE('',#7814,72.5);
#1439=CIRCLE('',#7816,72.5);
#1440=CIRCLE('',#7818,72.5);
#1441=CIRCLE('',#7820,72.5);
#1442=CIRCLE('',#7822,72.5);
#1443=CIRCLE('',#7824,72.5);
#1444=CIRCLE('',#7826,72.5);
#1445=CIRCLE('',#7828,72.5);
#1446=CIRCLE('',#7830,6.50000000000006);
#1447=CIRCLE('',#7831,12.5);
#1448=CIRCLE('',#7832,12.5);
#1449=CIRCLE('',#7833,12.5);
#1450=CIRCLE('',#7834,12.5);
#1451=CIRCLE('',#7835,12.5);
#1452=CIRCLE('',#7836,12.5);
#1453=CIRCLE('',#7837,12.5);
#1454=CIRCLE('',#7838,12.5);
#1455=CIRCLE('',#7839,12.5);
#1456=CIRCLE('',#7840,12.5);
#1457=CIRCLE('',#7841,12.5);
#1458=CIRCLE('',#7842,12.5);
#1459=CIRCLE('',#7843,12.5);
#1460=CIRCLE('',#7845,12.5);
#1461=CIRCLE('',#7847,12.5);
#1462=CIRCLE('',#7849,12.5);
#1463=CIRCLE('',#7851,12.5);
#1464=CIRCLE('',#7853,12.5);
#1465=CIRCLE('',#7855,12.5);
#1466=CIRCLE('',#7907,10.);
#1467=CIRCLE('',#7908,10.);
#1468=CIRCLE('',#7909,10.);
#1469=CIRCLE('',#7911,10.);
#1470=CIRCLE('',#7912,10.);
#1471=CIRCLE('',#7913,10.);
#1472=CIRCLE('',#7916,10.);
#1473=CIRCLE('',#7917,10.);
#1474=CIRCLE('',#7918,10.);
#1475=CIRCLE('',#7921,10.);
#1476=CIRCLE('',#7922,10.);
#1477=CIRCLE('',#7923,10.);
#1478=CIRCLE('',#7926,10.);
#1479=CIRCLE('',#7927,10.);
#1480=CIRCLE('',#7928,10.);
#1481=CIRCLE('',#7932,10.);
#1482=CIRCLE('',#7933,10.);
#1483=CIRCLE('',#7934,10.);
#1484=CIRCLE('',#7937,10.);
#1485=CIRCLE('',#7938,10.);
#1486=CIRCLE('',#7939,10.);
#1487=CIRCLE('',#7943,10.);
#1488=CIRCLE('',#7944,10.);
#1489=CIRCLE('',#7945,10.);
#1490=CIRCLE('',#7968,50.);
#1491=CIRCLE('',#7969,45.);
#1492=CIRCLE('',#7971,50.);
#1493=CIRCLE('',#7973,45.);
#1494=CIRCLE('',#7978,9.46423874076217);
#1495=CIRCLE('',#7979,9.46423874076217);
#1496=CIRCLE('',#7980,9.46423874076217);
#1497=CIRCLE('',#7981,5.841792000449);
#1498=CIRCLE('',#7984,9.46423874076217);
#1499=CIRCLE('',#7985,9.46423874076217);
#1500=CIRCLE('',#7986,9.46423874076217);
#1501=CIRCLE('',#7987,5.841792000449);
#1502=CIRCLE('',#7989,50.);
#1503=CIRCLE('',#7992,50.);
#1504=CIRCLE('',#8018,50.);
#1505=CIRCLE('',#8019,45.);
#1506=CIRCLE('',#8021,50.);
#1507=CIRCLE('',#8023,45.);
#1508=CIRCLE('',#8028,9.46423874076217);
#1509=CIRCLE('',#8029,9.46423874076217);
#1510=CIRCLE('',#8030,9.46423874076217);
#1511=CIRCLE('',#8031,5.841792000449);
#1512=CIRCLE('',#8034,9.46423874076217);
#1513=CIRCLE('',#8035,9.46423874076217);
#1514=CIRCLE('',#8036,9.46423874076217);
#1515=CIRCLE('',#8037,5.841792000449);
#1516=CIRCLE('',#8039,50.);
#1517=CIRCLE('',#8042,50.);
#1518=CIRCLE('',#8080,3.25);
#1519=CIRCLE('',#8081,3.25);
#1520=CIRCLE('',#8083,3.24999999999996);
#1521=CIRCLE('',#8084,3.24999999999996);
#1522=CIRCLE('',#8130,15.3632220775519);
#1523=CIRCLE('',#8131,15.3632220775519);
#1524=LINE('',#10233,#2275);
#1525=LINE('',#10235,#2276);
#1526=LINE('',#10237,#2277);
#1527=LINE('',#10239,#2278);
#1528=LINE('',#10243,#2279);
#1529=LINE('',#10246,#2280);
#1530=LINE('',#10249,#2281);
#1531=LINE('',#10251,#2282);
#1532=LINE('',#10252,#2283);
#1533=LINE('',#10255,#2284);
#1534=LINE('',#10259,#2285);
#1535=LINE('',#10260,#2286);
#1536=LINE('',#10263,#2287);
#1537=LINE('',#10265,#2288);
#1538=LINE('',#10269,#2289);
#1539=LINE('',#10273,#2290);
#1540=LINE('',#10274,#2291);
#1541=LINE('',#10277,#2292);
#1542=LINE('',#10278,#2293);
#1543=LINE('',#10290,#2294);
#1544=LINE('',#10292,#2295);
#1545=LINE('',#10294,#2296);
#1546=LINE('',#10296,#2297);
#1547=LINE('',#10303,#2298);
#1548=LINE('',#10310,#2299);
#1549=LINE('',#10580,#2300);
#1550=LINE('',#10583,#2301);
#1551=LINE('',#10590,#2302);
#1552=LINE('',#10593,#2303);
#1553=LINE('',#10600,#2304);
#1554=LINE('',#10603,#2305);
#1555=LINE('',#10674,#2306);
#1556=LINE('',#10676,#2307);
#1557=LINE('',#10747,#2308);
#1558=LINE('',#10749,#2309);
#1559=LINE('',#10757,#2310);
#1560=LINE('',#10759,#2311);
#1561=LINE('',#10766,#2312);
#1562=LINE('',#10768,#2313);
#1563=LINE('',#10849,#2314);
#1564=LINE('',#10939,#2315);
#1565=LINE('',#10940,#2316);
#1566=LINE('',#10943,#2317);
#1567=LINE('',#10947,#2318);
#1568=LINE('',#10948,#2319);
#1569=LINE('',#10951,#2320);
#1570=LINE('',#10959,#2321);
#1571=LINE('',#10963,#2322);
#1572=LINE('',#10966,#2323);
#1573=LINE('',#10973,#2324);
#1574=LINE('',#10976,#2325);
#1575=LINE('',#11056,#2326);
#1576=LINE('',#11114,#2327);
#1577=LINE('',#11120,#2328);
#1578=LINE('',#11123,#2329);
#1579=LINE('',#11126,#2330);
#1580=LINE('',#11132,#2331);
#1581=LINE('',#11135,#2332);
#1582=LINE('',#11167,#2333);
#1583=LINE('',#11173,#2334);
#1584=LINE('',#11229,#2335);
#1585=LINE('',#11245,#2336);
#1586=LINE('',#11473,#2337);
#1587=LINE('',#11746,#2338);
#1588=LINE('',#11975,#2339);
#1589=LINE('',#11979,#2340);
#1590=LINE('',#11987,#2341);
#1591=LINE('',#11991,#2342);
#1592=LINE('',#11999,#2343);
#1593=LINE('',#12003,#2344);
#1594=LINE('',#12011,#2345);
#1595=LINE('',#12015,#2346);
#1596=LINE('',#12023,#2347);
#1597=LINE('',#12027,#2348);
#1598=LINE('',#12035,#2349);
#1599=LINE('',#12039,#2350);
#1600=LINE('',#12047,#2351);
#1601=LINE('',#12053,#2352);
#1602=LINE('',#12088,#2353);
#1603=LINE('',#12092,#2354);
#1604=LINE('',#12108,#2355);
#1605=LINE('',#12112,#2356);
#1606=LINE('',#12128,#2357);
#1607=LINE('',#12132,#2358);
#1608=LINE('',#12148,#2359);
#1609=LINE('',#12152,#2360);
#1610=LINE('',#12168,#2361);
#1611=LINE('',#12172,#2362);
#1612=LINE('',#12188,#2363);
#1613=LINE('',#12192,#2364);
#1614=LINE('',#12257,#2365);
#1615=LINE('',#12258,#2366);
#1616=LINE('',#12290,#2367);
#1617=LINE('',#12307,#2368);
#1618=LINE('',#12310,#2369);
#1619=LINE('',#12312,#2370);
#1620=LINE('',#12405,#2371);
#1621=LINE('',#12406,#2372);
#1622=LINE('',#12515,#2373);
#1623=LINE('',#12516,#2374);
#1624=LINE('',#12548,#2375);
#1625=LINE('',#12565,#2376);
#1626=LINE('',#12648,#2377);
#1627=LINE('',#12649,#2378);
#1628=LINE('',#12708,#2379);
#1629=LINE('',#12709,#2380);
#1630=LINE('',#12741,#2381);
#1631=LINE('',#12758,#2382);
#1632=LINE('',#12844,#2383);
#1633=LINE('',#12845,#2384);
#1634=LINE('',#12904,#2385);
#1635=LINE('',#12905,#2386);
#1636=LINE('',#12937,#2387);
#1637=LINE('',#12954,#2388);
#1638=LINE('',#12957,#2389);
#1639=LINE('',#12959,#2390);
#1640=LINE('',#13044,#2391);
#1641=LINE('',#13045,#2392);
#1642=LINE('',#13148,#2393);
#1643=LINE('',#13149,#2394);
#1644=LINE('',#13181,#2395);
#1645=LINE('',#13198,#2396);
#1646=LINE('',#13296,#2397);
#1647=LINE('',#13297,#2398);
#1648=LINE('',#13362,#2399);
#1649=LINE('',#13363,#2400);
#1650=LINE('',#13395,#2401);
#1651=LINE('',#13412,#2402);
#1652=LINE('',#13489,#2403);
#1653=LINE('',#13490,#2404);
#1654=LINE('',#13496,#2405);
#1655=LINE('',#13497,#2406);
#1656=LINE('',#13546,#2407);
#1657=LINE('',#13564,#2408);
#1658=LINE('',#13565,#2409);
#1659=LINE('',#13615,#2410);
#1660=LINE('',#13648,#2411);
#1661=LINE('',#13649,#2412);
#1662=LINE('',#13699,#2413);
#1663=LINE('',#13701,#2414);
#1664=LINE('',#13703,#2415);
#1665=LINE('',#13704,#2416);
#1666=LINE('',#13707,#2417);
#1667=LINE('',#13709,#2418);
#1668=LINE('',#13710,#2419);
#1669=LINE('',#13713,#2420);
#1670=LINE('',#13715,#2421);
#1671=LINE('',#13716,#2422);
#1672=LINE('',#13718,#2423);
#1673=LINE('',#13719,#2424);
#1674=LINE('',#13725,#2425);
#1675=LINE('',#13727,#2426);
#1676=LINE('',#13729,#2427);
#1677=LINE('',#13730,#2428);
#1678=LINE('',#13733,#2429);
#1679=LINE('',#13735,#2430);
#1680=LINE('',#13736,#2431);
#1681=LINE('',#13739,#2432);
#1682=LINE('',#13741,#2433);
#1683=LINE('',#13742,#2434);
#1684=LINE('',#13744,#2435);
#1685=LINE('',#13745,#2436);
#1686=LINE('',#13751,#2437);
#1687=LINE('',#13753,#2438);
#1688=LINE('',#13755,#2439);
#1689=LINE('',#13756,#2440);
#1690=LINE('',#13770,#2441);
#1691=LINE('',#13778,#2442);
#1692=LINE('',#13787,#2443);
#1693=LINE('',#13788,#2444);
#1694=LINE('',#13796,#2445);
#1695=LINE('',#13798,#2446);
#1696=LINE('',#13807,#2447);
#1697=LINE('',#13808,#2448);
#1698=LINE('',#13817,#2449);
#1699=LINE('',#13818,#2450);
#1700=LINE('',#13820,#2451);
#1701=LINE('',#13821,#2452);
#1702=LINE('',#13830,#2453);
#1703=LINE('',#13831,#2454);
#1704=LINE('',#13833,#2455);
#1705=LINE('',#13834,#2456);
#1706=LINE('',#13836,#2457);
#1707=LINE('',#13837,#2458);
#1708=LINE('',#13839,#2459);
#1709=LINE('',#13840,#2460);
#1710=LINE('',#13849,#2461);
#1711=LINE('',#13851,#2462);
#1712=LINE('',#13853,#2463);
#1713=LINE('',#13854,#2464);
#1714=LINE('',#13857,#2465);
#1715=LINE('',#13859,#2466);
#1716=LINE('',#13860,#2467);
#1717=LINE('',#13863,#2468);
#1718=LINE('',#13865,#2469);
#1719=LINE('',#13866,#2470);
#1720=LINE('',#13868,#2471);
#1721=LINE('',#13869,#2472);
#1722=LINE('',#13875,#2473);
#1723=LINE('',#13877,#2474);
#1724=LINE('',#13879,#2475);
#1725=LINE('',#13880,#2476);
#1726=LINE('',#13883,#2477);
#1727=LINE('',#13885,#2478);
#1728=LINE('',#13886,#2479);
#1729=LINE('',#13889,#2480);
#1730=LINE('',#13891,#2481);
#1731=LINE('',#13892,#2482);
#1732=LINE('',#13894,#2483);
#1733=LINE('',#13895,#2484);
#1734=LINE('',#13943,#2485);
#1735=LINE('',#13946,#2486);
#1736=LINE('',#13990,#2487);
#1737=LINE('',#13992,#2488);
#1738=LINE('',#13994,#2489);
#1739=LINE('',#13995,#2490);
#1740=LINE('',#13999,#2491);
#1741=LINE('',#14001,#2492);
#1742=LINE('',#14003,#2493);
#1743=LINE('',#14004,#2494);
#1744=LINE('',#14008,#2495);
#1745=LINE('',#14010,#2496);
#1746=LINE('',#14012,#2497);
#1747=LINE('',#14013,#2498);
#1748=LINE('',#14016,#2499);
#1749=LINE('',#14020,#2500);
#1750=LINE('',#14022,#2501);
#1751=LINE('',#14024,#2502);
#1752=LINE('',#14026,#2503);
#1753=LINE('',#14028,#2504);
#1754=LINE('',#14030,#2505);
#1755=LINE('',#14032,#2506);
#1756=LINE('',#14034,#2507);
#1757=LINE('',#14036,#2508);
#1758=LINE('',#14038,#2509);
#1759=LINE('',#14042,#2510);
#1760=LINE('',#14044,#2511);
#1761=LINE('',#14047,#2512);
#1762=LINE('',#14049,#2513);
#1763=LINE('',#14051,#2514);
#1764=LINE('',#14052,#2515);
#1765=LINE('',#14056,#2516);
#1766=LINE('',#14060,#2517);
#1767=LINE('',#14062,#2518);
#1768=LINE('',#14064,#2519);
#1769=LINE('',#14065,#2520);
#1770=LINE('',#14068,#2521);
#1771=LINE('',#14070,#2522);
#1772=LINE('',#14072,#2523);
#1773=LINE('',#14073,#2524);
#1774=LINE('',#14075,#2525);
#1775=LINE('',#14079,#2526);
#1776=LINE('',#14081,#2527);
#1777=LINE('',#14085,#2528);
#1778=LINE('',#14087,#2529);
#1779=LINE('',#14089,#2530);
#1780=LINE('',#14091,#2531);
#1781=LINE('',#14093,#2532);
#1782=LINE('',#14095,#2533);
#1783=LINE('',#14097,#2534);
#1784=LINE('',#14099,#2535);
#1785=LINE('',#14101,#2536);
#1786=LINE('',#14103,#2537);
#1787=LINE('',#14108,#2538);
#1788=LINE('',#14111,#2539);
#1789=LINE('',#14114,#2540);
#1790=LINE('',#14116,#2541);
#1791=LINE('',#14117,#2542);
#1792=LINE('',#14120,#2543);
#1793=LINE('',#14122,#2544);
#1794=LINE('',#14125,#2545);
#1795=LINE('',#14126,#2546);
#1796=LINE('',#14128,#2547);
#1797=LINE('',#14129,#2548);
#1798=LINE('',#14132,#2549);
#1799=LINE('',#14133,#2550);
#1800=LINE('',#14135,#2551);
#1801=LINE('',#14137,#2552);
#1802=LINE('',#14139,#2553);
#1803=LINE('',#14141,#2554);
#1804=LINE('',#14143,#2555);
#1805=LINE('',#14145,#2556);
#1806=LINE('',#14147,#2557);
#1807=LINE('',#14149,#2558);
#1808=LINE('',#14151,#2559);
#1809=LINE('',#14153,#2560);
#1810=LINE('',#14155,#2561);
#1811=LINE('',#14157,#2562);
#1812=LINE('',#14159,#2563);
#1813=LINE('',#14161,#2564);
#1814=LINE('',#14164,#2565);
#1815=LINE('',#14166,#2566);
#1816=LINE('',#14168,#2567);
#1817=LINE('',#14170,#2568);
#1818=LINE('',#14217,#2569);
#1819=LINE('',#14220,#2570);
#1820=LINE('',#14264,#2571);
#1821=LINE('',#14266,#2572);
#1822=LINE('',#14268,#2573);
#1823=LINE('',#14269,#2574);
#1824=LINE('',#14273,#2575);
#1825=LINE('',#14275,#2576);
#1826=LINE('',#14277,#2577);
#1827=LINE('',#14278,#2578);
#1828=LINE('',#14282,#2579);
#1829=LINE('',#14284,#2580);
#1830=LINE('',#14286,#2581);
#1831=LINE('',#14287,#2582);
#1832=LINE('',#14290,#2583);
#1833=LINE('',#14294,#2584);
#1834=LINE('',#14296,#2585);
#1835=LINE('',#14298,#2586);
#1836=LINE('',#14300,#2587);
#1837=LINE('',#14302,#2588);
#1838=LINE('',#14304,#2589);
#1839=LINE('',#14306,#2590);
#1840=LINE('',#14308,#2591);
#1841=LINE('',#14310,#2592);
#1842=LINE('',#14312,#2593);
#1843=LINE('',#14316,#2594);
#1844=LINE('',#14318,#2595);
#1845=LINE('',#14321,#2596);
#1846=LINE('',#14323,#2597);
#1847=LINE('',#14325,#2598);
#1848=LINE('',#14326,#2599);
#1849=LINE('',#14330,#2600);
#1850=LINE('',#14334,#2601);
#1851=LINE('',#14336,#2602);
#1852=LINE('',#14338,#2603);
#1853=LINE('',#14339,#2604);
#1854=LINE('',#14342,#2605);
#1855=LINE('',#14344,#2606);
#1856=LINE('',#14346,#2607);
#1857=LINE('',#14347,#2608);
#1858=LINE('',#14349,#2609);
#1859=LINE('',#14353,#2610);
#1860=LINE('',#14355,#2611);
#1861=LINE('',#14359,#2612);
#1862=LINE('',#14361,#2613);
#1863=LINE('',#14363,#2614);
#1864=LINE('',#14365,#2615);
#1865=LINE('',#14367,#2616);
#1866=LINE('',#14369,#2617);
#1867=LINE('',#14371,#2618);
#1868=LINE('',#14373,#2619);
#1869=LINE('',#14375,#2620);
#1870=LINE('',#14377,#2621);
#1871=LINE('',#14382,#2622);
#1872=LINE('',#14385,#2623);
#1873=LINE('',#14388,#2624);
#1874=LINE('',#14390,#2625);
#1875=LINE('',#14391,#2626);
#1876=LINE('',#14394,#2627);
#1877=LINE('',#14396,#2628);
#1878=LINE('',#14399,#2629);
#1879=LINE('',#14400,#2630);
#1880=LINE('',#14402,#2631);
#1881=LINE('',#14403,#2632);
#1882=LINE('',#14406,#2633);
#1883=LINE('',#14407,#2634);
#1884=LINE('',#14409,#2635);
#1885=LINE('',#14411,#2636);
#1886=LINE('',#14413,#2637);
#1887=LINE('',#14415,#2638);
#1888=LINE('',#14417,#2639);
#1889=LINE('',#14419,#2640);
#1890=LINE('',#14421,#2641);
#1891=LINE('',#14423,#2642);
#1892=LINE('',#14425,#2643);
#1893=LINE('',#14427,#2644);
#1894=LINE('',#14429,#2645);
#1895=LINE('',#14431,#2646);
#1896=LINE('',#14433,#2647);
#1897=LINE('',#14435,#2648);
#1898=LINE('',#14438,#2649);
#1899=LINE('',#14440,#2650);
#1900=LINE('',#14442,#2651);
#1901=LINE('',#14444,#2652);
#1902=LINE('',#14449,#2653);
#1903=LINE('',#14451,#2654);
#1904=LINE('',#14453,#2655);
#1905=LINE('',#14454,#2656);
#1906=LINE('',#14457,#2657);
#1907=LINE('',#14459,#2658);
#1908=LINE('',#14460,#2659);
#1909=LINE('',#14463,#2660);
#1910=LINE('',#14465,#2661);
#1911=LINE('',#14466,#2662);
#1912=LINE('',#14468,#2663);
#1913=LINE('',#14469,#2664);
#1914=LINE('',#14475,#2665);
#1915=LINE('',#14477,#2666);
#1916=LINE('',#14479,#2667);
#1917=LINE('',#14480,#2668);
#1918=LINE('',#14483,#2669);
#1919=LINE('',#14485,#2670);
#1920=LINE('',#14486,#2671);
#1921=LINE('',#14489,#2672);
#1922=LINE('',#14491,#2673);
#1923=LINE('',#14492,#2674);
#1924=LINE('',#14494,#2675);
#1925=LINE('',#14495,#2676);
#1926=LINE('',#14502,#2677);
#1927=LINE('',#14508,#2678);
#1928=LINE('',#14513,#2679);
#1929=LINE('',#14515,#2680);
#1930=LINE('',#14517,#2681);
#1931=LINE('',#14518,#2682);
#1932=LINE('',#14521,#2683);
#1933=LINE('',#14523,#2684);
#1934=LINE('',#14524,#2685);
#1935=LINE('',#14527,#2686);
#1936=LINE('',#14529,#2687);
#1937=LINE('',#14530,#2688);
#1938=LINE('',#14532,#2689);
#1939=LINE('',#14533,#2690);
#1940=LINE('',#14538,#2691);
#1941=LINE('',#14540,#2692);
#1942=LINE('',#14542,#2693);
#1943=LINE('',#14543,#2694);
#1944=LINE('',#14546,#2695);
#1945=LINE('',#14547,#2696);
#1946=LINE('',#14549,#2697);
#1947=LINE('',#14550,#2698);
#1948=LINE('',#14553,#2699);
#1949=LINE('',#14555,#2700);
#1950=LINE('',#14556,#2701);
#1951=LINE('',#14559,#2702);
#1952=LINE('',#14561,#2703);
#1953=LINE('',#14562,#2704);
#1954=LINE('',#14564,#2705);
#1955=LINE('',#14565,#2706);
#1956=LINE('',#14571,#2707);
#1957=LINE('',#14573,#2708);
#1958=LINE('',#14575,#2709);
#1959=LINE('',#14576,#2710);
#1960=LINE('',#14579,#2711);
#1961=LINE('',#14581,#2712);
#1962=LINE('',#14582,#2713);
#1963=LINE('',#14585,#2714);
#1964=LINE('',#14587,#2715);
#1965=LINE('',#14588,#2716);
#1966=LINE('',#14590,#2717);
#1967=LINE('',#14591,#2718);
#1968=LINE('',#14597,#2719);
#1969=LINE('',#14599,#2720);
#1970=LINE('',#14601,#2721);
#1971=LINE('',#14602,#2722);
#1972=LINE('',#14605,#2723);
#1973=LINE('',#14607,#2724);
#1974=LINE('',#14608,#2725);
#1975=LINE('',#14611,#2726);
#1976=LINE('',#14613,#2727);
#1977=LINE('',#14614,#2728);
#1978=LINE('',#14616,#2729);
#1979=LINE('',#14617,#2730);
#1980=LINE('',#14623,#2731);
#1981=LINE('',#14625,#2732);
#1982=LINE('',#14627,#2733);
#1983=LINE('',#14628,#2734);
#1984=LINE('',#14631,#2735);
#1985=LINE('',#14633,#2736);
#1986=LINE('',#14634,#2737);
#1987=LINE('',#14637,#2738);
#1988=LINE('',#14639,#2739);
#1989=LINE('',#14640,#2740);
#1990=LINE('',#14642,#2741);
#1991=LINE('',#14643,#2742);
#1992=LINE('',#14649,#2743);
#1993=LINE('',#14651,#2744);
#1994=LINE('',#14653,#2745);
#1995=LINE('',#14654,#2746);
#1996=LINE('',#14657,#2747);
#1997=LINE('',#14659,#2748);
#1998=LINE('',#14660,#2749);
#1999=LINE('',#14663,#2750);
#2000=LINE('',#14665,#2751);
#2001=LINE('',#14666,#2752);
#2002=LINE('',#14668,#2753);
#2003=LINE('',#14669,#2754);
#2004=LINE('',#14675,#2755);
#2005=LINE('',#14677,#2756);
#2006=LINE('',#14679,#2757);
#2007=LINE('',#14680,#2758);
#2008=LINE('',#14683,#2759);
#2009=LINE('',#14685,#2760);
#2010=LINE('',#14686,#2761);
#2011=LINE('',#14689,#2762);
#2012=LINE('',#14691,#2763);
#2013=LINE('',#14692,#2764);
#2014=LINE('',#14695,#2765);
#2015=LINE('',#14697,#2766);
#2016=LINE('',#14698,#2767);
#2017=LINE('',#14701,#2768);
#2018=LINE('',#14703,#2769);
#2019=LINE('',#14704,#2770);
#2020=LINE('',#14706,#2771);
#2021=LINE('',#14707,#2772);
#2022=LINE('',#14714,#2773);
#2023=LINE('',#14720,#2774);
#2024=LINE('',#14722,#2775);
#2025=LINE('',#14724,#2776);
#2026=LINE('',#14725,#2777);
#2027=LINE('',#14728,#2778);
#2028=LINE('',#14730,#2779);
#2029=LINE('',#14731,#2780);
#2030=LINE('',#14734,#2781);
#2031=LINE('',#14736,#2782);
#2032=LINE('',#14737,#2783);
#2033=LINE('',#14739,#2784);
#2034=LINE('',#14740,#2785);
#2035=LINE('',#14746,#2786);
#2036=LINE('',#14748,#2787);
#2037=LINE('',#14750,#2788);
#2038=LINE('',#14751,#2789);
#2039=LINE('',#14754,#2790);
#2040=LINE('',#14756,#2791);
#2041=LINE('',#14757,#2792);
#2042=LINE('',#14760,#2793);
#2043=LINE('',#14762,#2794);
#2044=LINE('',#14763,#2795);
#2045=LINE('',#14765,#2796);
#2046=LINE('',#14766,#2797);
#2047=LINE('',#14772,#2798);
#2048=LINE('',#14774,#2799);
#2049=LINE('',#14776,#2800);
#2050=LINE('',#14777,#2801);
#2051=LINE('',#14780,#2802);
#2052=LINE('',#14782,#2803);
#2053=LINE('',#14783,#2804);
#2054=LINE('',#14786,#2805);
#2055=LINE('',#14788,#2806);
#2056=LINE('',#14789,#2807);
#2057=LINE('',#14791,#2808);
#2058=LINE('',#14792,#2809);
#2059=LINE('',#14798,#2810);
#2060=LINE('',#14800,#2811);
#2061=LINE('',#14802,#2812);
#2062=LINE('',#14803,#2813);
#2063=LINE('',#14806,#2814);
#2064=LINE('',#14808,#2815);
#2065=LINE('',#14809,#2816);
#2066=LINE('',#14812,#2817);
#2067=LINE('',#14814,#2818);
#2068=LINE('',#14815,#2819);
#2069=LINE('',#14817,#2820);
#2070=LINE('',#14818,#2821);
#2071=LINE('',#14824,#2822);
#2072=LINE('',#14826,#2823);
#2073=LINE('',#14828,#2824);
#2074=LINE('',#14829,#2825);
#2075=LINE('',#14832,#2826);
#2076=LINE('',#14834,#2827);
#2077=LINE('',#14835,#2828);
#2078=LINE('',#14838,#2829);
#2079=LINE('',#14840,#2830);
#2080=LINE('',#14841,#2831);
#2081=LINE('',#14843,#2832);
#2082=LINE('',#14844,#2833);
#2083=LINE('',#14850,#2834);
#2084=LINE('',#14852,#2835);
#2085=LINE('',#14854,#2836);
#2086=LINE('',#14855,#2837);
#2087=LINE('',#14858,#2838);
#2088=LINE('',#14860,#2839);
#2089=LINE('',#14861,#2840);
#2090=LINE('',#14864,#2841);
#2091=LINE('',#14866,#2842);
#2092=LINE('',#14867,#2843);
#2093=LINE('',#14869,#2844);
#2094=LINE('',#14870,#2845);
#2095=LINE('',#14876,#2846);
#2096=LINE('',#14878,#2847);
#2097=LINE('',#14880,#2848);
#2098=LINE('',#14881,#2849);
#2099=LINE('',#14884,#2850);
#2100=LINE('',#14886,#2851);
#2101=LINE('',#14887,#2852);
#2102=LINE('',#14890,#2853);
#2103=LINE('',#14892,#2854);
#2104=LINE('',#14893,#2855);
#2105=LINE('',#14895,#2856);
#2106=LINE('',#14896,#2857);
#2107=LINE('',#14902,#2858);
#2108=LINE('',#14904,#2859);
#2109=LINE('',#14906,#2860);
#2110=LINE('',#14907,#2861);
#2111=LINE('',#14910,#2862);
#2112=LINE('',#14912,#2863);
#2113=LINE('',#14913,#2864);
#2114=LINE('',#14916,#2865);
#2115=LINE('',#14918,#2866);
#2116=LINE('',#14919,#2867);
#2117=LINE('',#14921,#2868);
#2118=LINE('',#14922,#2869);
#2119=LINE('',#14928,#2870);
#2120=LINE('',#14930,#2871);
#2121=LINE('',#14932,#2872);
#2122=LINE('',#14933,#2873);
#2123=LINE('',#14936,#2874);
#2124=LINE('',#14938,#2875);
#2125=LINE('',#14939,#2876);
#2126=LINE('',#14942,#2877);
#2127=LINE('',#14943,#2878);
#2128=LINE('',#14946,#2879);
#2129=LINE('',#14948,#2880);
#2130=LINE('',#14950,#2881);
#2131=LINE('',#14952,#2882);
#2132=LINE('',#14954,#2883);
#2133=LINE('',#14956,#2884);
#2134=LINE('',#14958,#2885);
#2135=LINE('',#14959,#2886);
#2136=LINE('',#14962,#2887);
#2137=LINE('',#14963,#2888);
#2138=LINE('',#14966,#2889);
#2139=LINE('',#14967,#2890);
#2140=LINE('',#14969,#2891);
#2141=LINE('',#14972,#2892);
#2142=LINE('',#14974,#2893);
#2143=LINE('',#14975,#2894);
#2144=LINE('',#14978,#2895);
#2145=LINE('',#14979,#2896);
#2146=LINE('',#14982,#2897);
#2147=LINE('',#14983,#2898);
#2148=LINE('',#14985,#2899);
#2149=LINE('',#14990,#2900);
#2150=LINE('',#14992,#2901);
#2151=LINE('',#14994,#2902);
#2152=LINE('',#14995,#2903);
#2153=LINE('',#14998,#2904);
#2154=LINE('',#15000,#2905);
#2155=LINE('',#15001,#2906);
#2156=LINE('',#15004,#2907);
#2157=LINE('',#15006,#2908);
#2158=LINE('',#15008,#2909);
#2159=LINE('',#15010,#2910);
#2160=LINE('',#15011,#2911);
#2161=LINE('',#15015,#2912);
#2162=LINE('',#15016,#2913);
#2163=LINE('',#15017,#2914);
#2164=LINE('',#15020,#2915);
#2165=LINE('',#15021,#2916);
#2166=LINE('',#15024,#2917);
#2167=LINE('',#15025,#2918);
#2168=LINE('',#15027,#2919);
#2169=LINE('',#15029,#2920);
#2170=LINE('',#15034,#2921);
#2171=LINE('',#15036,#2922);
#2172=LINE('',#15038,#2923);
#2173=LINE('',#15039,#2924);
#2174=LINE('',#15042,#2925);
#2175=LINE('',#15044,#2926);
#2176=LINE('',#15045,#2927);
#2177=LINE('',#15048,#2928);
#2178=LINE('',#15049,#2929);
#2179=LINE('',#15052,#2930);
#2180=LINE('',#15053,#2931);
#2181=LINE('',#15055,#2932);
#2182=LINE('',#15060,#2933);
#2183=LINE('',#15062,#2934);
#2184=LINE('',#15064,#2935);
#2185=LINE('',#15065,#2936);
#2186=LINE('',#15068,#2937);
#2187=LINE('',#15070,#2938);
#2188=LINE('',#15071,#2939);
#2189=LINE('',#15074,#2940);
#2190=LINE('',#15075,#2941);
#2191=LINE('',#15078,#2942);
#2192=LINE('',#15079,#2943);
#2193=LINE('',#15081,#2944);
#2194=LINE('',#15086,#2945);
#2195=LINE('',#15088,#2946);
#2196=LINE('',#15090,#2947);
#2197=LINE('',#15091,#2948);
#2198=LINE('',#15094,#2949);
#2199=LINE('',#15096,#2950);
#2200=LINE('',#15097,#2951);
#2201=LINE('',#15100,#2952);
#2202=LINE('',#15102,#2953);
#2203=LINE('',#15104,#2954);
#2204=LINE('',#15106,#2955);
#2205=LINE('',#15107,#2956);
#2206=LINE('',#15111,#2957);
#2207=LINE('',#15112,#2958);
#2208=LINE('',#15113,#2959);
#2209=LINE('',#15116,#2960);
#2210=LINE('',#15117,#2961);
#2211=LINE('',#15120,#2962);
#2212=LINE('',#15121,#2963);
#2213=LINE('',#15123,#2964);
#2214=LINE('',#15125,#2965);
#2215=LINE('',#15130,#2966);
#2216=LINE('',#15132,#2967);
#2217=LINE('',#15134,#2968);
#2218=LINE('',#15135,#2969);
#2219=LINE('',#15138,#2970);
#2220=LINE('',#15140,#2971);
#2221=LINE('',#15141,#2972);
#2222=LINE('',#15144,#2973);
#2223=LINE('',#15146,#2974);
#2224=LINE('',#15147,#2975);
#2225=LINE('',#15149,#2976);
#2226=LINE('',#15150,#2977);
#2227=LINE('',#15156,#2978);
#2228=LINE('',#15158,#2979);
#2229=LINE('',#15160,#2980);
#2230=LINE('',#15161,#2981);
#2231=LINE('',#15164,#2982);
#2232=LINE('',#15166,#2983);
#2233=LINE('',#15167,#2984);
#2234=LINE('',#15170,#2985);
#2235=LINE('',#15172,#2986);
#2236=LINE('',#15173,#2987);
#2237=LINE('',#15175,#2988);
#2238=LINE('',#15176,#2989);
#2239=LINE('',#15182,#2990);
#2240=LINE('',#15184,#2991);
#2241=LINE('',#15186,#2992);
#2242=LINE('',#15187,#2993);
#2243=LINE('',#15190,#2994);
#2244=LINE('',#15192,#2995);
#2245=LINE('',#15193,#2996);
#2246=LINE('',#15196,#2997);
#2247=LINE('',#15198,#2998);
#2248=LINE('',#15199,#2999);
#2249=LINE('',#15201,#3000);
#2250=LINE('',#15202,#3001);
#2251=LINE('',#15208,#3002);
#2252=LINE('',#15210,#3003);
#2253=LINE('',#15212,#3004);
#2254=LINE('',#15213,#3005);
#2255=LINE('',#15216,#3006);
#2256=LINE('',#15218,#3007);
#2257=LINE('',#15219,#3008);
#2258=LINE('',#15222,#3009);
#2259=LINE('',#15224,#3010);
#2260=LINE('',#15225,#3011);
#2261=LINE('',#15227,#3012);
#2262=LINE('',#15228,#3013);
#2263=LINE('',#15234,#3014);
#2264=LINE('',#15236,#3015);
#2265=LINE('',#15238,#3016);
#2266=LINE('',#15239,#3017);
#2267=LINE('',#15242,#3018);
#2268=LINE('',#15244,#3019);
#2269=LINE('',#15245,#3020);
#2270=LINE('',#15248,#3021);
#2271=LINE('',#15250,#3022);
#2272=LINE('',#15251,#3023);
#2273=LINE('',#15253,#3024);
#2274=LINE('',#15254,#3025);
#2275=VECTOR('',#8263,10.);
#2276=VECTOR('',#8264,10.);
#2277=VECTOR('',#8265,10.);
#2278=VECTOR('',#8266,10.);
#2279=VECTOR('',#8269,10.);
#2280=VECTOR('',#8272,10.);
#2281=VECTOR('',#8275,10.);
#2282=VECTOR('',#8276,10.);
#2283=VECTOR('',#8277,10.);
#2284=VECTOR('',#8280,10.);
#2285=VECTOR('',#8285,10.);
#2286=VECTOR('',#8286,10.);
#2287=VECTOR('',#8289,10.);
#2288=VECTOR('',#8290,10.);
#2289=VECTOR('',#8295,10.);
#2290=VECTOR('',#8298,10.);
#2291=VECTOR('',#8299,10.);
#2292=VECTOR('',#8302,10.);
#2293=VECTOR('',#8303,10.);
#2294=VECTOR('',#8322,10.);
#2295=VECTOR('',#8325,10.);
#2296=VECTOR('',#8328,10.);
#2297=VECTOR('',#8331,10.);
#2298=VECTOR('',#8340,6.5);
#2299=VECTOR('',#8349,6.5);
#2300=VECTOR('',#8362,10.);
#2301=VECTOR('',#8365,10.);
#2302=VECTOR('',#8374,10.);
#2303=VECTOR('',#8377,10.);
#2304=VECTOR('',#8386,10.);
#2305=VECTOR('',#8389,10.);
#2306=VECTOR('',#8406,10.);
#2307=VECTOR('',#8409,10.);
#2308=VECTOR('',#8426,10.);
#2309=VECTOR('',#8429,10.);
#2310=VECTOR('',#8438,10.);
#2311=VECTOR('',#8441,10.);
#2312=VECTOR('',#8450,10.);
#2313=VECTOR('',#8453,10.);
#2314=VECTOR('',#8466,10.);
#2315=VECTOR('',#8473,10.);
#2316=VECTOR('',#8474,10.);
#2317=VECTOR('',#8477,10.);
#2318=VECTOR('',#8482,10.);
#2319=VECTOR('',#8483,10.);
#2320=VECTOR('',#8486,10.);
#2321=VECTOR('',#8491,10.);
#2322=VECTOR('',#8496,10.);
#2323=VECTOR('',#8499,10.);
#2324=VECTOR('',#8508,10.);
#2325=VECTOR('',#8511,10.);
#2326=VECTOR('',#8530,10.);
#2327=VECTOR('',#8545,10.);
#2328=VECTOR('',#8554,10.);
#2329=VECTOR('',#8557,10.);
#2330=VECTOR('',#8560,10.);
#2331=VECTOR('',#8569,10.);
#2332=VECTOR('',#8572,10.);
#2333=VECTOR('',#8583,10.);
#2334=VECTOR('',#8592,10.);
#2335=VECTOR('',#8599,10.);
#2336=VECTOR('',#8602,10.);
#2337=VECTOR('',#8613,6.49999999999992);
#2338=VECTOR('',#8618,110.);
#2339=VECTOR('',#8635,72.5);
#2340=VECTOR('',#8638,10.);
#2341=VECTOR('',#8645,10.);
#2342=VECTOR('',#8648,10.);
#2343=VECTOR('',#8655,10.);
#2344=VECTOR('',#8658,10.);
#2345=VECTOR('',#8665,10.);
#2346=VECTOR('',#8668,10.);
#2347=VECTOR('',#8675,10.);
#2348=VECTOR('',#8678,10.);
#2349=VECTOR('',#8685,10.);
#2350=VECTOR('',#8688,10.);
#2351=VECTOR('',#8695,10.);
#2352=VECTOR('',#8702,9.50000000000003);
#2353=VECTOR('',#8731,10.);
#2354=VECTOR('',#8734,10.);
#2355=VECTOR('',#8737,10.);
#2356=VECTOR('',#8740,10.);
#2357=VECTOR('',#8743,10.);
#2358=VECTOR('',#8746,10.);
#2359=VECTOR('',#8749,10.);
#2360=VECTOR('',#8752,10.);
#2361=VECTOR('',#8755,10.);
#2362=VECTOR('',#8758,10.);
#2363=VECTOR('',#8761,10.);
#2364=VECTOR('',#8764,10.);
#2365=VECTOR('',#8769,10.);
#2366=VECTOR('',#8770,10.);
#2367=VECTOR('',#8771,10.);
#2368=VECTOR('',#8774,10.);
#2369=VECTOR('',#8777,10.);
#2370=VECTOR('',#8778,10.);
#2371=VECTOR('',#8781,10.);
#2372=VECTOR('',#8782,10.);
#2373=VECTOR('',#8785,10.);
#2374=VECTOR('',#8786,10.);
#2375=VECTOR('',#8787,10.);
#2376=VECTOR('',#8790,10.);
#2377=VECTOR('',#8793,10.);
#2378=VECTOR('',#8794,10.);
#2379=VECTOR('',#8799,10.);
#2380=VECTOR('',#8800,10.);
#2381=VECTOR('',#8801,10.);
#2382=VECTOR('',#8804,10.);
#2383=VECTOR('',#8807,10.);
#2384=VECTOR('',#8808,10.);
#2385=VECTOR('',#8813,10.);
#2386=VECTOR('',#8814,10.);
#2387=VECTOR('',#8815,10.);
#2388=VECTOR('',#8818,10.);
#2389=VECTOR('',#8821,10.);
#2390=VECTOR('',#8822,10.);
#2391=VECTOR('',#8825,10.);
#2392=VECTOR('',#8826,10.);
#2393=VECTOR('',#8829,10.);
#2394=VECTOR('',#8830,10.);
#2395=VECTOR('',#8831,10.);
#2396=VECTOR('',#8834,10.);
#2397=VECTOR('',#8837,10.);
#2398=VECTOR('',#8838,10.);
#2399=VECTOR('',#8843,10.);
#2400=VECTOR('',#8844,10.);
#2401=VECTOR('',#8845,10.);
#2402=VECTOR('',#8848,10.);
#2403=VECTOR('',#8851,10.);
#2404=VECTOR('',#8852,10.);
#2405=VECTOR('',#8861,10.);
#2406=VECTOR('',#8862,10.);
#2407=VECTOR('',#8867,10.);
#2408=VECTOR('',#8870,10.);
#2409=VECTOR('',#8871,10.);
#2410=VECTOR('',#8880,10.);
#2411=VECTOR('',#8883,10.);
#2412=VECTOR('',#8884,10.);
#2413=VECTOR('',#8889,10.);
#2414=VECTOR('',#8890,10.);
#2415=VECTOR('',#8891,10.);
#2416=VECTOR('',#8892,10.);
#2417=VECTOR('',#8895,10.);
#2418=VECTOR('',#8896,10.);
#2419=VECTOR('',#8897,10.);
#2420=VECTOR('',#8900,10.);
#2421=VECTOR('',#8901,10.);
#2422=VECTOR('',#8902,10.);
#2423=VECTOR('',#8905,10.);
#2424=VECTOR('',#8906,10.);
#2425=VECTOR('',#8913,10.);
#2426=VECTOR('',#8914,10.);
#2427=VECTOR('',#8915,10.);
#2428=VECTOR('',#8916,10.);
#2429=VECTOR('',#8919,10.);
#2430=VECTOR('',#8920,10.);
#2431=VECTOR('',#8921,10.);
#2432=VECTOR('',#8924,10.);
#2433=VECTOR('',#8925,10.);
#2434=VECTOR('',#8926,10.);
#2435=VECTOR('',#8929,10.);
#2436=VECTOR('',#8930,10.);
#2437=VECTOR('',#8937,10.);
#2438=VECTOR('',#8938,10.);
#2439=VECTOR('',#8939,10.);
#2440=VECTOR('',#8940,10.);
#2441=VECTOR('',#8959,10.);
#2442=VECTOR('',#8970,10.);
#2443=VECTOR('',#8981,10.);
#2444=VECTOR('',#8982,10.);
#2445=VECTOR('',#8993,10.);
#2446=VECTOR('',#8996,10.);
#2447=VECTOR('',#9007,10.);
#2448=VECTOR('',#9008,10.);
#2449=VECTOR('',#9019,10.);
#2450=VECTOR('',#9020,10.);
#2451=VECTOR('',#9023,10.);
#2452=VECTOR('',#9024,10.);
#2453=VECTOR('',#9035,10.);
#2454=VECTOR('',#9036,10.);
#2455=VECTOR('',#9039,10.);
#2456=VECTOR('',#9040,10.);
#2457=VECTOR('',#9043,10.);
#2458=VECTOR('',#9044,10.);
#2459=VECTOR('',#9047,10.);
#2460=VECTOR('',#9048,10.);
#2461=VECTOR('',#9061,10.);
#2462=VECTOR('',#9062,10.);
#2463=VECTOR('',#9063,10.);
#2464=VECTOR('',#9064,10.);
#2465=VECTOR('',#9067,10.);
#2466=VECTOR('',#9068,10.);
#2467=VECTOR('',#9069,10.);
#2468=VECTOR('',#9072,10.);
#2469=VECTOR('',#9073,10.);
#2470=VECTOR('',#9074,10.);
#2471=VECTOR('',#9077,10.);
#2472=VECTOR('',#9078,10.);
#2473=VECTOR('',#9085,10.);
#2474=VECTOR('',#9086,10.);
#2475=VECTOR('',#9087,10.);
#2476=VECTOR('',#9088,10.);
#2477=VECTOR('',#9091,10.);
#2478=VECTOR('',#9092,10.);
#2479=VECTOR('',#9093,10.);
#2480=VECTOR('',#9096,10.);
#2481=VECTOR('',#9097,10.);
#2482=VECTOR('',#9098,10.);
#2483=VECTOR('',#9101,10.);
#2484=VECTOR('',#9102,10.);
#2485=VECTOR('',#9115,10.);
#2486=VECTOR('',#9118,10.);
#2487=VECTOR('',#9125,10.);
#2488=VECTOR('',#9126,10.);
#2489=VECTOR('',#9127,10.);
#2490=VECTOR('',#9128,10.);
#2491=VECTOR('',#9131,10.);
#2492=VECTOR('',#9132,10.);
#2493=VECTOR('',#9133,10.);
#2494=VECTOR('',#9134,10.);
#2495=VECTOR('',#9137,10.);
#2496=VECTOR('',#9138,10.);
#2497=VECTOR('',#9139,10.);
#2498=VECTOR('',#9140,10.);
#2499=VECTOR('',#9143,10.);
#2500=VECTOR('',#9146,10.);
#2501=VECTOR('',#9147,10.);
#2502=VECTOR('',#9148,10.);
#2503=VECTOR('',#9149,10.);
#2504=VECTOR('',#9150,10.);
#2505=VECTOR('',#9151,10.);
#2506=VECTOR('',#9152,10.);
#2507=VECTOR('',#9153,10.);
#2508=VECTOR('',#9154,10.);
#2509=VECTOR('',#9155,10.);
#2510=VECTOR('',#9158,10.);
#2511=VECTOR('',#9159,10.);
#2512=VECTOR('',#9162,10.);
#2513=VECTOR('',#9163,10.);
#2514=VECTOR('',#9164,10.);
#2515=VECTOR('',#9165,10.);
#2516=VECTOR('',#9168,10.);
#2517=VECTOR('',#9171,10.);
#2518=VECTOR('',#9172,10.);
#2519=VECTOR('',#9173,10.);
#2520=VECTOR('',#9174,10.);
#2521=VECTOR('',#9177,10.);
#2522=VECTOR('',#9178,10.);
#2523=VECTOR('',#9179,10.);
#2524=VECTOR('',#9180,10.);
#2525=VECTOR('',#9181,10.);
#2526=VECTOR('',#9184,10.);
#2527=VECTOR('',#9185,10.);
#2528=VECTOR('',#9188,10.);
#2529=VECTOR('',#9189,10.);
#2530=VECTOR('',#9190,10.);
#2531=VECTOR('',#9191,10.);
#2532=VECTOR('',#9192,10.);
#2533=VECTOR('',#9193,10.);
#2534=VECTOR('',#9194,10.);
#2535=VECTOR('',#9195,10.);
#2536=VECTOR('',#9196,10.);
#2537=VECTOR('',#9197,10.);
#2538=VECTOR('',#9202,10.);
#2539=VECTOR('',#9205,10.);
#2540=VECTOR('',#9208,10.);
#2541=VECTOR('',#9211,10.);
#2542=VECTOR('',#9212,10.);
#2543=VECTOR('',#9215,10.);
#2544=VECTOR('',#9216,10.);
#2545=VECTOR('',#9221,10.);
#2546=VECTOR('',#9222,10.);
#2547=VECTOR('',#9225,10.);
#2548=VECTOR('',#9226,10.);
#2549=VECTOR('',#9231,10.);
#2550=VECTOR('',#9232,10.);
#2551=VECTOR('',#9235,10.);
#2552=VECTOR('',#9238,10.);
#2553=VECTOR('',#9241,10.);
#2554=VECTOR('',#9244,10.);
#2555=VECTOR('',#9247,10.);
#2556=VECTOR('',#9250,10.);
#2557=VECTOR('',#9253,10.);
#2558=VECTOR('',#9256,10.);
#2559=VECTOR('',#9259,10.);
#2560=VECTOR('',#9262,10.);
#2561=VECTOR('',#9265,10.);
#2562=VECTOR('',#9268,10.);
#2563=VECTOR('',#9271,10.);
#2564=VECTOR('',#9274,10.);
#2565=VECTOR('',#9279,10.);
#2566=VECTOR('',#9282,10.);
#2567=VECTOR('',#9285,10.);
#2568=VECTOR('',#9288,10.);
#2569=VECTOR('',#9299,10.);
#2570=VECTOR('',#9302,10.);
#2571=VECTOR('',#9309,10.);
#2572=VECTOR('',#9310,10.);
#2573=VECTOR('',#9311,10.);
#2574=VECTOR('',#9312,10.);
#2575=VECTOR('',#9315,10.);
#2576=VECTOR('',#9316,10.);
#2577=VECTOR('',#9317,10.);
#2578=VECTOR('',#9318,10.);
#2579=VECTOR('',#9321,10.);
#2580=VECTOR('',#9322,10.);
#2581=VECTOR('',#9323,10.);
#2582=VECTOR('',#9324,10.);
#2583=VECTOR('',#9327,10.);
#2584=VECTOR('',#9330,10.);
#2585=VECTOR('',#9331,10.);
#2586=VECTOR('',#9332,10.);
#2587=VECTOR('',#9333,10.);
#2588=VECTOR('',#9334,10.);
#2589=VECTOR('',#9335,10.);
#2590=VECTOR('',#9336,10.);
#2591=VECTOR('',#9337,10.);
#2592=VECTOR('',#9338,10.);
#2593=VECTOR('',#9339,10.);
#2594=VECTOR('',#9342,10.);
#2595=VECTOR('',#9343,10.);
#2596=VECTOR('',#9346,10.);
#2597=VECTOR('',#9347,10.);
#2598=VECTOR('',#9348,10.);
#2599=VECTOR('',#9349,10.);
#2600=VECTOR('',#9352,10.);
#2601=VECTOR('',#9355,10.);
#2602=VECTOR('',#9356,10.);
#2603=VECTOR('',#9357,10.);
#2604=VECTOR('',#9358,10.);
#2605=VECTOR('',#9361,10.);
#2606=VECTOR('',#9362,10.);
#2607=VECTOR('',#9363,10.);
#2608=VECTOR('',#9364,10.);
#2609=VECTOR('',#9365,10.);
#2610=VECTOR('',#9368,10.);
#2611=VECTOR('',#9369,10.);
#2612=VECTOR('',#9372,10.);
#2613=VECTOR('',#9373,10.);
#2614=VECTOR('',#9374,10.);
#2615=VECTOR('',#9375,10.);
#2616=VECTOR('',#9376,10.);
#2617=VECTOR('',#9377,10.);
#2618=VECTOR('',#9378,10.);
#2619=VECTOR('',#9379,10.);
#2620=VECTOR('',#9380,10.);
#2621=VECTOR('',#9381,10.);
#2622=VECTOR('',#9386,10.);
#2623=VECTOR('',#9389,10.);
#2624=VECTOR('',#9392,10.);
#2625=VECTOR('',#9395,10.);
#2626=VECTOR('',#9396,10.);
#2627=VECTOR('',#9399,10.);
#2628=VECTOR('',#9400,10.);
#2629=VECTOR('',#9405,10.);
#2630=VECTOR('',#9406,10.);
#2631=VECTOR('',#9409,10.);
#2632=VECTOR('',#9410,10.);
#2633=VECTOR('',#9415,10.);
#2634=VECTOR('',#9416,10.);
#2635=VECTOR('',#9419,10.);
#2636=VECTOR('',#9422,10.);
#2637=VECTOR('',#9425,10.);
#2638=VECTOR('',#9428,10.);
#2639=VECTOR('',#9431,10.);
#2640=VECTOR('',#9434,10.);
#2641=VECTOR('',#9437,10.);
#2642=VECTOR('',#9440,10.);
#2643=VECTOR('',#9443,10.);
#2644=VECTOR('',#9446,10.);
#2645=VECTOR('',#9449,10.);
#2646=VECTOR('',#9452,10.);
#2647=VECTOR('',#9455,10.);
#2648=VECTOR('',#9458,10.);
#2649=VECTOR('',#9463,10.);
#2650=VECTOR('',#9466,10.);
#2651=VECTOR('',#9469,10.);
#2652=VECTOR('',#9472,10.);
#2653=VECTOR('',#9477,10.);
#2654=VECTOR('',#9478,10.);
#2655=VECTOR('',#9479,10.);
#2656=VECTOR('',#9480,10.);
#2657=VECTOR('',#9483,10.);
#2658=VECTOR('',#9484,10.);
#2659=VECTOR('',#9485,10.);
#2660=VECTOR('',#9488,10.);
#2661=VECTOR('',#9489,10.);
#2662=VECTOR('',#9490,10.);
#2663=VECTOR('',#9493,10.);
#2664=VECTOR('',#9494,10.);
#2665=VECTOR('',#9501,10.);
#2666=VECTOR('',#9502,10.);
#2667=VECTOR('',#9503,10.);
#2668=VECTOR('',#9504,10.);
#2669=VECTOR('',#9507,10.);
#2670=VECTOR('',#9508,10.);
#2671=VECTOR('',#9509,10.);
#2672=VECTOR('',#9512,10.);
#2673=VECTOR('',#9513,10.);
#2674=VECTOR('',#9514,10.);
#2675=VECTOR('',#9517,10.);
#2676=VECTOR('',#9518,10.);
#2677=VECTOR('',#9527,3.25);
#2678=VECTOR('',#9534,3.24999999999996);
#2679=VECTOR('',#9539,10.);
#2680=VECTOR('',#9540,10.);
#2681=VECTOR('',#9541,10.);
#2682=VECTOR('',#9542,10.);
#2683=VECTOR('',#9545,10.);
#2684=VECTOR('',#9546,10.);
#2685=VECTOR('',#9547,10.);
#2686=VECTOR('',#9550,10.);
#2687=VECTOR('',#9551,10.);
#2688=VECTOR('',#9552,10.);
#2689=VECTOR('',#9555,10.);
#2690=VECTOR('',#9556,10.);
#2691=VECTOR('',#9561,10.);
#2692=VECTOR('',#9562,10.);
#2693=VECTOR('',#9563,10.);
#2694=VECTOR('',#9564,10.);
#2695=VECTOR('',#9567,10.);
#2696=VECTOR('',#9568,10.);
#2697=VECTOR('',#9569,10.);
#2698=VECTOR('',#9570,10.);
#2699=VECTOR('',#9573,10.);
#2700=VECTOR('',#9574,10.);
#2701=VECTOR('',#9575,10.);
#2702=VECTOR('',#9578,10.);
#2703=VECTOR('',#9579,10.);
#2704=VECTOR('',#9580,10.);
#2705=VECTOR('',#9583,10.);
#2706=VECTOR('',#9584,10.);
#2707=VECTOR('',#9591,10.);
#2708=VECTOR('',#9592,10.);
#2709=VECTOR('',#9593,10.);
#2710=VECTOR('',#9594,10.);
#2711=VECTOR('',#9597,10.);
#2712=VECTOR('',#9598,10.);
#2713=VECTOR('',#9599,10.);
#2714=VECTOR('',#9602,10.);
#2715=VECTOR('',#9603,10.);
#2716=VECTOR('',#9604,10.);
#2717=VECTOR('',#9607,10.);
#2718=VECTOR('',#9608,10.);
#2719=VECTOR('',#9615,10.);
#2720=VECTOR('',#9616,10.);
#2721=VECTOR('',#9617,10.);
#2722=VECTOR('',#9618,10.);
#2723=VECTOR('',#9621,10.);
#2724=VECTOR('',#9622,10.);
#2725=VECTOR('',#9623,10.);
#2726=VECTOR('',#9626,10.);
#2727=VECTOR('',#9627,10.);
#2728=VECTOR('',#9628,10.);
#2729=VECTOR('',#9631,10.);
#2730=VECTOR('',#9632,10.);
#2731=VECTOR('',#9639,10.);
#2732=VECTOR('',#9640,10.);
#2733=VECTOR('',#9641,10.);
#2734=VECTOR('',#9642,10.);
#2735=VECTOR('',#9645,10.);
#2736=VECTOR('',#9646,10.);
#2737=VECTOR('',#9647,10.);
#2738=VECTOR('',#9650,10.);
#2739=VECTOR('',#9651,10.);
#2740=VECTOR('',#9652,10.);
#2741=VECTOR('',#9655,10.);
#2742=VECTOR('',#9656,10.);
#2743=VECTOR('',#9663,10.);
#2744=VECTOR('',#9664,10.);
#2745=VECTOR('',#9665,10.);
#2746=VECTOR('',#9666,10.);
#2747=VECTOR('',#9669,10.);
#2748=VECTOR('',#9670,10.);
#2749=VECTOR('',#9671,10.);
#2750=VECTOR('',#9674,10.);
#2751=VECTOR('',#9675,10.);
#2752=VECTOR('',#9676,10.);
#2753=VECTOR('',#9679,10.);
#2754=VECTOR('',#9680,10.);
#2755=VECTOR('',#9687,10.);
#2756=VECTOR('',#9688,10.);
#2757=VECTOR('',#9689,10.);
#2758=VECTOR('',#9690,10.);
#2759=VECTOR('',#9693,10.);
#2760=VECTOR('',#9694,10.);
#2761=VECTOR('',#9695,10.);
#2762=VECTOR('',#9698,10.);
#2763=VECTOR('',#9699,10.);
#2764=VECTOR('',#9700,10.);
#2765=VECTOR('',#9703,10.);
#2766=VECTOR('',#9704,10.);
#2767=VECTOR('',#9705,10.);
#2768=VECTOR('',#9708,10.);
#2769=VECTOR('',#9709,10.);
#2770=VECTOR('',#9710,10.);
#2771=VECTOR('',#9713,10.);
#2772=VECTOR('',#9714,10.);
#2773=VECTOR('',#9723,15.3632220775519);
#2774=VECTOR('',#9730,10.);
#2775=VECTOR('',#9731,10.);
#2776=VECTOR('',#9732,10.);
#2777=VECTOR('',#9733,10.);
#2778=VECTOR('',#9736,10.);
#2779=VECTOR('',#9737,10.);
#2780=VECTOR('',#9738,10.);
#2781=VECTOR('',#9741,10.);
#2782=VECTOR('',#9742,10.);
#2783=VECTOR('',#9743,10.);
#2784=VECTOR('',#9746,10.);
#2785=VECTOR('',#9747,10.);
#2786=VECTOR('',#9754,10.);
#2787=VECTOR('',#9755,10.);
#2788=VECTOR('',#9756,10.);
#2789=VECTOR('',#9757,10.);
#2790=VECTOR('',#9760,10.);
#2791=VECTOR('',#9761,10.);
#2792=VECTOR('',#9762,10.);
#2793=VECTOR('',#9765,10.);
#2794=VECTOR('',#9766,10.);
#2795=VECTOR('',#9767,10.);
#2796=VECTOR('',#9770,10.);
#2797=VECTOR('',#9771,10.);
#2798=VECTOR('',#9778,10.);
#2799=VECTOR('',#9779,10.);
#2800=VECTOR('',#9780,10.);
#2801=VECTOR('',#9781,10.);
#2802=VECTOR('',#9784,10.);
#2803=VECTOR('',#9785,10.);
#2804=VECTOR('',#9786,10.);
#2805=VECTOR('',#9789,10.);
#2806=VECTOR('',#9790,10.);
#2807=VECTOR('',#9791,10.);
#2808=VECTOR('',#9794,10.);
#2809=VECTOR('',#9795,10.);
#2810=VECTOR('',#9802,10.);
#2811=VECTOR('',#9803,10.);
#2812=VECTOR('',#9804,10.);
#2813=VECTOR('',#9805,10.);
#2814=VECTOR('',#9808,10.);
#2815=VECTOR('',#9809,10.);
#2816=VECTOR('',#9810,10.);
#2817=VECTOR('',#9813,10.);
#2818=VECTOR('',#9814,10.);
#2819=VECTOR('',#9815,10.);
#2820=VECTOR('',#9818,10.);
#2821=VECTOR('',#9819,10.);
#2822=VECTOR('',#9826,10.);
#2823=VECTOR('',#9827,10.);
#2824=VECTOR('',#9828,10.);
#2825=VECTOR('',#9829,10.);
#2826=VECTOR('',#9832,10.);
#2827=VECTOR('',#9833,10.);
#2828=VECTOR('',#9834,10.);
#2829=VECTOR('',#9837,10.);
#2830=VECTOR('',#9838,10.);
#2831=VECTOR('',#9839,10.);
#2832=VECTOR('',#9842,10.);
#2833=VECTOR('',#9843,10.);
#2834=VECTOR('',#9850,10.);
#2835=VECTOR('',#9851,10.);
#2836=VECTOR('',#9852,10.);
#2837=VECTOR('',#9853,10.);
#2838=VECTOR('',#9856,10.);
#2839=VECTOR('',#9857,10.);
#2840=VECTOR('',#9858,10.);
#2841=VECTOR('',#9861,10.);
#2842=VECTOR('',#9862,10.);
#2843=VECTOR('',#9863,10.);
#2844=VECTOR('',#9866,10.);
#2845=VECTOR('',#9867,10.);
#2846=VECTOR('',#9874,10.);
#2847=VECTOR('',#9875,10.);
#2848=VECTOR('',#9876,10.);
#2849=VECTOR('',#9877,10.);
#2850=VECTOR('',#9880,10.);
#2851=VECTOR('',#9881,10.);
#2852=VECTOR('',#9882,10.);
#2853=VECTOR('',#9885,10.);
#2854=VECTOR('',#9886,10.);
#2855=VECTOR('',#9887,10.);
#2856=VECTOR('',#9890,10.);
#2857=VECTOR('',#9891,10.);
#2858=VECTOR('',#9898,10.);
#2859=VECTOR('',#9899,10.);
#2860=VECTOR('',#9900,10.);
#2861=VECTOR('',#9901,10.);
#2862=VECTOR('',#9904,10.);
#2863=VECTOR('',#9905,10.);
#2864=VECTOR('',#9906,10.);
#2865=VECTOR('',#9909,10.);
#2866=VECTOR('',#9910,10.);
#2867=VECTOR('',#9911,10.);
#2868=VECTOR('',#9914,10.);
#2869=VECTOR('',#9915,10.);
#2870=VECTOR('',#9922,10.);
#2871=VECTOR('',#9923,10.);
#2872=VECTOR('',#9924,10.);
#2873=VECTOR('',#9925,10.);
#2874=VECTOR('',#9928,10.);
#2875=VECTOR('',#9929,10.);
#2876=VECTOR('',#9930,10.);
#2877=VECTOR('',#9933,10.);
#2878=VECTOR('',#9934,10.);
#2879=VECTOR('',#9937,10.);
#2880=VECTOR('',#9938,10.);
#2881=VECTOR('',#9939,10.);
#2882=VECTOR('',#9940,10.);
#2883=VECTOR('',#9941,10.);
#2884=VECTOR('',#9942,10.);
#2885=VECTOR('',#9943,10.);
#2886=VECTOR('',#9944,10.);
#2887=VECTOR('',#9947,10.);
#2888=VECTOR('',#9948,10.);
#2889=VECTOR('',#9951,10.);
#2890=VECTOR('',#9952,10.);
#2891=VECTOR('',#9955,10.);
#2892=VECTOR('',#9958,10.);
#2893=VECTOR('',#9959,10.);
#2894=VECTOR('',#9960,10.);
#2895=VECTOR('',#9963,10.);
#2896=VECTOR('',#9964,10.);
#2897=VECTOR('',#9967,10.);
#2898=VECTOR('',#9968,10.);
#2899=VECTOR('',#9971,10.);
#2900=VECTOR('',#9976,10.);
#2901=VECTOR('',#9977,10.);
#2902=VECTOR('',#9978,10.);
#2903=VECTOR('',#9979,10.);
#2904=VECTOR('',#9982,10.);
#2905=VECTOR('',#9983,10.);
#2906=VECTOR('',#9984,10.);
#2907=VECTOR('',#9987,10.);
#2908=VECTOR('',#9988,10.);
#2909=VECTOR('',#9989,10.);
#2910=VECTOR('',#9990,10.);
#2911=VECTOR('',#9991,10.);
#2912=VECTOR('',#9994,10.);
#2913=VECTOR('',#9995,10.);
#2914=VECTOR('',#9996,10.);
#2915=VECTOR('',#9999,10.);
#2916=VECTOR('',#10000,10.);
#2917=VECTOR('',#10003,10.);
#2918=VECTOR('',#10004,10.);
#2919=VECTOR('',#10007,10.);
#2920=VECTOR('',#10010,10.);
#2921=VECTOR('',#10015,10.);
#2922=VECTOR('',#10016,10.);
#2923=VECTOR('',#10017,10.);
#2924=VECTOR('',#10018,10.);
#2925=VECTOR('',#10021,10.);
#2926=VECTOR('',#10022,10.);
#2927=VECTOR('',#10023,10.);
#2928=VECTOR('',#10026,10.);
#2929=VECTOR('',#10027,10.);
#2930=VECTOR('',#10030,10.);
#2931=VECTOR('',#10031,10.);
#2932=VECTOR('',#10034,10.);
#2933=VECTOR('',#10039,10.);
#2934=VECTOR('',#10040,10.);
#2935=VECTOR('',#10041,10.);
#2936=VECTOR('',#10042,10.);
#2937=VECTOR('',#10045,10.);
#2938=VECTOR('',#10046,10.);
#2939=VECTOR('',#10047,10.);
#2940=VECTOR('',#10050,10.);
#2941=VECTOR('',#10051,10.);
#2942=VECTOR('',#10054,10.);
#2943=VECTOR('',#10055,10.);
#2944=VECTOR('',#10058,10.);
#2945=VECTOR('',#10063,10.);
#2946=VECTOR('',#10064,10.);
#2947=VECTOR('',#10065,10.);
#2948=VECTOR('',#10066,10.);
#2949=VECTOR('',#10069,10.);
#2950=VECTOR('',#10070,10.);
#2951=VECTOR('',#10071,10.);
#2952=VECTOR('',#10074,10.);
#2953=VECTOR('',#10075,10.);
#2954=VECTOR('',#10076,10.);
#2955=VECTOR('',#10077,10.);
#2956=VECTOR('',#10078,10.);
#2957=VECTOR('',#10081,10.);
#2958=VECTOR('',#10082,10.);
#2959=VECTOR('',#10083,10.);
#2960=VECTOR('',#10086,10.);
#2961=VECTOR('',#10087,10.);
#2962=VECTOR('',#10090,10.);
#2963=VECTOR('',#10091,10.);
#2964=VECTOR('',#10094,10.);
#2965=VECTOR('',#10097,10.);
#2966=VECTOR('',#10102,10.);
#2967=VECTOR('',#10103,10.);
#2968=VECTOR('',#10104,10.);
#2969=VECTOR('',#10105,10.);
#2970=VECTOR('',#10108,10.);
#2971=VECTOR('',#10109,10.);
#2972=VECTOR('',#10110,10.);
#2973=VECTOR('',#10113,10.);
#2974=VECTOR('',#10114,10.);
#2975=VECTOR('',#10115,10.);
#2976=VECTOR('',#10118,10.);
#2977=VECTOR('',#10119,10.);
#2978=VECTOR('',#10126,10.);
#2979=VECTOR('',#10127,10.);
#2980=VECTOR('',#10128,10.);
#2981=VECTOR('',#10129,10.);
#2982=VECTOR('',#10132,10.);
#2983=VECTOR('',#10133,10.);
#2984=VECTOR('',#10134,10.);
#2985=VECTOR('',#10137,10.);
#2986=VECTOR('',#10138,10.);
#2987=VECTOR('',#10139,10.);
#2988=VECTOR('',#10142,10.);
#2989=VECTOR('',#10143,10.);
#2990=VECTOR('',#10150,10.);
#2991=VECTOR('',#10151,10.);
#2992=VECTOR('',#10152,10.);
#2993=VECTOR('',#10153,10.);
#2994=VECTOR('',#10156,10.);
#2995=VECTOR('',#10157,10.);
#2996=VECTOR('',#10158,10.);
#2997=VECTOR('',#10161,10.);
#2998=VECTOR('',#10162,10.);
#2999=VECTOR('',#10163,10.);
#3000=VECTOR('',#10166,10.);
#3001=VECTOR('',#10167,10.);
#3002=VECTOR('',#10174,10.);
#3003=VECTOR('',#10175,10.);
#3004=VECTOR('',#10176,10.);
#3005=VECTOR('',#10177,10.);
#3006=VECTOR('',#10180,10.);
#3007=VECTOR('',#10181,10.);
#3008=VECTOR('',#10182,10.);
#3009=VECTOR('',#10185,10.);
#3010=VECTOR('',#10186,10.);
#3011=VECTOR('',#10187,10.);
#3012=VECTOR('',#10190,10.);
#3013=VECTOR('',#10191,10.);
#3014=VECTOR('',#10198,10.);
#3015=VECTOR('',#10199,10.);
#3016=VECTOR('',#10200,10.);
#3017=VECTOR('',#10201,10.);
#3018=VECTOR('',#10204,10.);
#3019=VECTOR('',#10205,10.);
#3020=VECTOR('',#10206,10.);
#3021=VECTOR('',#10209,10.);
#3022=VECTOR('',#10210,10.);
#3023=VECTOR('',#10211,10.);
#3024=VECTOR('',#10214,10.);
#3025=VECTOR('',#10215,10.);
#3026=VERTEX_POINT('',#10231);
#3027=VERTEX_POINT('',#10232);
#3028=VERTEX_POINT('',#10234);
#3029=VERTEX_POINT('',#10236);
#3030=VERTEX_POINT('',#10238);
#3031=VERTEX_POINT('',#10240);
#3032=VERTEX_POINT('',#10242);
#3033=VERTEX_POINT('',#10244);
#3034=VERTEX_POINT('',#10248);
#3035=VERTEX_POINT('',#10250);
#3036=VERTEX_POINT('',#10254);
#3037=VERTEX_POINT('',#10258);
#3038=VERTEX_POINT('',#10262);
#3039=VERTEX_POINT('',#10264);
#3040=VERTEX_POINT('',#10268);
#3041=VERTEX_POINT('',#10270);
#3042=VERTEX_POINT('',#10272);
#3043=VERTEX_POINT('',#10276);
#3044=VERTEX_POINT('',#10282);
#3045=VERTEX_POINT('',#10286);
#3046=VERTEX_POINT('',#10300);
#3047=VERTEX_POINT('',#10302);
#3048=VERTEX_POINT('',#10307);
#3049=VERTEX_POINT('',#10309);
#3050=VERTEX_POINT('',#10383);
#3051=VERTEX_POINT('',#10384);
#3052=VERTEX_POINT('',#10399);
#3053=VERTEX_POINT('',#10401);
#3054=VERTEX_POINT('',#10543);
#3055=VERTEX_POINT('',#10559);
#3056=VERTEX_POINT('',#10577);
#3057=VERTEX_POINT('',#10579);
#3058=VERTEX_POINT('',#10581);
#3059=VERTEX_POINT('',#10587);
#3060=VERTEX_POINT('',#10589);
#3061=VERTEX_POINT('',#10591);
#3062=VERTEX_POINT('',#10597);
#3063=VERTEX_POINT('',#10599);
#3064=VERTEX_POINT('',#10601);
#3065=VERTEX_POINT('',#10646);
#3066=VERTEX_POINT('',#10648);
#3067=VERTEX_POINT('',#10657);
#3068=VERTEX_POINT('',#10670);
#3069=VERTEX_POINT('',#10671);
#3070=VERTEX_POINT('',#10673);
#3071=VERTEX_POINT('',#10719);
#3072=VERTEX_POINT('',#10720);
#3073=VERTEX_POINT('',#10722);
#3074=VERTEX_POINT('',#10743);
#3075=VERTEX_POINT('',#10744);
#3076=VERTEX_POINT('',#10746);
#3077=VERTEX_POINT('',#10753);
#3078=VERTEX_POINT('',#10754);
#3079=VERTEX_POINT('',#10756);
#3080=VERTEX_POINT('',#10763);
#3081=VERTEX_POINT('',#10765);
#3082=VERTEX_POINT('',#10803);
#3083=VERTEX_POINT('',#10808);
#3084=VERTEX_POINT('',#10837);
#3085=VERTEX_POINT('',#10844);
#3086=VERTEX_POINT('',#10866);
#3087=VERTEX_POINT('',#10902);
#3088=VERTEX_POINT('',#10931);
#3089=VERTEX_POINT('',#10938);
#3090=VERTEX_POINT('',#10942);
#3091=VERTEX_POINT('',#10946);
#3092=VERTEX_POINT('',#10950);
#3093=VERTEX_POINT('',#10954);
#3094=VERTEX_POINT('',#10962);
#3095=VERTEX_POINT('',#10964);
#3096=VERTEX_POINT('',#10968);
#3097=VERTEX_POINT('',#10972);
#3098=VERTEX_POINT('',#10974);
#3099=VERTEX_POINT('',#11041);
#3100=VERTEX_POINT('',#11054);
#3101=VERTEX_POINT('',#11099);
#3102=VERTEX_POINT('',#11112);
#3103=VERTEX_POINT('',#11118);
#3104=VERTEX_POINT('',#11122);
#3105=VERTEX_POINT('',#11124);
#3106=VERTEX_POINT('',#11128);
#3107=VERTEX_POINT('',#11134);
#3108=VERTEX_POINT('',#11156);
#3109=VERTEX_POINT('',#11163);
#3110=VERTEX_POINT('',#11171);
#3111=VERTEX_POINT('',#11190);
#3112=VERTEX_POINT('',#11228);
#3113=VERTEX_POINT('',#11311);
#3114=VERTEX_POINT('',#11469);
#3115=VERTEX_POINT('',#11472);
#3116=VERTEX_POINT('',#11657);
#3117=VERTEX_POINT('',#11658);
#3118=VERTEX_POINT('',#11719);
#3119=VERTEX_POINT('',#11930);
#3120=VERTEX_POINT('',#11965);
#3121=VERTEX_POINT('',#11968);
#3122=VERTEX_POINT('',#11970);
#3123=VERTEX_POINT('',#11974);
#3124=VERTEX_POINT('',#11976);
#3125=VERTEX_POINT('',#11978);
#3126=VERTEX_POINT('',#11980);
#3127=VERTEX_POINT('',#11982);
#3128=VERTEX_POINT('',#11984);
#3129=VERTEX_POINT('',#11986);
#3130=VERTEX_POINT('',#11988);
#3131=VERTEX_POINT('',#11990);
#3132=VERTEX_POINT('',#11992);
#3133=VERTEX_POINT('',#11994);
#3134=VERTEX_POINT('',#11996);
#3135=VERTEX_POINT('',#11998);
#3136=VERTEX_POINT('',#12000);
#3137=VERTEX_POINT('',#12002);
#3138=VERTEX_POINT('',#12004);
#3139=VERTEX_POINT('',#12006);
#3140=VERTEX_POINT('',#12008);
#3141=VERTEX_POINT('',#12010);
#3142=VERTEX_POINT('',#12012);
#3143=VERTEX_POINT('',#12014);
#3144=VERTEX_POINT('',#12016);
#3145=VERTEX_POINT('',#12018);
#3146=VERTEX_POINT('',#12020);
#3147=VERTEX_POINT('',#12022);
#3148=VERTEX_POINT('',#12024);
#3149=VERTEX_POINT('',#12026);
#3150=VERTEX_POINT('',#12028);
#3151=VERTEX_POINT('',#12030);
#3152=VERTEX_POINT('',#12032);
#3153=VERTEX_POINT('',#12034);
#3154=VERTEX_POINT('',#12036);
#3155=VERTEX_POINT('',#12038);
#3156=VERTEX_POINT('',#12040);
#3157=VERTEX_POINT('',#12042);
#3158=VERTEX_POINT('',#12044);
#3159=VERTEX_POINT('',#12046);
#3160=VERTEX_POINT('',#12050);
#3161=VERTEX_POINT('',#12052);
#3162=VERTEX_POINT('',#12054);
#3163=VERTEX_POINT('',#12056);
#3164=VERTEX_POINT('',#12058);
#3165=VERTEX_POINT('',#12060);
#3166=VERTEX_POINT('',#12062);
#3167=VERTEX_POINT('',#12064);
#3168=VERTEX_POINT('',#12066);
#3169=VERTEX_POINT('',#12068);
#3170=VERTEX_POINT('',#12070);
#3171=VERTEX_POINT('',#12072);
#3172=VERTEX_POINT('',#12074);
#3173=VERTEX_POINT('',#12076);
#3174=VERTEX_POINT('',#12080);
#3175=VERTEX_POINT('',#12087);
#3176=VERTEX_POINT('',#12089);
#3177=VERTEX_POINT('',#12091);
#3178=VERTEX_POINT('',#12100);
#3179=VERTEX_POINT('',#12107);
#3180=VERTEX_POINT('',#12109);
#3181=VERTEX_POINT('',#12111);
#3182=VERTEX_POINT('',#12120);
#3183=VERTEX_POINT('',#12127);
#3184=VERTEX_POINT('',#12129);
#3185=VERTEX_POINT('',#12131);
#3186=VERTEX_POINT('',#12140);
#3187=VERTEX_POINT('',#12147);
#3188=VERTEX_POINT('',#12149);
#3189=VERTEX_POINT('',#12151);
#3190=VERTEX_POINT('',#12160);
#3191=VERTEX_POINT('',#12167);
#3192=VERTEX_POINT('',#12169);
#3193=VERTEX_POINT('',#12171);
#3194=VERTEX_POINT('',#12180);
#3195=VERTEX_POINT('',#12187);
#3196=VERTEX_POINT('',#12189);
#3197=VERTEX_POINT('',#12191);
#3198=VERTEX_POINT('',#12232);
#3199=VERTEX_POINT('',#12241);
#3200=VERTEX_POINT('',#12289);
#3201=VERTEX_POINT('',#12309);
#3202=VERTEX_POINT('',#12311);
#3203=VERTEX_POINT('',#12404);
#3204=VERTEX_POINT('',#12488);
#3205=VERTEX_POINT('',#12498);
#3206=VERTEX_POINT('',#12547);
#3207=VERTEX_POINT('',#12618);
#3208=VERTEX_POINT('',#12619);
#3209=VERTEX_POINT('',#12683);
#3210=VERTEX_POINT('',#12692);
#3211=VERTEX_POINT('',#12740);
#3212=VERTEX_POINT('',#12811);
#3213=VERTEX_POINT('',#12812);
#3214=VERTEX_POINT('',#12879);
#3215=VERTEX_POINT('',#12888);
#3216=VERTEX_POINT('',#12936);
#3217=VERTEX_POINT('',#12956);
#3218=VERTEX_POINT('',#12958);
#3219=VERTEX_POINT('',#13043);
#3220=VERTEX_POINT('',#13123);
#3221=VERTEX_POINT('',#13132);
#3222=VERTEX_POINT('',#13180);
#3223=VERTEX_POINT('',#13263);
#3224=VERTEX_POINT('',#13264);
#3225=VERTEX_POINT('',#13335);
#3226=VERTEX_POINT('',#13345);
#3227=VERTEX_POINT('',#13394);
#3228=VERTEX_POINT('',#13457);
#3229=VERTEX_POINT('',#13458);
#3230=VERTEX_POINT('',#13495);
#3231=VERTEX_POINT('',#13545);
#3232=VERTEX_POINT('',#13563);
#3233=VERTEX_POINT('',#13647);
#3234=VERTEX_POINT('',#13697);
#3235=VERTEX_POINT('',#13698);
#3236=VERTEX_POINT('',#13700);
#3237=VERTEX_POINT('',#13702);
#3238=VERTEX_POINT('',#13706);
#3239=VERTEX_POINT('',#13708);
#3240=VERTEX_POINT('',#13712);
#3241=VERTEX_POINT('',#13714);
#3242=VERTEX_POINT('',#13723);
#3243=VERTEX_POINT('',#13724);
#3244=VERTEX_POINT('',#13726);
#3245=VERTEX_POINT('',#13728);
#3246=VERTEX_POINT('',#13732);
#3247=VERTEX_POINT('',#13734);
#3248=VERTEX_POINT('',#13738);
#3249=VERTEX_POINT('',#13740);
#3250=VERTEX_POINT('',#13749);
#3251=VERTEX_POINT('',#13750);
#3252=VERTEX_POINT('',#13752);
#3253=VERTEX_POINT('',#13754);
#3254=VERTEX_POINT('',#13758);
#3255=VERTEX_POINT('',#13759);
#3256=VERTEX_POINT('',#13764);
#3257=VERTEX_POINT('',#13765);
#3258=VERTEX_POINT('',#13772);
#3259=VERTEX_POINT('',#13774);
#3260=VERTEX_POINT('',#13780);
#3261=VERTEX_POINT('',#13781);
#3262=VERTEX_POINT('',#13783);
#3263=VERTEX_POINT('',#13790);
#3264=VERTEX_POINT('',#13791);
#3265=VERTEX_POINT('',#13800);
#3266=VERTEX_POINT('',#13801);
#3267=VERTEX_POINT('',#13803);
#3268=VERTEX_POINT('',#13810);
#3269=VERTEX_POINT('',#13811);
#3270=VERTEX_POINT('',#13813);
#3271=VERTEX_POINT('',#13823);
#3272=VERTEX_POINT('',#13824);
#3273=VERTEX_POINT('',#13826);
#3274=VERTEX_POINT('',#13847);
#3275=VERTEX_POINT('',#13848);
#3276=VERTEX_POINT('',#13850);
#3277=VERTEX_POINT('',#13852);
#3278=VERTEX_POINT('',#13856);
#3279=VERTEX_POINT('',#13858);
#3280=VERTEX_POINT('',#13862);
#3281=VERTEX_POINT('',#13864);
#3282=VERTEX_POINT('',#13873);
#3283=VERTEX_POINT('',#13874);
#3284=VERTEX_POINT('',#13876);
#3285=VERTEX_POINT('',#13878);
#3286=VERTEX_POINT('',#13882);
#3287=VERTEX_POINT('',#13884);
#3288=VERTEX_POINT('',#13888);
#3289=VERTEX_POINT('',#13890);
#3290=VERTEX_POINT('',#13899);
#3291=VERTEX_POINT('',#13900);
#3292=VERTEX_POINT('',#13919);
#3293=VERTEX_POINT('',#13921);
#3294=VERTEX_POINT('',#13942);
#3295=VERTEX_POINT('',#13944);
#3296=VERTEX_POINT('',#13948);
#3297=VERTEX_POINT('',#13967);
#3298=VERTEX_POINT('',#13988);
#3299=VERTEX_POINT('',#13989);
#3300=VERTEX_POINT('',#13991);
#3301=VERTEX_POINT('',#13993);
#3302=VERTEX_POINT('',#13997);
#3303=VERTEX_POINT('',#13998);
#3304=VERTEX_POINT('',#14000);
#3305=VERTEX_POINT('',#14002);
#3306=VERTEX_POINT('',#14006);
#3307=VERTEX_POINT('',#14007);
#3308=VERTEX_POINT('',#14009);
#3309=VERTEX_POINT('',#14011);
#3310=VERTEX_POINT('',#14015);
#3311=VERTEX_POINT('',#14017);
#3312=VERTEX_POINT('',#14019);
#3313=VERTEX_POINT('',#14021);
#3314=VERTEX_POINT('',#14023);
#3315=VERTEX_POINT('',#14025);
#3316=VERTEX_POINT('',#14027);
#3317=VERTEX_POINT('',#14029);
#3318=VERTEX_POINT('',#14031);
#3319=VERTEX_POINT('',#14033);
#3320=VERTEX_POINT('',#14035);
#3321=VERTEX_POINT('',#14037);
#3322=VERTEX_POINT('',#14039);
#3323=VERTEX_POINT('',#14041);
#3324=VERTEX_POINT('',#14043);
#3325=VERTEX_POINT('',#14045);
#3326=VERTEX_POINT('',#14048);
#3327=VERTEX_POINT('',#14050);
#3328=VERTEX_POINT('',#14053);
#3329=VERTEX_POINT('',#14054);
#3330=VERTEX_POINT('',#14058);
#3331=VERTEX_POINT('',#14059);
#3332=VERTEX_POINT('',#14061);
#3333=VERTEX_POINT('',#14063);
#3334=VERTEX_POINT('',#14067);
#3335=VERTEX_POINT('',#14069);
#3336=VERTEX_POINT('',#14071);
#3337=VERTEX_POINT('',#14074);
#3338=VERTEX_POINT('',#14076);
#3339=VERTEX_POINT('',#14078);
#3340=VERTEX_POINT('',#14080);
#3341=VERTEX_POINT('',#14082);
#3342=VERTEX_POINT('',#14084);
#3343=VERTEX_POINT('',#14086);
#3344=VERTEX_POINT('',#14088);
#3345=VERTEX_POINT('',#14090);
#3346=VERTEX_POINT('',#14092);
#3347=VERTEX_POINT('',#14094);
#3348=VERTEX_POINT('',#14096);
#3349=VERTEX_POINT('',#14098);
#3350=VERTEX_POINT('',#14100);
#3351=VERTEX_POINT('',#14102);
#3352=VERTEX_POINT('',#14105);
#3353=VERTEX_POINT('',#14106);
#3354=VERTEX_POINT('',#14110);
#3355=VERTEX_POINT('',#14112);
#3356=VERTEX_POINT('',#14119);
#3357=VERTEX_POINT('',#14121);
#3358=VERTEX_POINT('',#14173);
#3359=VERTEX_POINT('',#14174);
#3360=VERTEX_POINT('',#14193);
#3361=VERTEX_POINT('',#14195);
#3362=VERTEX_POINT('',#14216);
#3363=VERTEX_POINT('',#14218);
#3364=VERTEX_POINT('',#14222);
#3365=VERTEX_POINT('',#14241);
#3366=VERTEX_POINT('',#14262);
#3367=VERTEX_POINT('',#14263);
#3368=VERTEX_POINT('',#14265);
#3369=VERTEX_POINT('',#14267);
#3370=VERTEX_POINT('',#14271);
#3371=VERTEX_POINT('',#14272);
#3372=VERTEX_POINT('',#14274);
#3373=VERTEX_POINT('',#14276);
#3374=VERTEX_POINT('',#14280);
#3375=VERTEX_POINT('',#14281);
#3376=VERTEX_POINT('',#14283);
#3377=VERTEX_POINT('',#14285);
#3378=VERTEX_POINT('',#14289);
#3379=VERTEX_POINT('',#14291);
#3380=VERTEX_POINT('',#14293);
#3381=VERTEX_POINT('',#14295);
#3382=VERTEX_POINT('',#14297);
#3383=VERTEX_POINT('',#14299);
#3384=VERTEX_POINT('',#14301);
#3385=VERTEX_POINT('',#14303);
#3386=VERTEX_POINT('',#14305);
#3387=VERTEX_POINT('',#14307);
#3388=VERTEX_POINT('',#14309);
#3389=VERTEX_POINT('',#14311);
#3390=VERTEX_POINT('',#14313);
#3391=VERTEX_POINT('',#14315);
#3392=VERTEX_POINT('',#14317);
#3393=VERTEX_POINT('',#14319);
#3394=VERTEX_POINT('',#14322);
#3395=VERTEX_POINT('',#14324);
#3396=VERTEX_POINT('',#14327);
#3397=VERTEX_POINT('',#14328);
#3398=VERTEX_POINT('',#14332);
#3399=VERTEX_POINT('',#14333);
#3400=VERTEX_POINT('',#14335);
#3401=VERTEX_POINT('',#14337);
#3402=VERTEX_POINT('',#14341);
#3403=VERTEX_POINT('',#14343);
#3404=VERTEX_POINT('',#14345);
#3405=VERTEX_POINT('',#14348);
#3406=VERTEX_POINT('',#14350);
#3407=VERTEX_POINT('',#14352);
#3408=VERTEX_POINT('',#14354);
#3409=VERTEX_POINT('',#14356);
#3410=VERTEX_POINT('',#14358);
#3411=VERTEX_POINT('',#14360);
#3412=VERTEX_POINT('',#14362);
#3413=VERTEX_POINT('',#14364);
#3414=VERTEX_POINT('',#14366);
#3415=VERTEX_POINT('',#14368);
#3416=VERTEX_POINT('',#14370);
#3417=VERTEX_POINT('',#14372);
#3418=VERTEX_POINT('',#14374);
#3419=VERTEX_POINT('',#14376);
#3420=VERTEX_POINT('',#14379);
#3421=VERTEX_POINT('',#14380);
#3422=VERTEX_POINT('',#14384);
#3423=VERTEX_POINT('',#14386);
#3424=VERTEX_POINT('',#14393);
#3425=VERTEX_POINT('',#14395);
#3426=VERTEX_POINT('',#14447);
#3427=VERTEX_POINT('',#14448);
#3428=VERTEX_POINT('',#14450);
#3429=VERTEX_POINT('',#14452);
#3430=VERTEX_POINT('',#14456);
#3431=VERTEX_POINT('',#14458);
#3432=VERTEX_POINT('',#14462);
#3433=VERTEX_POINT('',#14464);
#3434=VERTEX_POINT('',#14473);
#3435=VERTEX_POINT('',#14474);
#3436=VERTEX_POINT('',#14476);
#3437=VERTEX_POINT('',#14478);
#3438=VERTEX_POINT('',#14482);
#3439=VERTEX_POINT('',#14484);
#3440=VERTEX_POINT('',#14488);
#3441=VERTEX_POINT('',#14490);
#3442=VERTEX_POINT('',#14499);
#3443=VERTEX_POINT('',#14501);
#3444=VERTEX_POINT('',#14505);
#3445=VERTEX_POINT('',#14507);
#3446=VERTEX_POINT('',#14511);
#3447=VERTEX_POINT('',#14512);
#3448=VERTEX_POINT('',#14514);
#3449=VERTEX_POINT('',#14516);
#3450=VERTEX_POINT('',#14520);
#3451=VERTEX_POINT('',#14522);
#3452=VERTEX_POINT('',#14526);
#3453=VERTEX_POINT('',#14528);
#3454=VERTEX_POINT('',#14536);
#3455=VERTEX_POINT('',#14537);
#3456=VERTEX_POINT('',#14539);
#3457=VERTEX_POINT('',#14541);
#3458=VERTEX_POINT('',#14545);
#3459=VERTEX_POINT('',#14548);
#3460=VERTEX_POINT('',#14552);
#3461=VERTEX_POINT('',#14554);
#3462=VERTEX_POINT('',#14558);
#3463=VERTEX_POINT('',#14560);
#3464=VERTEX_POINT('',#14569);
#3465=VERTEX_POINT('',#14570);
#3466=VERTEX_POINT('',#14572);
#3467=VERTEX_POINT('',#14574);
#3468=VERTEX_POINT('',#14578);
#3469=VERTEX_POINT('',#14580);
#3470=VERTEX_POINT('',#14584);
#3471=VERTEX_POINT('',#14586);
#3472=VERTEX_POINT('',#14595);
#3473=VERTEX_POINT('',#14596);
#3474=VERTEX_POINT('',#14598);
#3475=VERTEX_POINT('',#14600);
#3476=VERTEX_POINT('',#14604);
#3477=VERTEX_POINT('',#14606);
#3478=VERTEX_POINT('',#14610);
#3479=VERTEX_POINT('',#14612);
#3480=VERTEX_POINT('',#14621);
#3481=VERTEX_POINT('',#14622);
#3482=VERTEX_POINT('',#14624);
#3483=VERTEX_POINT('',#14626);
#3484=VERTEX_POINT('',#14630);
#3485=VERTEX_POINT('',#14632);
#3486=VERTEX_POINT('',#14636);
#3487=VERTEX_POINT('',#14638);
#3488=VERTEX_POINT('',#14647);
#3489=VERTEX_POINT('',#14648);
#3490=VERTEX_POINT('',#14650);
#3491=VERTEX_POINT('',#14652);
#3492=VERTEX_POINT('',#14656);
#3493=VERTEX_POINT('',#14658);
#3494=VERTEX_POINT('',#14662);
#3495=VERTEX_POINT('',#14664);
#3496=VERTEX_POINT('',#14673);
#3497=VERTEX_POINT('',#14674);
#3498=VERTEX_POINT('',#14676);
#3499=VERTEX_POINT('',#14678);
#3500=VERTEX_POINT('',#14682);
#3501=VERTEX_POINT('',#14684);
#3502=VERTEX_POINT('',#14688);
#3503=VERTEX_POINT('',#14690);
#3504=VERTEX_POINT('',#14694);
#3505=VERTEX_POINT('',#14696);
#3506=VERTEX_POINT('',#14700);
#3507=VERTEX_POINT('',#14702);
#3508=VERTEX_POINT('',#14711);
#3509=VERTEX_POINT('',#14713);
#3510=VERTEX_POINT('',#14718);
#3511=VERTEX_POINT('',#14719);
#3512=VERTEX_POINT('',#14721);
#3513=VERTEX_POINT('',#14723);
#3514=VERTEX_POINT('',#14727);
#3515=VERTEX_POINT('',#14729);
#3516=VERTEX_POINT('',#14733);
#3517=VERTEX_POINT('',#14735);
#3518=VERTEX_POINT('',#14744);
#3519=VERTEX_POINT('',#14745);
#3520=VERTEX_POINT('',#14747);
#3521=VERTEX_POINT('',#14749);
#3522=VERTEX_POINT('',#14753);
#3523=VERTEX_POINT('',#14755);
#3524=VERTEX_POINT('',#14759);
#3525=VERTEX_POINT('',#14761);
#3526=VERTEX_POINT('',#14770);
#3527=VERTEX_POINT('',#14771);
#3528=VERTEX_POINT('',#14773);
#3529=VERTEX_POINT('',#14775);
#3530=VERTEX_POINT('',#14779);
#3531=VERTEX_POINT('',#14781);
#3532=VERTEX_POINT('',#14785);
#3533=VERTEX_POINT('',#14787);
#3534=VERTEX_POINT('',#14796);
#3535=VERTEX_POINT('',#14797);
#3536=VERTEX_POINT('',#14799);
#3537=VERTEX_POINT('',#14801);
#3538=VERTEX_POINT('',#14805);
#3539=VERTEX_POINT('',#14807);
#3540=VERTEX_POINT('',#14811);
#3541=VERTEX_POINT('',#14813);
#3542=VERTEX_POINT('',#14822);
#3543=VERTEX_POINT('',#14823);
#3544=VERTEX_POINT('',#14825);
#3545=VERTEX_POINT('',#14827);
#3546=VERTEX_POINT('',#14831);
#3547=VERTEX_POINT('',#14833);
#3548=VERTEX_POINT('',#14837);
#3549=VERTEX_POINT('',#14839);
#3550=VERTEX_POINT('',#14848);
#3551=VERTEX_POINT('',#14849);
#3552=VERTEX_POINT('',#14851);
#3553=VERTEX_POINT('',#14853);
#3554=VERTEX_POINT('',#14857);
#3555=VERTEX_POINT('',#14859);
#3556=VERTEX_POINT('',#14863);
#3557=VERTEX_POINT('',#14865);
#3558=VERTEX_POINT('',#14874);
#3559=VERTEX_POINT('',#14875);
#3560=VERTEX_POINT('',#14877);
#3561=VERTEX_POINT('',#14879);
#3562=VERTEX_POINT('',#14883);
#3563=VERTEX_POINT('',#14885);
#3564=VERTEX_POINT('',#14889);
#3565=VERTEX_POINT('',#14891);
#3566=VERTEX_POINT('',#14900);
#3567=VERTEX_POINT('',#14901);
#3568=VERTEX_POINT('',#14903);
#3569=VERTEX_POINT('',#14905);
#3570=VERTEX_POINT('',#14909);
#3571=VERTEX_POINT('',#14911);
#3572=VERTEX_POINT('',#14915);
#3573=VERTEX_POINT('',#14917);
#3574=VERTEX_POINT('',#14926);
#3575=VERTEX_POINT('',#14927);
#3576=VERTEX_POINT('',#14929);
#3577=VERTEX_POINT('',#14931);
#3578=VERTEX_POINT('',#14935);
#3579=VERTEX_POINT('',#14937);
#3580=VERTEX_POINT('',#14941);
#3581=VERTEX_POINT('',#14945);
#3582=VERTEX_POINT('',#14947);
#3583=VERTEX_POINT('',#14949);
#3584=VERTEX_POINT('',#14951);
#3585=VERTEX_POINT('',#14953);
#3586=VERTEX_POINT('',#14955);
#3587=VERTEX_POINT('',#14957);
#3588=VERTEX_POINT('',#14961);
#3589=VERTEX_POINT('',#14965);
#3590=VERTEX_POINT('',#14971);
#3591=VERTEX_POINT('',#14973);
#3592=VERTEX_POINT('',#14977);
#3593=VERTEX_POINT('',#14981);
#3594=VERTEX_POINT('',#14988);
#3595=VERTEX_POINT('',#14989);
#3596=VERTEX_POINT('',#14991);
#3597=VERTEX_POINT('',#14993);
#3598=VERTEX_POINT('',#14997);
#3599=VERTEX_POINT('',#14999);
#3600=VERTEX_POINT('',#15003);
#3601=VERTEX_POINT('',#15005);
#3602=VERTEX_POINT('',#15007);
#3603=VERTEX_POINT('',#15009);
#3604=VERTEX_POINT('',#15013);
#3605=VERTEX_POINT('',#15014);
#3606=VERTEX_POINT('',#15019);
#3607=VERTEX_POINT('',#15023);
#3608=VERTEX_POINT('',#15032);
#3609=VERTEX_POINT('',#15033);
#3610=VERTEX_POINT('',#15035);
#3611=VERTEX_POINT('',#15037);
#3612=VERTEX_POINT('',#15041);
#3613=VERTEX_POINT('',#15043);
#3614=VERTEX_POINT('',#15047);
#3615=VERTEX_POINT('',#15051);
#3616=VERTEX_POINT('',#15058);
#3617=VERTEX_POINT('',#15059);
#3618=VERTEX_POINT('',#15061);
#3619=VERTEX_POINT('',#15063);
#3620=VERTEX_POINT('',#15067);
#3621=VERTEX_POINT('',#15069);
#3622=VERTEX_POINT('',#15073);
#3623=VERTEX_POINT('',#15077);
#3624=VERTEX_POINT('',#15084);
#3625=VERTEX_POINT('',#15085);
#3626=VERTEX_POINT('',#15087);
#3627=VERTEX_POINT('',#15089);
#3628=VERTEX_POINT('',#15093);
#3629=VERTEX_POINT('',#15095);
#3630=VERTEX_POINT('',#15099);
#3631=VERTEX_POINT('',#15101);
#3632=VERTEX_POINT('',#15103);
#3633=VERTEX_POINT('',#15105);
#3634=VERTEX_POINT('',#15109);
#3635=VERTEX_POINT('',#15110);
#3636=VERTEX_POINT('',#15115);
#3637=VERTEX_POINT('',#15119);
#3638=VERTEX_POINT('',#15128);
#3639=VERTEX_POINT('',#15129);
#3640=VERTEX_POINT('',#15131);
#3641=VERTEX_POINT('',#15133);
#3642=VERTEX_POINT('',#15137);
#3643=VERTEX_POINT('',#15139);
#3644=VERTEX_POINT('',#15143);
#3645=VERTEX_POINT('',#15145);
#3646=VERTEX_POINT('',#15154);
#3647=VERTEX_POINT('',#15155);
#3648=VERTEX_POINT('',#15157);
#3649=VERTEX_POINT('',#15159);
#3650=VERTEX_POINT('',#15163);
#3651=VERTEX_POINT('',#15165);
#3652=VERTEX_POINT('',#15169);
#3653=VERTEX_POINT('',#15171);
#3654=VERTEX_POINT('',#15180);
#3655=VERTEX_POINT('',#15181);
#3656=VERTEX_POINT('',#15183);
#3657=VERTEX_POINT('',#15185);
#3658=VERTEX_POINT('',#15189);
#3659=VERTEX_POINT('',#15191);
#3660=VERTEX_POINT('',#15195);
#3661=VERTEX_POINT('',#15197);
#3662=VERTEX_POINT('',#15206);
#3663=VERTEX_POINT('',#15207);
#3664=VERTEX_POINT('',#15209);
#3665=VERTEX_POINT('',#15211);
#3666=VERTEX_POINT('',#15215);
#3667=VERTEX_POINT('',#15217);
#3668=VERTEX_POINT('',#15221);
#3669=VERTEX_POINT('',#15223);
#3670=VERTEX_POINT('',#15232);
#3671=VERTEX_POINT('',#15233);
#3672=VERTEX_POINT('',#15235);
#3673=VERTEX_POINT('',#15237);
#3674=VERTEX_POINT('',#15241);
#3675=VERTEX_POINT('',#15243);
#3676=VERTEX_POINT('',#15247);
#3677=VERTEX_POINT('',#15249);
#3678=EDGE_CURVE('',#3026,#3027,#1524,.T.);
#3679=EDGE_CURVE('',#3028,#3026,#1525,.T.);
#3680=EDGE_CURVE('',#3029,#3028,#1526,.T.);
#3681=EDGE_CURVE('',#3030,#3029,#1527,.T.);
#3682=EDGE_CURVE('',#3031,#3030,#1355,.T.);
#3683=EDGE_CURVE('',#3032,#3031,#1528,.T.);
#3684=EDGE_CURVE('',#3033,#3032,#1356,.T.);
#3685=EDGE_CURVE('',#3027,#3033,#1529,.T.);
#3686=EDGE_CURVE('',#3034,#3031,#1530,.T.);
#3687=EDGE_CURVE('',#3035,#3034,#1531,.T.);
#3688=EDGE_CURVE('',#3032,#3035,#1532,.T.);
#3689=EDGE_CURVE('',#3030,#3036,#1533,.T.);
#3690=EDGE_CURVE('',#3036,#3034,#1357,.F.);
#3691=EDGE_CURVE('',#3037,#3029,#1534,.T.);
#3692=EDGE_CURVE('',#3036,#3037,#1535,.T.);
#3693=EDGE_CURVE('',#3038,#3028,#1536,.T.);
#3694=EDGE_CURVE('',#3039,#3038,#1537,.T.);
#3695=EDGE_CURVE('',#3037,#3039,#341,.T.);
#3696=EDGE_CURVE('',#3040,#3027,#1538,.T.);
#3697=EDGE_CURVE('',#3041,#3040,#342,.T.);
#3698=EDGE_CURVE('',#3041,#3042,#1539,.T.);
#3699=EDGE_CURVE('',#3042,#3026,#1540,.T.);
#3700=EDGE_CURVE('',#3043,#3033,#1541,.T.);
#3701=EDGE_CURVE('',#3040,#3043,#1542,.T.);
#3702=EDGE_CURVE('',#3035,#3043,#1358,.F.);
#3703=EDGE_CURVE('',#3044,#3035,#1359,.F.);
#3704=EDGE_CURVE('',#3043,#3044,#1360,.F.);
#3705=EDGE_CURVE('',#3045,#3036,#1361,.F.);
#3706=EDGE_CURVE('',#3034,#3045,#1362,.F.);
#3707=EDGE_CURVE('',#3039,#3045,#1543,.T.);
#3708=EDGE_CURVE('',#3045,#3044,#1544,.T.);
#3709=EDGE_CURVE('',#3044,#3041,#1545,.T.);
#3710=EDGE_CURVE('',#3042,#3038,#1546,.T.);
#3711=EDGE_CURVE('',#3046,#3046,#1363,.T.);
#3712=EDGE_CURVE('',#3046,#3047,#1547,.T.);
#3713=EDGE_CURVE('',#3047,#3047,#1364,.T.);
#3714=EDGE_CURVE('',#3048,#3048,#1365,.T.);
#3715=EDGE_CURVE('',#3048,#3049,#1548,.T.);
#3716=EDGE_CURVE('',#3049,#3049,#1366,.T.);
#3717=EDGE_CURVE('',#3050,#3051,#74,.T.);
#3718=EDGE_CURVE('',#3051,#3052,#1367,.T.);
#3719=EDGE_CURVE('',#3052,#3053,#75,.T.);
#3720=EDGE_CURVE('',#3053,#3050,#76,.T.);
#3721=EDGE_CURVE('',#3053,#3054,#77,.T.);
#3722=EDGE_CURVE('',#3054,#3055,#1368,.T.);
#3723=EDGE_CURVE('',#3055,#3050,#78,.T.);
#3724=EDGE_CURVE('',#3056,#3054,#1369,.T.);
#3725=EDGE_CURVE('',#3054,#3057,#1549,.T.);
#3726=EDGE_CURVE('',#3057,#3058,#1370,.T.);
#3727=EDGE_CURVE('',#3058,#3056,#1550,.T.);
#3728=EDGE_CURVE('',#3056,#3055,#1371,.T.);
#3729=EDGE_CURVE('',#3059,#3057,#1372,.T.);
#3730=EDGE_CURVE('',#3057,#3060,#1551,.T.);
#3731=EDGE_CURVE('',#3060,#3061,#1373,.T.);
#3732=EDGE_CURVE('',#3061,#3059,#1552,.T.);
#3733=EDGE_CURVE('',#3059,#3058,#1374,.T.);
#3734=EDGE_CURVE('',#3062,#3060,#1375,.T.);
#3735=EDGE_CURVE('',#3060,#3063,#1553,.T.);
#3736=EDGE_CURVE('',#3063,#3064,#1376,.T.);
#3737=EDGE_CURVE('',#3064,#3062,#1554,.T.);
#3738=EDGE_CURVE('',#3062,#3061,#1377,.T.);
#3739=EDGE_CURVE('',#3065,#3063,#1378,.T.);
#3740=EDGE_CURVE('',#3063,#3066,#79,.T.);
#3741=EDGE_CURVE('',#3066,#3067,#1379,.T.);
#3742=EDGE_CURVE('',#3067,#3065,#80,.T.);
#3743=EDGE_CURVE('',#3065,#3064,#1380,.T.);
#3744=EDGE_CURVE('',#3068,#3069,#1381,.T.);
#3745=EDGE_CURVE('',#3069,#3070,#1555,.T.);
#3746=EDGE_CURVE('',#3070,#3066,#1382,.T.);
#3747=EDGE_CURVE('',#3066,#3068,#1556,.T.);
#3748=EDGE_CURVE('',#3070,#3067,#1383,.T.);
#3749=EDGE_CURVE('',#3071,#3072,#1384,.T.);
#3750=EDGE_CURVE('',#3072,#3073,#81,.T.);
#3751=EDGE_CURVE('',#3073,#3068,#1385,.T.);
#3752=EDGE_CURVE('',#3068,#3071,#82,.T.);
#3753=EDGE_CURVE('',#3073,#3069,#1386,.T.);
#3754=EDGE_CURVE('',#3074,#3075,#1387,.T.);
#3755=EDGE_CURVE('',#3075,#3076,#1557,.T.);
#3756=EDGE_CURVE('',#3076,#3071,#1388,.T.);
#3757=EDGE_CURVE('',#3071,#3074,#1558,.T.);
#3758=EDGE_CURVE('',#3076,#3072,#1389,.T.);
#3759=EDGE_CURVE('',#3077,#3078,#1390,.T.);
#3760=EDGE_CURVE('',#3078,#3079,#1559,.T.);
#3761=EDGE_CURVE('',#3079,#3074,#1391,.T.);
#3762=EDGE_CURVE('',#3074,#3077,#1560,.T.);
#3763=EDGE_CURVE('',#3079,#3075,#1392,.T.);
#3764=EDGE_CURVE('',#3052,#3080,#1393,.T.);
#3765=EDGE_CURVE('',#3080,#3081,#1561,.T.);
#3766=EDGE_CURVE('',#3081,#3077,#1394,.T.);
#3767=EDGE_CURVE('',#3077,#3052,#1562,.T.);
#3768=EDGE_CURVE('',#3081,#3078,#1395,.T.);
#3769=EDGE_CURVE('',#3051,#3080,#1396,.T.);
#3770=EDGE_CURVE('',#3082,#3067,#83,.T.);
#3771=EDGE_CURVE('',#3083,#3082,#84,.T.);
#3772=EDGE_CURVE('',#3065,#3083,#85,.T.);
#3773=EDGE_CURVE('',#3070,#3084,#86,.T.);
#3774=EDGE_CURVE('',#3084,#3082,#1397,.T.);
#3775=EDGE_CURVE('',#3085,#3069,#87,.T.);
#3776=EDGE_CURVE('',#3084,#3085,#1563,.T.);
#3777=EDGE_CURVE('',#3073,#3086,#88,.T.);
#3778=EDGE_CURVE('',#3086,#3085,#1398,.T.);
#3779=EDGE_CURVE('',#3087,#3072,#89,.T.);
#3780=EDGE_CURVE('',#3086,#3087,#90,.T.);
#3781=EDGE_CURVE('',#3076,#3088,#91,.T.);
#3782=EDGE_CURVE('',#3088,#3087,#1399,.T.);
#3783=EDGE_CURVE('',#3089,#3075,#1564,.T.);
#3784=EDGE_CURVE('',#3088,#3089,#1565,.T.);
#3785=EDGE_CURVE('',#3079,#3090,#1566,.T.);
#3786=EDGE_CURVE('',#3090,#3089,#1400,.T.);
#3787=EDGE_CURVE('',#3091,#3078,#1567,.T.);
#3788=EDGE_CURVE('',#3090,#3091,#1568,.T.);
#3789=EDGE_CURVE('',#3081,#3092,#1569,.T.);
#3790=EDGE_CURVE('',#3092,#3091,#1401,.T.);
#3791=EDGE_CURVE('',#3093,#3080,#92,.T.);
#3792=EDGE_CURVE('',#3092,#3093,#1570,.T.);
#3793=EDGE_CURVE('',#3062,#3094,#1571,.T.);
#3794=EDGE_CURVE('',#3094,#3095,#1402,.T.);
#3795=EDGE_CURVE('',#3095,#3061,#1572,.T.);
#3796=EDGE_CURVE('',#3094,#3096,#1403,.T.);
#3797=EDGE_CURVE('',#3096,#3095,#1404,.T.);
#3798=EDGE_CURVE('',#3094,#3097,#1573,.T.);
#3799=EDGE_CURVE('',#3098,#3097,#1405,.T.);
#3800=EDGE_CURVE('',#3098,#3096,#1574,.T.);
#3801=EDGE_CURVE('',#3097,#3064,#93,.T.);
#3802=EDGE_CURVE('',#3083,#3097,#1406,.T.);
#3803=EDGE_CURVE('',#3083,#3098,#1407,.T.);
#3804=EDGE_CURVE('',#3099,#3082,#1408,.T.);
#3805=EDGE_CURVE('',#3099,#3098,#94,.T.);
#3806=EDGE_CURVE('',#3084,#3099,#1409,.T.);
#3807=EDGE_CURVE('',#3100,#3085,#1410,.T.);
#3808=EDGE_CURVE('',#3100,#3099,#1575,.T.);
#3809=EDGE_CURVE('',#3086,#3100,#1411,.T.);
#3810=EDGE_CURVE('',#3101,#3087,#1412,.T.);
#3811=EDGE_CURVE('',#3101,#3100,#95,.T.);
#3812=EDGE_CURVE('',#3088,#3101,#1413,.T.);
#3813=EDGE_CURVE('',#3102,#3089,#1414,.T.);
#3814=EDGE_CURVE('',#3102,#3101,#1576,.T.);
#3815=EDGE_CURVE('',#3090,#3102,#1415,.T.);
#3816=EDGE_CURVE('',#3103,#3091,#1416,.T.);
#3817=EDGE_CURVE('',#3103,#3102,#1577,.T.);
#3818=EDGE_CURVE('',#3059,#3104,#1578,.T.);
#3819=EDGE_CURVE('',#3104,#3105,#1417,.T.);
#3820=EDGE_CURVE('',#3105,#3058,#1579,.T.);
#3821=EDGE_CURVE('',#3104,#3106,#1418,.T.);
#3822=EDGE_CURVE('',#3106,#3105,#1419,.T.);
#3823=EDGE_CURVE('',#3104,#3095,#1580,.T.);
#3824=EDGE_CURVE('',#3107,#3105,#1581,.T.);
#3825=EDGE_CURVE('',#3056,#3107,#96,.T.);
#3826=EDGE_CURVE('',#3107,#3108,#1420,.T.);
#3827=EDGE_CURVE('',#3108,#3055,#97,.T.);
#3828=EDGE_CURVE('',#3107,#3109,#1421,.T.);
#3829=EDGE_CURVE('',#3109,#3108,#1422,.T.);
#3830=EDGE_CURVE('',#3106,#3109,#1582,.T.);
#3831=EDGE_CURVE('',#3092,#3103,#1423,.T.);
#3832=EDGE_CURVE('',#3110,#3093,#1424,.T.);
#3833=EDGE_CURVE('',#3110,#3103,#1583,.T.);
#3834=EDGE_CURVE('',#3051,#3111,#98,.T.);
#3835=EDGE_CURVE('',#3111,#3093,#1425,.T.);
#3836=EDGE_CURVE('',#3111,#3110,#1426,.T.);
#3837=EDGE_CURVE('',#3050,#3112,#1584,.T.);
#3838=EDGE_CURVE('',#3111,#3112,#99,.T.);
#3839=EDGE_CURVE('',#3096,#3106,#1585,.T.);
#3840=EDGE_CURVE('',#3109,#3113,#100,.T.);
#3841=EDGE_CURVE('',#3113,#3112,#101,.T.);
#3842=EDGE_CURVE('',#3112,#3108,#102,.T.);
#3843=EDGE_CURVE('',#3113,#3110,#103,.T.);
#3844=EDGE_CURVE('',#3114,#3114,#1427,.T.);
#3845=EDGE_CURVE('',#3114,#3115,#1586,.T.);
#3846=EDGE_CURVE('',#3115,#3115,#1428,.T.);
#3847=EDGE_CURVE('',#3116,#3117,#104,.T.);
#3848=EDGE_CURVE('',#3117,#3117,#105,.T.);
#3849=EDGE_CURVE('',#3116,#3116,#106,.T.);
#3850=EDGE_CURVE('',#3118,#3118,#107,.T.);
#3851=EDGE_CURVE('',#3118,#3116,#1587,.T.);
#3852=EDGE_CURVE('',#3119,#3118,#108,.T.);
#3853=EDGE_CURVE('',#3119,#3119,#109,.T.);
#3854=EDGE_CURVE('',#3120,#3120,#1429,.T.);
#3855=EDGE_CURVE('',#3120,#3121,#1430,.T.);
#3856=EDGE_CURVE('',#3121,#3122,#1431,.T.);
#3857=EDGE_CURVE('',#3122,#3121,#1432,.T.);
#3858=EDGE_CURVE('',#3122,#3123,#1588,.T.);
#3859=EDGE_CURVE('',#3123,#3124,#1433,.T.);
#3860=EDGE_CURVE('',#3124,#3125,#1589,.T.);
#3861=EDGE_CURVE('',#3126,#3125,#343,.F.);
#3862=EDGE_CURVE('',#3126,#3127,#1434,.T.);
#3863=EDGE_CURVE('',#3128,#3127,#344,.F.);
#3864=EDGE_CURVE('',#3128,#3129,#1590,.T.);
#3865=EDGE_CURVE('',#3129,#3130,#1435,.T.);
#3866=EDGE_CURVE('',#3130,#3131,#1591,.T.);
#3867=EDGE_CURVE('',#3132,#3131,#345,.F.);
#3868=EDGE_CURVE('',#3132,#3133,#1436,.T.);
#3869=EDGE_CURVE('',#3134,#3133,#346,.F.);
#3870=EDGE_CURVE('',#3134,#3135,#1592,.T.);
#3871=EDGE_CURVE('',#3135,#3136,#1437,.T.);
#3872=EDGE_CURVE('',#3136,#3137,#1593,.T.);
#3873=EDGE_CURVE('',#3138,#3137,#347,.F.);
#3874=EDGE_CURVE('',#3138,#3139,#1438,.T.);
#3875=EDGE_CURVE('',#3140,#3139,#348,.F.);
#3876=EDGE_CURVE('',#3140,#3141,#1594,.T.);
#3877=EDGE_CURVE('',#3141,#3142,#1439,.T.);
#3878=EDGE_CURVE('',#3142,#3143,#1595,.T.);
#3879=EDGE_CURVE('',#3144,#3143,#349,.F.);
#3880=EDGE_CURVE('',#3144,#3145,#1440,.T.);
#3881=EDGE_CURVE('',#3146,#3145,#350,.F.);
#3882=EDGE_CURVE('',#3146,#3147,#1596,.T.);
#3883=EDGE_CURVE('',#3147,#3148,#1441,.T.);
#3884=EDGE_CURVE('',#3148,#3149,#1597,.T.);
#3885=EDGE_CURVE('',#3150,#3149,#351,.F.);
#3886=EDGE_CURVE('',#3150,#3151,#1442,.T.);
#3887=EDGE_CURVE('',#3152,#3151,#352,.F.);
#3888=EDGE_CURVE('',#3152,#3153,#1598,.T.);
#3889=EDGE_CURVE('',#3153,#3154,#1443,.T.);
#3890=EDGE_CURVE('',#3154,#3155,#1599,.T.);
#3891=EDGE_CURVE('',#3156,#3155,#353,.F.);
#3892=EDGE_CURVE('',#3156,#3157,#1444,.T.);
#3893=EDGE_CURVE('',#3158,#3157,#354,.F.);
#3894=EDGE_CURVE('',#3158,#3159,#1600,.T.);
#3895=EDGE_CURVE('',#3159,#3123,#1445,.T.);
#3896=EDGE_CURVE('',#3160,#3160,#1446,.T.);
#3897=EDGE_CURVE('',#3160,#3161,#1601,.T.);
#3898=EDGE_CURVE('',#3161,#3162,#1447,.T.);
#3899=EDGE_CURVE('',#3162,#3163,#1448,.T.);
#3900=EDGE_CURVE('',#3163,#3164,#1449,.T.);
#3901=EDGE_CURVE('',#3164,#3165,#1450,.T.);
#3902=EDGE_CURVE('',#3165,#3166,#1451,.T.);
#3903=EDGE_CURVE('',#3166,#3167,#1452,.T.);
#3904=EDGE_CURVE('',#3167,#3168,#1453,.T.);
#3905=EDGE_CURVE('',#3168,#3169,#1454,.T.);
#3906=EDGE_CURVE('',#3169,#3170,#1455,.T.);
#3907=EDGE_CURVE('',#3170,#3171,#1456,.T.);
#3908=EDGE_CURVE('',#3171,#3172,#1457,.T.);
#3909=EDGE_CURVE('',#3172,#3173,#1458,.T.);
#3910=EDGE_CURVE('',#3173,#3161,#1459,.T.);
#3911=EDGE_CURVE('',#3174,#3163,#110,.F.);
#3912=EDGE_CURVE('',#3174,#3175,#1602,.T.);
#3913=EDGE_CURVE('',#3176,#3175,#1460,.T.);
#3914=EDGE_CURVE('',#3176,#3177,#1603,.T.);
#3915=EDGE_CURVE('',#3164,#3177,#111,.F.);
#3916=EDGE_CURVE('',#3178,#3173,#112,.F.);
#3917=EDGE_CURVE('',#3178,#3179,#1604,.T.);
#3918=EDGE_CURVE('',#3180,#3179,#1461,.T.);
#3919=EDGE_CURVE('',#3180,#3181,#1605,.T.);
#3920=EDGE_CURVE('',#3162,#3181,#113,.F.);
#3921=EDGE_CURVE('',#3182,#3171,#114,.F.);
#3922=EDGE_CURVE('',#3182,#3183,#1606,.T.);
#3923=EDGE_CURVE('',#3184,#3183,#1462,.T.);
#3924=EDGE_CURVE('',#3184,#3185,#1607,.T.);
#3925=EDGE_CURVE('',#3172,#3185,#115,.F.);
#3926=EDGE_CURVE('',#3186,#3169,#116,.F.);
#3927=EDGE_CURVE('',#3186,#3187,#1608,.T.);
#3928=EDGE_CURVE('',#3188,#3187,#1463,.T.);
#3929=EDGE_CURVE('',#3188,#3189,#1609,.T.);
#3930=EDGE_CURVE('',#3170,#3189,#117,.F.);
#3931=EDGE_CURVE('',#3190,#3167,#118,.F.);
#3932=EDGE_CURVE('',#3190,#3191,#1610,.T.);
#3933=EDGE_CURVE('',#3192,#3191,#1464,.T.);
#3934=EDGE_CURVE('',#3192,#3193,#1611,.T.);
#3935=EDGE_CURVE('',#3168,#3193,#119,.F.);
#3936=EDGE_CURVE('',#3194,#3165,#120,.F.);
#3937=EDGE_CURVE('',#3194,#3195,#1612,.T.);
#3938=EDGE_CURVE('',#3196,#3195,#1465,.T.);
#3939=EDGE_CURVE('',#3196,#3197,#1613,.T.);
#3940=EDGE_CURVE('',#3166,#3197,#121,.F.);
#3941=EDGE_CURVE('',#3198,#3190,#122,.T.);
#3942=EDGE_CURVE('',#3167,#3199,#123,.T.);
#3943=EDGE_CURVE('',#3199,#3198,#124,.T.);
#3944=EDGE_CURVE('',#3199,#3156,#1614,.T.);
#3945=EDGE_CURVE('',#3155,#3198,#1615,.T.);
#3946=EDGE_CURVE('',#3200,#3198,#1616,.T.);
#3947=EDGE_CURVE('',#3191,#3200,#27,.T.);
#3948=EDGE_CURVE('',#3200,#3154,#1617,.T.);
#3949=EDGE_CURVE('',#3201,#3158,#1618,.T.);
#3950=EDGE_CURVE('',#3157,#3202,#1619,.T.);
#3951=EDGE_CURVE('',#3202,#3201,#125,.T.);
#3952=EDGE_CURVE('',#3202,#3166,#126,.T.);
#3953=EDGE_CURVE('',#3197,#3201,#127,.T.);
#3954=EDGE_CURVE('',#3203,#3201,#1620,.T.);
#3955=EDGE_CURVE('',#3159,#3203,#1621,.T.);
#3956=EDGE_CURVE('',#3203,#3196,#28,.T.);
#3957=EDGE_CURVE('',#3204,#3194,#128,.T.);
#3958=EDGE_CURVE('',#3165,#3205,#129,.T.);
#3959=EDGE_CURVE('',#3205,#3204,#130,.T.);
#3960=EDGE_CURVE('',#3205,#3126,#1622,.T.);
#3961=EDGE_CURVE('',#3125,#3204,#1623,.T.);
#3962=EDGE_CURVE('',#3206,#3204,#1624,.T.);
#3963=EDGE_CURVE('',#3195,#3206,#29,.T.);
#3964=EDGE_CURVE('',#3206,#3124,#1625,.T.);
#3965=EDGE_CURVE('',#3207,#3208,#131,.T.);
#3966=EDGE_CURVE('',#3208,#3164,#132,.T.);
#3967=EDGE_CURVE('',#3177,#3207,#133,.T.);
#3968=EDGE_CURVE('',#3207,#3128,#1626,.T.);
#3969=EDGE_CURVE('',#3127,#3208,#1627,.T.);
#3970=EDGE_CURVE('',#3209,#3174,#134,.T.);
#3971=EDGE_CURVE('',#3163,#3210,#135,.T.);
#3972=EDGE_CURVE('',#3210,#3209,#136,.T.);
#3973=EDGE_CURVE('',#3210,#3132,#1628,.T.);
#3974=EDGE_CURVE('',#3131,#3209,#1629,.T.);
#3975=EDGE_CURVE('',#3211,#3209,#1630,.T.);
#3976=EDGE_CURVE('',#3175,#3211,#30,.T.);
#3977=EDGE_CURVE('',#3211,#3130,#1631,.T.);
#3978=EDGE_CURVE('',#3212,#3213,#137,.T.);
#3979=EDGE_CURVE('',#3213,#3162,#138,.T.);
#3980=EDGE_CURVE('',#3181,#3212,#139,.T.);
#3981=EDGE_CURVE('',#3212,#3134,#1632,.T.);
#3982=EDGE_CURVE('',#3133,#3213,#1633,.T.);
#3983=EDGE_CURVE('',#3214,#3178,#140,.T.);
#3984=EDGE_CURVE('',#3173,#3215,#141,.T.);
#3985=EDGE_CURVE('',#3215,#3214,#142,.T.);
#3986=EDGE_CURVE('',#3215,#3138,#1634,.T.);
#3987=EDGE_CURVE('',#3137,#3214,#1635,.T.);
#3988=EDGE_CURVE('',#3216,#3214,#1636,.T.);
#3989=EDGE_CURVE('',#3179,#3216,#31,.T.);
#3990=EDGE_CURVE('',#3216,#3136,#1637,.T.);
#3991=EDGE_CURVE('',#3217,#3140,#1638,.T.);
#3992=EDGE_CURVE('',#3139,#3218,#1639,.T.);
#3993=EDGE_CURVE('',#3218,#3217,#143,.T.);
#3994=EDGE_CURVE('',#3218,#3172,#144,.T.);
#3995=EDGE_CURVE('',#3185,#3217,#145,.T.);
#3996=EDGE_CURVE('',#3219,#3217,#1640,.T.);
#3997=EDGE_CURVE('',#3141,#3219,#1641,.T.);
#3998=EDGE_CURVE('',#3219,#3184,#32,.T.);
#3999=EDGE_CURVE('',#3220,#3182,#146,.T.);
#4000=EDGE_CURVE('',#3171,#3221,#147,.T.);
#4001=EDGE_CURVE('',#3221,#3220,#148,.T.);
#4002=EDGE_CURVE('',#3221,#3144,#1642,.T.);
#4003=EDGE_CURVE('',#3143,#3220,#1643,.T.);
#4004=EDGE_CURVE('',#3222,#3220,#1644,.T.);
#4005=EDGE_CURVE('',#3183,#3222,#33,.T.);
#4006=EDGE_CURVE('',#3222,#3142,#1645,.T.);
#4007=EDGE_CURVE('',#3223,#3224,#149,.T.);
#4008=EDGE_CURVE('',#3224,#3170,#150,.T.);
#4009=EDGE_CURVE('',#3189,#3223,#151,.T.);
#4010=EDGE_CURVE('',#3223,#3146,#1646,.T.);
#4011=EDGE_CURVE('',#3145,#3224,#1647,.T.);
#4012=EDGE_CURVE('',#3225,#3186,#152,.T.);
#4013=EDGE_CURVE('',#3169,#3226,#153,.T.);
#4014=EDGE_CURVE('',#3226,#3225,#154,.T.);
#4015=EDGE_CURVE('',#3226,#3150,#1648,.T.);
#4016=EDGE_CURVE('',#3149,#3225,#1649,.T.);
#4017=EDGE_CURVE('',#3227,#3225,#1650,.T.);
#4018=EDGE_CURVE('',#3187,#3227,#34,.T.);
#4019=EDGE_CURVE('',#3227,#3148,#1651,.T.);
#4020=EDGE_CURVE('',#3228,#3229,#155,.T.);
#4021=EDGE_CURVE('',#3229,#3168,#156,.T.);
#4022=EDGE_CURVE('',#3193,#3228,#157,.T.);
#4023=EDGE_CURVE('',#3228,#3152,#1652,.T.);
#4024=EDGE_CURVE('',#3151,#3229,#1653,.T.);
#4025=EDGE_CURVE('',#3230,#3223,#1654,.T.);
#4026=EDGE_CURVE('',#3147,#3230,#1655,.T.);
#4027=EDGE_CURVE('',#3230,#3188,#35,.T.);
#4028=EDGE_CURVE('',#3153,#3231,#1656,.T.);
#4029=EDGE_CURVE('',#3231,#3192,#36,.T.);
#4030=EDGE_CURVE('',#3232,#3207,#1657,.T.);
#4031=EDGE_CURVE('',#3129,#3232,#1658,.T.);
#4032=EDGE_CURVE('',#3232,#3176,#37,.T.);
#4033=EDGE_CURVE('',#3231,#3228,#1659,.T.);
#4034=EDGE_CURVE('',#3233,#3212,#1660,.T.);
#4035=EDGE_CURVE('',#3135,#3233,#1661,.T.);
#4036=EDGE_CURVE('',#3233,#3180,#38,.T.);
#4037=EDGE_CURVE('',#3234,#3235,#1662,.T.);
#4038=EDGE_CURVE('',#3234,#3236,#1663,.T.);
#4039=EDGE_CURVE('',#3237,#3236,#1664,.T.);
#4040=EDGE_CURVE('',#3235,#3237,#1665,.T.);
#4041=EDGE_CURVE('',#3235,#3238,#1666,.T.);
#4042=EDGE_CURVE('',#3239,#3237,#1667,.T.);
#4043=EDGE_CURVE('',#3238,#3239,#1668,.T.);
#4044=EDGE_CURVE('',#3238,#3240,#1669,.T.);
#4045=EDGE_CURVE('',#3241,#3239,#1670,.T.);
#4046=EDGE_CURVE('',#3240,#3241,#1671,.T.);
#4047=EDGE_CURVE('',#3240,#3234,#1672,.T.);
#4048=EDGE_CURVE('',#3236,#3241,#1673,.T.);
#4049=EDGE_CURVE('',#3242,#3243,#1674,.T.);
#4050=EDGE_CURVE('',#3242,#3244,#1675,.T.);
#4051=EDGE_CURVE('',#3245,#3244,#1676,.T.);
#4052=EDGE_CURVE('',#3243,#3245,#1677,.T.);
#4053=EDGE_CURVE('',#3243,#3246,#1678,.T.);
#4054=EDGE_CURVE('',#3247,#3245,#1679,.T.);
#4055=EDGE_CURVE('',#3246,#3247,#1680,.T.);
#4056=EDGE_CURVE('',#3246,#3248,#1681,.T.);
#4057=EDGE_CURVE('',#3249,#3247,#1682,.T.);
#4058=EDGE_CURVE('',#3248,#3249,#1683,.T.);
#4059=EDGE_CURVE('',#3248,#3242,#1684,.T.);
#4060=EDGE_CURVE('',#3244,#3249,#1685,.T.);
#4061=EDGE_CURVE('',#3250,#3251,#1686,.T.);
#4062=EDGE_CURVE('',#3252,#3250,#1687,.T.);
#4063=EDGE_CURVE('',#3253,#3252,#1688,.T.);
#4064=EDGE_CURVE('',#3251,#3253,#1689,.T.);
#4065=EDGE_CURVE('',#3254,#3255,#1466,.F.);
#4066=EDGE_CURVE('',#3253,#3254,#1467,.F.);
#4067=EDGE_CURVE('',#3255,#3253,#1468,.F.);
#4068=EDGE_CURVE('',#3256,#3257,#1469,.F.);
#4069=EDGE_CURVE('',#3252,#3256,#1470,.F.);
#4070=EDGE_CURVE('',#3257,#3252,#1471,.F.);
#4071=EDGE_CURVE('',#3256,#3255,#1690,.T.);
#4072=EDGE_CURVE('',#3251,#3258,#1472,.F.);
#4073=EDGE_CURVE('',#3259,#3251,#1473,.F.);
#4074=EDGE_CURVE('',#3258,#3259,#1474,.F.);
#4075=EDGE_CURVE('',#3254,#3259,#1691,.T.);
#4076=EDGE_CURVE('',#3260,#3261,#1475,.F.);
#4077=EDGE_CURVE('',#3262,#3260,#1476,.F.);
#4078=EDGE_CURVE('',#3261,#3262,#1477,.F.);
#4079=EDGE_CURVE('',#3260,#3254,#1692,.T.);
#4080=EDGE_CURVE('',#3255,#3262,#1693,.T.);
#4081=EDGE_CURVE('',#3263,#3264,#1478,.F.);
#4082=EDGE_CURVE('',#3250,#3263,#1479,.F.);
#4083=EDGE_CURVE('',#3264,#3250,#1480,.F.);
#4084=EDGE_CURVE('',#3263,#3257,#1694,.T.);
#4085=EDGE_CURVE('',#3258,#3264,#1695,.T.);
#4086=EDGE_CURVE('',#3265,#3266,#1481,.F.);
#4087=EDGE_CURVE('',#3267,#3265,#1482,.F.);
#4088=EDGE_CURVE('',#3266,#3267,#1483,.F.);
#4089=EDGE_CURVE('',#3265,#3256,#1696,.T.);
#4090=EDGE_CURVE('',#3257,#3267,#1697,.T.);
#4091=EDGE_CURVE('',#3268,#3269,#1484,.F.);
#4092=EDGE_CURVE('',#3270,#3268,#1485,.F.);
#4093=EDGE_CURVE('',#3269,#3270,#1486,.F.);
#4094=EDGE_CURVE('',#3268,#3258,#1698,.T.);
#4095=EDGE_CURVE('',#3259,#3270,#1699,.T.);
#4096=EDGE_CURVE('',#3261,#3269,#1700,.T.);
#4097=EDGE_CURVE('',#3270,#3260,#1701,.T.);
#4098=EDGE_CURVE('',#3271,#3272,#1487,.F.);
#4099=EDGE_CURVE('',#3273,#3271,#1488,.F.);
#4100=EDGE_CURVE('',#3272,#3273,#1489,.F.);
#4101=EDGE_CURVE('',#3271,#3263,#1702,.T.);
#4102=EDGE_CURVE('',#3264,#3273,#1703,.T.);
#4103=EDGE_CURVE('',#3269,#3272,#1704,.T.);
#4104=EDGE_CURVE('',#3273,#3268,#1705,.T.);
#4105=EDGE_CURVE('',#3272,#3266,#1706,.T.);
#4106=EDGE_CURVE('',#3267,#3271,#1707,.T.);
#4107=EDGE_CURVE('',#3266,#3261,#1708,.T.);
#4108=EDGE_CURVE('',#3262,#3265,#1709,.T.);
#4109=EDGE_CURVE('',#3274,#3275,#1710,.T.);
#4110=EDGE_CURVE('',#3274,#3276,#1711,.T.);
#4111=EDGE_CURVE('',#3277,#3276,#1712,.T.);
#4112=EDGE_CURVE('',#3275,#3277,#1713,.T.);
#4113=EDGE_CURVE('',#3275,#3278,#1714,.T.);
#4114=EDGE_CURVE('',#3279,#3277,#1715,.T.);
#4115=EDGE_CURVE('',#3278,#3279,#1716,.T.);
#4116=EDGE_CURVE('',#3278,#3280,#1717,.T.);
#4117=EDGE_CURVE('',#3281,#3279,#1718,.T.);
#4118=EDGE_CURVE('',#3280,#3281,#1719,.T.);
#4119=EDGE_CURVE('',#3280,#3274,#1720,.T.);
#4120=EDGE_CURVE('',#3276,#3281,#1721,.T.);
#4121=EDGE_CURVE('',#3282,#3283,#1722,.T.);
#4122=EDGE_CURVE('',#3282,#3284,#1723,.T.);
#4123=EDGE_CURVE('',#3285,#3284,#1724,.T.);
#4124=EDGE_CURVE('',#3283,#3285,#1725,.T.);
#4125=EDGE_CURVE('',#3283,#3286,#1726,.T.);
#4126=EDGE_CURVE('',#3287,#3285,#1727,.T.);
#4127=EDGE_CURVE('',#3286,#3287,#1728,.T.);
#4128=EDGE_CURVE('',#3286,#3288,#1729,.T.);
#4129=EDGE_CURVE('',#3289,#3287,#1730,.T.);
#4130=EDGE_CURVE('',#3288,#3289,#1731,.T.);
#4131=EDGE_CURVE('',#3288,#3282,#1732,.T.);
#4132=EDGE_CURVE('',#3284,#3289,#1733,.T.);
#4133=EDGE_CURVE('',#3290,#3291,#158,.F.);
#4134=EDGE_CURVE('',#3291,#3292,#1490,.T.);
#4135=EDGE_CURVE('',#3292,#3293,#159,.F.);
#4136=EDGE_CURVE('',#3293,#3290,#1491,.T.);
#4137=EDGE_CURVE('',#3294,#3291,#1734,.T.);
#4138=EDGE_CURVE('',#3295,#3294,#1492,.T.);
#4139=EDGE_CURVE('',#3295,#3292,#1735,.T.);
#4140=EDGE_CURVE('',#3296,#3295,#160,.F.);
#4141=EDGE_CURVE('',#3294,#3297,#161,.F.);
#4142=EDGE_CURVE('',#3297,#3296,#1493,.T.);
#4143=EDGE_CURVE('',#3298,#3299,#1736,.T.);
#4144=EDGE_CURVE('',#3300,#3298,#1737,.T.);
#4145=EDGE_CURVE('',#3301,#3300,#1738,.T.);
#4146=EDGE_CURVE('',#3301,#3299,#1739,.T.);
#4147=EDGE_CURVE('',#3302,#3303,#1740,.T.);
#4148=EDGE_CURVE('',#3304,#3302,#1741,.T.);
#4149=EDGE_CURVE('',#3305,#3304,#1742,.T.);
#4150=EDGE_CURVE('',#3305,#3303,#1743,.T.);
#4151=EDGE_CURVE('',#3306,#3307,#1744,.T.);
#4152=EDGE_CURVE('',#3306,#3308,#1745,.T.);
#4153=EDGE_CURVE('',#3309,#3308,#1746,.T.);
#4154=EDGE_CURVE('',#3307,#3309,#1747,.T.);
#4155=EDGE_CURVE('',#3304,#3310,#1748,.T.);
#4156=EDGE_CURVE('',#3310,#3311,#1494,.T.);
#4157=EDGE_CURVE('',#3311,#3312,#1749,.T.);
#4158=EDGE_CURVE('',#3312,#3313,#1750,.T.);
#4159=EDGE_CURVE('',#3313,#3314,#1751,.T.);
#4160=EDGE_CURVE('',#3314,#3315,#1752,.T.);
#4161=EDGE_CURVE('',#3315,#3316,#1753,.T.);
#4162=EDGE_CURVE('',#3316,#3317,#1754,.T.);
#4163=EDGE_CURVE('',#3317,#3318,#1755,.T.);
#4164=EDGE_CURVE('',#3318,#3319,#1756,.T.);
#4165=EDGE_CURVE('',#3319,#3320,#1757,.T.);
#4166=EDGE_CURVE('',#3320,#3321,#1758,.T.);
#4167=EDGE_CURVE('',#3321,#3322,#1495,.T.);
#4168=EDGE_CURVE('',#3322,#3323,#1759,.T.);
#4169=EDGE_CURVE('',#3323,#3324,#1760,.T.);
#4170=EDGE_CURVE('',#3324,#3325,#1496,.T.);
#4171=EDGE_CURVE('',#3325,#3301,#1761,.T.);
#4172=EDGE_CURVE('',#3300,#3326,#1762,.T.);
#4173=EDGE_CURVE('',#3326,#3327,#1763,.T.);
#4174=EDGE_CURVE('',#3327,#3305,#1764,.T.);
#4175=EDGE_CURVE('',#3328,#3329,#1497,.T.);
#4176=EDGE_CURVE('',#3329,#3328,#1765,.T.);
#4177=EDGE_CURVE('',#3330,#3331,#1766,.T.);
#4178=EDGE_CURVE('',#3330,#3332,#1767,.T.);
#4179=EDGE_CURVE('',#3333,#3332,#1768,.T.);
#4180=EDGE_CURVE('',#3331,#3333,#1769,.T.);
#4181=EDGE_CURVE('',#3334,#3309,#1770,.T.);
#4182=EDGE_CURVE('',#3308,#3335,#1771,.T.);
#4183=EDGE_CURVE('',#3335,#3336,#1772,.T.);
#4184=EDGE_CURVE('',#3336,#3333,#1773,.T.);
#4185=EDGE_CURVE('',#3332,#3337,#1774,.T.);
#4186=EDGE_CURVE('',#3337,#3338,#1498,.T.);
#4187=EDGE_CURVE('',#3338,#3339,#1775,.T.);
#4188=EDGE_CURVE('',#3339,#3340,#1776,.T.);
#4189=EDGE_CURVE('',#3340,#3341,#1499,.T.);
#4190=EDGE_CURVE('',#3341,#3342,#1777,.T.);
#4191=EDGE_CURVE('',#3342,#3343,#1778,.T.);
#4192=EDGE_CURVE('',#3343,#3344,#1779,.T.);
#4193=EDGE_CURVE('',#3344,#3345,#1780,.T.);
#4194=EDGE_CURVE('',#3345,#3346,#1781,.T.);
#4195=EDGE_CURVE('',#3346,#3347,#1782,.T.);
#4196=EDGE_CURVE('',#3347,#3348,#1783,.T.);
#4197=EDGE_CURVE('',#3348,#3349,#1784,.T.);
#4198=EDGE_CURVE('',#3349,#3350,#1785,.T.);
#4199=EDGE_CURVE('',#3350,#3351,#1786,.T.);
#4200=EDGE_CURVE('',#3351,#3334,#1500,.T.);
#4201=EDGE_CURVE('',#3352,#3353,#1501,.T.);
#4202=EDGE_CURVE('',#3353,#3352,#1787,.T.);
#4203=EDGE_CURVE('',#3307,#3354,#1788,.T.);
#4204=EDGE_CURVE('',#3354,#3355,#1502,.T.);
#4205=EDGE_CURVE('',#3355,#3306,#1789,.T.);
#4206=EDGE_CURVE('',#3293,#3330,#1790,.T.);
#4207=EDGE_CURVE('',#3331,#3290,#1791,.T.);
#4208=EDGE_CURVE('',#3356,#3302,#1792,.T.);
#4209=EDGE_CURVE('',#3303,#3357,#1793,.T.);
#4210=EDGE_CURVE('',#3357,#3356,#1503,.T.);
#4211=EDGE_CURVE('',#3297,#3298,#1794,.T.);
#4212=EDGE_CURVE('',#3299,#3296,#1795,.T.);
#4213=EDGE_CURVE('',#3352,#3329,#1796,.T.);
#4214=EDGE_CURVE('',#3328,#3353,#1797,.T.);
#4215=EDGE_CURVE('',#3334,#3310,#1798,.T.);
#4216=EDGE_CURVE('',#3311,#3351,#1799,.T.);
#4217=EDGE_CURVE('',#3312,#3350,#1800,.T.);
#4218=EDGE_CURVE('',#3313,#3349,#1801,.T.);
#4219=EDGE_CURVE('',#3314,#3348,#1802,.T.);
#4220=EDGE_CURVE('',#3315,#3347,#1803,.T.);
#4221=EDGE_CURVE('',#3316,#3346,#1804,.T.);
#4222=EDGE_CURVE('',#3317,#3345,#1805,.T.);
#4223=EDGE_CURVE('',#3318,#3344,#1806,.T.);
#4224=EDGE_CURVE('',#3319,#3343,#1807,.T.);
#4225=EDGE_CURVE('',#3320,#3342,#1808,.T.);
#4226=EDGE_CURVE('',#3321,#3341,#1809,.T.);
#4227=EDGE_CURVE('',#3322,#3340,#1810,.T.);
#4228=EDGE_CURVE('',#3323,#3339,#1811,.T.);
#4229=EDGE_CURVE('',#3324,#3338,#1812,.T.);
#4230=EDGE_CURVE('',#3325,#3337,#1813,.T.);
#4231=EDGE_CURVE('',#3326,#3336,#1814,.T.);
#4232=EDGE_CURVE('',#3327,#3335,#1815,.T.);
#4233=EDGE_CURVE('',#3357,#3355,#1816,.T.);
#4234=EDGE_CURVE('',#3356,#3354,#1817,.T.);
#4235=EDGE_CURVE('',#3358,#3359,#162,.F.);
#4236=EDGE_CURVE('',#3359,#3360,#1504,.T.);
#4237=EDGE_CURVE('',#3360,#3361,#163,.F.);
#4238=EDGE_CURVE('',#3361,#3358,#1505,.T.);
#4239=EDGE_CURVE('',#3362,#3359,#1818,.T.);
#4240=EDGE_CURVE('',#3363,#3362,#1506,.T.);
#4241=EDGE_CURVE('',#3363,#3360,#1819,.T.);
#4242=EDGE_CURVE('',#3364,#3363,#164,.F.);
#4243=EDGE_CURVE('',#3362,#3365,#165,.F.);
#4244=EDGE_CURVE('',#3365,#3364,#1507,.T.);
#4245=EDGE_CURVE('',#3366,#3367,#1820,.T.);
#4246=EDGE_CURVE('',#3368,#3366,#1821,.T.);
#4247=EDGE_CURVE('',#3369,#3368,#1822,.T.);
#4248=EDGE_CURVE('',#3369,#3367,#1823,.T.);
#4249=EDGE_CURVE('',#3370,#3371,#1824,.T.);
#4250=EDGE_CURVE('',#3372,#3370,#1825,.T.);
#4251=EDGE_CURVE('',#3373,#3372,#1826,.T.);
#4252=EDGE_CURVE('',#3373,#3371,#1827,.T.);
#4253=EDGE_CURVE('',#3374,#3375,#1828,.T.);
#4254=EDGE_CURVE('',#3374,#3376,#1829,.T.);
#4255=EDGE_CURVE('',#3377,#3376,#1830,.T.);
#4256=EDGE_CURVE('',#3375,#3377,#1831,.T.);
#4257=EDGE_CURVE('',#3372,#3378,#1832,.T.);
#4258=EDGE_CURVE('',#3378,#3379,#1508,.T.);
#4259=EDGE_CURVE('',#3379,#3380,#1833,.T.);
#4260=EDGE_CURVE('',#3380,#3381,#1834,.T.);
#4261=EDGE_CURVE('',#3381,#3382,#1835,.T.);
#4262=EDGE_CURVE('',#3382,#3383,#1836,.T.);
#4263=EDGE_CURVE('',#3383,#3384,#1837,.T.);
#4264=EDGE_CURVE('',#3384,#3385,#1838,.T.);
#4265=EDGE_CURVE('',#3385,#3386,#1839,.T.);
#4266=EDGE_CURVE('',#3386,#3387,#1840,.T.);
#4267=EDGE_CURVE('',#3387,#3388,#1841,.T.);
#4268=EDGE_CURVE('',#3388,#3389,#1842,.T.);
#4269=EDGE_CURVE('',#3389,#3390,#1509,.T.);
#4270=EDGE_CURVE('',#3390,#3391,#1843,.T.);
#4271=EDGE_CURVE('',#3391,#3392,#1844,.T.);
#4272=EDGE_CURVE('',#3392,#3393,#1510,.T.);
#4273=EDGE_CURVE('',#3393,#3369,#1845,.T.);
#4274=EDGE_CURVE('',#3368,#3394,#1846,.T.);
#4275=EDGE_CURVE('',#3394,#3395,#1847,.T.);
#4276=EDGE_CURVE('',#3395,#3373,#1848,.T.);
#4277=EDGE_CURVE('',#3396,#3397,#1511,.T.);
#4278=EDGE_CURVE('',#3397,#3396,#1849,.T.);
#4279=EDGE_CURVE('',#3398,#3399,#1850,.T.);
#4280=EDGE_CURVE('',#3398,#3400,#1851,.T.);
#4281=EDGE_CURVE('',#3401,#3400,#1852,.T.);
#4282=EDGE_CURVE('',#3399,#3401,#1853,.T.);
#4283=EDGE_CURVE('',#3402,#3377,#1854,.T.);
#4284=EDGE_CURVE('',#3376,#3403,#1855,.T.);
#4285=EDGE_CURVE('',#3403,#3404,#1856,.T.);
#4286=EDGE_CURVE('',#3404,#3401,#1857,.T.);
#4287=EDGE_CURVE('',#3400,#3405,#1858,.T.);
#4288=EDGE_CURVE('',#3405,#3406,#1512,.T.);
#4289=EDGE_CURVE('',#3406,#3407,#1859,.T.);
#4290=EDGE_CURVE('',#3407,#3408,#1860,.T.);
#4291=EDGE_CURVE('',#3408,#3409,#1513,.T.);
#4292=EDGE_CURVE('',#3409,#3410,#1861,.T.);
#4293=EDGE_CURVE('',#3410,#3411,#1862,.T.);
#4294=EDGE_CURVE('',#3411,#3412,#1863,.T.);
#4295=EDGE_CURVE('',#3412,#3413,#1864,.T.);
#4296=EDGE_CURVE('',#3413,#3414,#1865,.T.);
#4297=EDGE_CURVE('',#3414,#3415,#1866,.T.);
#4298=EDGE_CURVE('',#3415,#3416,#1867,.T.);
#4299=EDGE_CURVE('',#3416,#3417,#1868,.T.);
#4300=EDGE_CURVE('',#3417,#3418,#1869,.T.);
#4301=EDGE_CURVE('',#3418,#3419,#1870,.T.);
#4302=EDGE_CURVE('',#3419,#3402,#1514,.T.);
#4303=EDGE_CURVE('',#3420,#3421,#1515,.T.);
#4304=EDGE_CURVE('',#3421,#3420,#1871,.T.);
#4305=EDGE_CURVE('',#3375,#3422,#1872,.T.);
#4306=EDGE_CURVE('',#3422,#3423,#1516,.T.);
#4307=EDGE_CURVE('',#3423,#3374,#1873,.T.);
#4308=EDGE_CURVE('',#3361,#3398,#1874,.T.);
#4309=EDGE_CURVE('',#3399,#3358,#1875,.T.);
#4310=EDGE_CURVE('',#3424,#3370,#1876,.T.);
#4311=EDGE_CURVE('',#3371,#3425,#1877,.T.);
#4312=EDGE_CURVE('',#3425,#3424,#1517,.T.);
#4313=EDGE_CURVE('',#3365,#3366,#1878,.T.);
#4314=EDGE_CURVE('',#3367,#3364,#1879,.T.);
#4315=EDGE_CURVE('',#3420,#3397,#1880,.T.);
#4316=EDGE_CURVE('',#3396,#3421,#1881,.T.);
#4317=EDGE_CURVE('',#3402,#3378,#1882,.T.);
#4318=EDGE_CURVE('',#3379,#3419,#1883,.T.);
#4319=EDGE_CURVE('',#3380,#3418,#1884,.T.);
#4320=EDGE_CURVE('',#3381,#3417,#1885,.T.);
#4321=EDGE_CURVE('',#3382,#3416,#1886,.T.);
#4322=EDGE_CURVE('',#3383,#3415,#1887,.T.);
#4323=EDGE_CURVE('',#3384,#3414,#1888,.T.);
#4324=EDGE_CURVE('',#3385,#3413,#1889,.T.);
#4325=EDGE_CURVE('',#3386,#3412,#1890,.T.);
#4326=EDGE_CURVE('',#3387,#3411,#1891,.T.);
#4327=EDGE_CURVE('',#3388,#3410,#1892,.T.);
#4328=EDGE_CURVE('',#3389,#3409,#1893,.T.);
#4329=EDGE_CURVE('',#3390,#3408,#1894,.T.);
#4330=EDGE_CURVE('',#3391,#3407,#1895,.T.);
#4331=EDGE_CURVE('',#3392,#3406,#1896,.T.);
#4332=EDGE_CURVE('',#3393,#3405,#1897,.T.);
#4333=EDGE_CURVE('',#3394,#3404,#1898,.T.);
#4334=EDGE_CURVE('',#3395,#3403,#1899,.T.);
#4335=EDGE_CURVE('',#3425,#3423,#1900,.T.);
#4336=EDGE_CURVE('',#3424,#3422,#1901,.T.);
#4337=EDGE_CURVE('',#3426,#3427,#1902,.T.);
#4338=EDGE_CURVE('',#3426,#3428,#1903,.T.);
#4339=EDGE_CURVE('',#3429,#3428,#1904,.T.);
#4340=EDGE_CURVE('',#3427,#3429,#1905,.T.);
#4341=EDGE_CURVE('',#3427,#3430,#1906,.T.);
#4342=EDGE_CURVE('',#3431,#3429,#1907,.T.);
#4343=EDGE_CURVE('',#3430,#3431,#1908,.T.);
#4344=EDGE_CURVE('',#3430,#3432,#1909,.T.);
#4345=EDGE_CURVE('',#3433,#3431,#1910,.T.);
#4346=EDGE_CURVE('',#3432,#3433,#1911,.T.);
#4347=EDGE_CURVE('',#3432,#3426,#1912,.T.);
#4348=EDGE_CURVE('',#3428,#3433,#1913,.T.);
#4349=EDGE_CURVE('',#3434,#3435,#1914,.T.);
#4350=EDGE_CURVE('',#3434,#3436,#1915,.T.);
#4351=EDGE_CURVE('',#3437,#3436,#1916,.T.);
#4352=EDGE_CURVE('',#3435,#3437,#1917,.T.);
#4353=EDGE_CURVE('',#3435,#3438,#1918,.T.);
#4354=EDGE_CURVE('',#3439,#3437,#1919,.T.);
#4355=EDGE_CURVE('',#3438,#3439,#1920,.T.);
#4356=EDGE_CURVE('',#3438,#3440,#1921,.T.);
#4357=EDGE_CURVE('',#3441,#3439,#1922,.T.);
#4358=EDGE_CURVE('',#3440,#3441,#1923,.T.);
#4359=EDGE_CURVE('',#3440,#3434,#1924,.T.);
#4360=EDGE_CURVE('',#3436,#3441,#1925,.T.);
#4361=EDGE_CURVE('',#3442,#3442,#1518,.T.);
#4362=EDGE_CURVE('',#3442,#3443,#1926,.T.);
#4363=EDGE_CURVE('',#3443,#3443,#1519,.T.);
#4364=EDGE_CURVE('',#3444,#3444,#1520,.T.);
#4365=EDGE_CURVE('',#3444,#3445,#1927,.T.);
#4366=EDGE_CURVE('',#3445,#3445,#1521,.T.);
#4367=EDGE_CURVE('',#3446,#3447,#1928,.T.);
#4368=EDGE_CURVE('',#3446,#3448,#1929,.T.);
#4369=EDGE_CURVE('',#3448,#3449,#1930,.T.);
#4370=EDGE_CURVE('',#3447,#3449,#1931,.T.);
#4371=EDGE_CURVE('',#3447,#3450,#1932,.T.);
#4372=EDGE_CURVE('',#3449,#3451,#1933,.T.);
#4373=EDGE_CURVE('',#3450,#3451,#1934,.T.);
#4374=EDGE_CURVE('',#3452,#3446,#1935,.T.);
#4375=EDGE_CURVE('',#3452,#3453,#1936,.T.);
#4376=EDGE_CURVE('',#3453,#3448,#1937,.T.);
#4377=EDGE_CURVE('',#3450,#3452,#1938,.T.);
#4378=EDGE_CURVE('',#3451,#3453,#1939,.T.);
#4379=EDGE_CURVE('',#3454,#3455,#1940,.T.);
#4380=EDGE_CURVE('',#3454,#3456,#1941,.T.);
#4381=EDGE_CURVE('',#3457,#3456,#1942,.T.);
#4382=EDGE_CURVE('',#3455,#3457,#1943,.T.);
#4383=EDGE_CURVE('',#3458,#3452,#1944,.T.);
#4384=EDGE_CURVE('',#3455,#3458,#1945,.T.);
#4385=EDGE_CURVE('',#3459,#3457,#1946,.T.);
#4386=EDGE_CURVE('',#3446,#3459,#1947,.T.);
#4387=EDGE_CURVE('',#3460,#3458,#1948,.T.);
#4388=EDGE_CURVE('',#3461,#3459,#1949,.T.);
#4389=EDGE_CURVE('',#3460,#3461,#1950,.T.);
#4390=EDGE_CURVE('',#3462,#3460,#1951,.T.);
#4391=EDGE_CURVE('',#3463,#3461,#1952,.T.);
#4392=EDGE_CURVE('',#3462,#3463,#1953,.T.);
#4393=EDGE_CURVE('',#3454,#3462,#1954,.T.);
#4394=EDGE_CURVE('',#3456,#3463,#1955,.T.);
#4395=EDGE_CURVE('',#3464,#3465,#1956,.T.);
#4396=EDGE_CURVE('',#3464,#3466,#1957,.T.);
#4397=EDGE_CURVE('',#3467,#3466,#1958,.T.);
#4398=EDGE_CURVE('',#3465,#3467,#1959,.T.);
#4399=EDGE_CURVE('',#3465,#3468,#1960,.T.);
#4400=EDGE_CURVE('',#3469,#3467,#1961,.T.);
#4401=EDGE_CURVE('',#3468,#3469,#1962,.T.);
#4402=EDGE_CURVE('',#3468,#3470,#1963,.T.);
#4403=EDGE_CURVE('',#3471,#3469,#1964,.T.);
#4404=EDGE_CURVE('',#3470,#3471,#1965,.T.);
#4405=EDGE_CURVE('',#3470,#3464,#1966,.T.);
#4406=EDGE_CURVE('',#3466,#3471,#1967,.T.);
#4407=EDGE_CURVE('',#3472,#3473,#1968,.T.);
#4408=EDGE_CURVE('',#3472,#3474,#1969,.T.);
#4409=EDGE_CURVE('',#3475,#3474,#1970,.T.);
#4410=EDGE_CURVE('',#3473,#3475,#1971,.T.);
#4411=EDGE_CURVE('',#3473,#3476,#1972,.T.);
#4412=EDGE_CURVE('',#3477,#3475,#1973,.T.);
#4413=EDGE_CURVE('',#3476,#3477,#1974,.T.);
#4414=EDGE_CURVE('',#3476,#3478,#1975,.T.);
#4415=EDGE_CURVE('',#3479,#3477,#1976,.T.);
#4416=EDGE_CURVE('',#3478,#3479,#1977,.T.);
#4417=EDGE_CURVE('',#3478,#3472,#1978,.T.);
#4418=EDGE_CURVE('',#3474,#3479,#1979,.T.);
#4419=EDGE_CURVE('',#3480,#3481,#1980,.T.);
#4420=EDGE_CURVE('',#3480,#3482,#1981,.T.);
#4421=EDGE_CURVE('',#3483,#3482,#1982,.T.);
#4422=EDGE_CURVE('',#3481,#3483,#1983,.T.);
#4423=EDGE_CURVE('',#3481,#3484,#1984,.T.);
#4424=EDGE_CURVE('',#3485,#3483,#1985,.T.);
#4425=EDGE_CURVE('',#3484,#3485,#1986,.T.);
#4426=EDGE_CURVE('',#3484,#3486,#1987,.T.);
#4427=EDGE_CURVE('',#3487,#3485,#1988,.T.);
#4428=EDGE_CURVE('',#3486,#3487,#1989,.T.);
#4429=EDGE_CURVE('',#3486,#3480,#1990,.T.);
#4430=EDGE_CURVE('',#3482,#3487,#1991,.T.);
#4431=EDGE_CURVE('',#3488,#3489,#1992,.T.);
#4432=EDGE_CURVE('',#3488,#3490,#1993,.T.);
#4433=EDGE_CURVE('',#3491,#3490,#1994,.T.);
#4434=EDGE_CURVE('',#3489,#3491,#1995,.T.);
#4435=EDGE_CURVE('',#3489,#3492,#1996,.T.);
#4436=EDGE_CURVE('',#3493,#3491,#1997,.T.);
#4437=EDGE_CURVE('',#3492,#3493,#1998,.T.);
#4438=EDGE_CURVE('',#3492,#3494,#1999,.T.);
#4439=EDGE_CURVE('',#3495,#3493,#2000,.T.);
#4440=EDGE_CURVE('',#3494,#3495,#2001,.T.);
#4441=EDGE_CURVE('',#3494,#3488,#2002,.T.);
#4442=EDGE_CURVE('',#3490,#3495,#2003,.T.);
#4443=EDGE_CURVE('',#3496,#3497,#2004,.T.);
#4444=EDGE_CURVE('',#3496,#3498,#2005,.T.);
#4445=EDGE_CURVE('',#3499,#3498,#2006,.T.);
#4446=EDGE_CURVE('',#3497,#3499,#2007,.T.);
#4447=EDGE_CURVE('',#3497,#3500,#2008,.T.);
#4448=EDGE_CURVE('',#3501,#3499,#2009,.T.);
#4449=EDGE_CURVE('',#3500,#3501,#2010,.T.);
#4450=EDGE_CURVE('',#3502,#3500,#2011,.T.);
#4451=EDGE_CURVE('',#3503,#3501,#2012,.T.);
#4452=EDGE_CURVE('',#3502,#3503,#2013,.T.);
#4453=EDGE_CURVE('',#3504,#3502,#2014,.T.);
#4454=EDGE_CURVE('',#3505,#3503,#2015,.T.);
#4455=EDGE_CURVE('',#3504,#3505,#2016,.T.);
#4456=EDGE_CURVE('',#3506,#3504,#2017,.T.);
#4457=EDGE_CURVE('',#3507,#3505,#2018,.T.);
#4458=EDGE_CURVE('',#3506,#3507,#2019,.T.);
#4459=EDGE_CURVE('',#3496,#3506,#2020,.T.);
#4460=EDGE_CURVE('',#3498,#3507,#2021,.T.);
#4461=EDGE_CURVE('',#3508,#3508,#1522,.T.);
#4462=EDGE_CURVE('',#3508,#3509,#2022,.T.);
#4463=EDGE_CURVE('',#3509,#3509,#1523,.T.);
#4464=EDGE_CURVE('',#3510,#3511,#2023,.T.);
#4465=EDGE_CURVE('',#3510,#3512,#2024,.T.);
#4466=EDGE_CURVE('',#3513,#3512,#2025,.T.);
#4467=EDGE_CURVE('',#3511,#3513,#2026,.T.);
#4468=EDGE_CURVE('',#3511,#3514,#2027,.T.);
#4469=EDGE_CURVE('',#3515,#3513,#2028,.T.);
#4470=EDGE_CURVE('',#3514,#3515,#2029,.T.);
#4471=EDGE_CURVE('',#3514,#3516,#2030,.T.);
#4472=EDGE_CURVE('',#3517,#3515,#2031,.T.);
#4473=EDGE_CURVE('',#3516,#3517,#2032,.T.);
#4474=EDGE_CURVE('',#3516,#3510,#2033,.T.);
#4475=EDGE_CURVE('',#3512,#3517,#2034,.T.);
#4476=EDGE_CURVE('',#3518,#3519,#2035,.T.);
#4477=EDGE_CURVE('',#3518,#3520,#2036,.T.);
#4478=EDGE_CURVE('',#3521,#3520,#2037,.T.);
#4479=EDGE_CURVE('',#3519,#3521,#2038,.T.);
#4480=EDGE_CURVE('',#3519,#3522,#2039,.T.);
#4481=EDGE_CURVE('',#3523,#3521,#2040,.T.);
#4482=EDGE_CURVE('',#3522,#3523,#2041,.T.);
#4483=EDGE_CURVE('',#3522,#3524,#2042,.T.);
#4484=EDGE_CURVE('',#3525,#3523,#2043,.T.);
#4485=EDGE_CURVE('',#3524,#3525,#2044,.T.);
#4486=EDGE_CURVE('',#3524,#3518,#2045,.T.);
#4487=EDGE_CURVE('',#3520,#3525,#2046,.T.);
#4488=EDGE_CURVE('',#3526,#3527,#2047,.T.);
#4489=EDGE_CURVE('',#3526,#3528,#2048,.T.);
#4490=EDGE_CURVE('',#3529,#3528,#2049,.T.);
#4491=EDGE_CURVE('',#3527,#3529,#2050,.T.);
#4492=EDGE_CURVE('',#3527,#3530,#2051,.T.);
#4493=EDGE_CURVE('',#3531,#3529,#2052,.T.);
#4494=EDGE_CURVE('',#3530,#3531,#2053,.T.);
#4495=EDGE_CURVE('',#3530,#3532,#2054,.T.);
#4496=EDGE_CURVE('',#3533,#3531,#2055,.T.);
#4497=EDGE_CURVE('',#3532,#3533,#2056,.T.);
#4498=EDGE_CURVE('',#3532,#3526,#2057,.T.);
#4499=EDGE_CURVE('',#3528,#3533,#2058,.T.);
#4500=EDGE_CURVE('',#3534,#3535,#2059,.T.);
#4501=EDGE_CURVE('',#3534,#3536,#2060,.T.);
#4502=EDGE_CURVE('',#3537,#3536,#2061,.T.);
#4503=EDGE_CURVE('',#3535,#3537,#2062,.T.);
#4504=EDGE_CURVE('',#3535,#3538,#2063,.T.);
#4505=EDGE_CURVE('',#3539,#3537,#2064,.T.);
#4506=EDGE_CURVE('',#3538,#3539,#2065,.T.);
#4507=EDGE_CURVE('',#3538,#3540,#2066,.T.);
#4508=EDGE_CURVE('',#3541,#3539,#2067,.T.);
#4509=EDGE_CURVE('',#3540,#3541,#2068,.T.);
#4510=EDGE_CURVE('',#3540,#3534,#2069,.T.);
#4511=EDGE_CURVE('',#3536,#3541,#2070,.T.);
#4512=EDGE_CURVE('',#3542,#3543,#2071,.T.);
#4513=EDGE_CURVE('',#3542,#3544,#2072,.T.);
#4514=EDGE_CURVE('',#3545,#3544,#2073,.T.);
#4515=EDGE_CURVE('',#3543,#3545,#2074,.T.);
#4516=EDGE_CURVE('',#3543,#3546,#2075,.T.);
#4517=EDGE_CURVE('',#3547,#3545,#2076,.T.);
#4518=EDGE_CURVE('',#3546,#3547,#2077,.T.);
#4519=EDGE_CURVE('',#3546,#3548,#2078,.T.);
#4520=EDGE_CURVE('',#3549,#3547,#2079,.T.);
#4521=EDGE_CURVE('',#3548,#3549,#2080,.T.);
#4522=EDGE_CURVE('',#3548,#3542,#2081,.T.);
#4523=EDGE_CURVE('',#3544,#3549,#2082,.T.);
#4524=EDGE_CURVE('',#3550,#3551,#2083,.T.);
#4525=EDGE_CURVE('',#3550,#3552,#2084,.T.);
#4526=EDGE_CURVE('',#3553,#3552,#2085,.T.);
#4527=EDGE_CURVE('',#3551,#3553,#2086,.T.);
#4528=EDGE_CURVE('',#3551,#3554,#2087,.T.);
#4529=EDGE_CURVE('',#3555,#3553,#2088,.T.);
#4530=EDGE_CURVE('',#3554,#3555,#2089,.T.);
#4531=EDGE_CURVE('',#3554,#3556,#2090,.T.);
#4532=EDGE_CURVE('',#3557,#3555,#2091,.T.);
#4533=EDGE_CURVE('',#3556,#3557,#2092,.T.);
#4534=EDGE_CURVE('',#3556,#3550,#2093,.T.);
#4535=EDGE_CURVE('',#3552,#3557,#2094,.T.);
#4536=EDGE_CURVE('',#3558,#3559,#2095,.T.);
#4537=EDGE_CURVE('',#3558,#3560,#2096,.T.);
#4538=EDGE_CURVE('',#3561,#3560,#2097,.T.);
#4539=EDGE_CURVE('',#3559,#3561,#2098,.T.);
#4540=EDGE_CURVE('',#3559,#3562,#2099,.T.);
#4541=EDGE_CURVE('',#3563,#3561,#2100,.T.);
#4542=EDGE_CURVE('',#3562,#3563,#2101,.T.);
#4543=EDGE_CURVE('',#3562,#3564,#2102,.T.);
#4544=EDGE_CURVE('',#3565,#3563,#2103,.T.);
#4545=EDGE_CURVE('',#3564,#3565,#2104,.T.);
#4546=EDGE_CURVE('',#3564,#3558,#2105,.T.);
#4547=EDGE_CURVE('',#3560,#3565,#2106,.T.);
#4548=EDGE_CURVE('',#3566,#3567,#2107,.T.);
#4549=EDGE_CURVE('',#3566,#3568,#2108,.T.);
#4550=EDGE_CURVE('',#3569,#3568,#2109,.T.);
#4551=EDGE_CURVE('',#3567,#3569,#2110,.T.);
#4552=EDGE_CURVE('',#3567,#3570,#2111,.T.);
#4553=EDGE_CURVE('',#3571,#3569,#2112,.T.);
#4554=EDGE_CURVE('',#3570,#3571,#2113,.T.);
#4555=EDGE_CURVE('',#3570,#3572,#2114,.T.);
#4556=EDGE_CURVE('',#3573,#3571,#2115,.T.);
#4557=EDGE_CURVE('',#3572,#3573,#2116,.T.);
#4558=EDGE_CURVE('',#3572,#3566,#2117,.T.);
#4559=EDGE_CURVE('',#3568,#3573,#2118,.T.);
#4560=EDGE_CURVE('',#3574,#3575,#2119,.T.);
#4561=EDGE_CURVE('',#3574,#3576,#2120,.T.);
#4562=EDGE_CURVE('',#3576,#3577,#2121,.T.);
#4563=EDGE_CURVE('',#3575,#3577,#2122,.T.);
#4564=EDGE_CURVE('',#3577,#3578,#2123,.T.);
#4565=EDGE_CURVE('',#3579,#3576,#2124,.T.);
#4566=EDGE_CURVE('',#3578,#3579,#2125,.T.);
#4567=EDGE_CURVE('',#3580,#3574,#2126,.T.);
#4568=EDGE_CURVE('',#3579,#3580,#2127,.T.);
#4569=EDGE_CURVE('',#3578,#3581,#2128,.T.);
#4570=EDGE_CURVE('',#3581,#3582,#2129,.T.);
#4571=EDGE_CURVE('',#3582,#3583,#2130,.T.);
#4572=EDGE_CURVE('',#3583,#3584,#2131,.T.);
#4573=EDGE_CURVE('',#3584,#3585,#2132,.T.);
#4574=EDGE_CURVE('',#3585,#3586,#2133,.T.);
#4575=EDGE_CURVE('',#3586,#3587,#2134,.T.);
#4576=EDGE_CURVE('',#3587,#3575,#2135,.T.);
#4577=EDGE_CURVE('',#3588,#3583,#2136,.T.);
#4578=EDGE_CURVE('',#3584,#3588,#2137,.T.);
#4579=EDGE_CURVE('',#3589,#3581,#2138,.T.);
#4580=EDGE_CURVE('',#3582,#3589,#2139,.T.);
#4581=EDGE_CURVE('',#3588,#3589,#2140,.T.);
#4582=EDGE_CURVE('',#3580,#3590,#2141,.T.);
#4583=EDGE_CURVE('',#3591,#3590,#2142,.T.);
#4584=EDGE_CURVE('',#3585,#3591,#2143,.T.);
#4585=EDGE_CURVE('',#3587,#3592,#2144,.T.);
#4586=EDGE_CURVE('',#3590,#3592,#2145,.T.);
#4587=EDGE_CURVE('',#3593,#3591,#2146,.T.);
#4588=EDGE_CURVE('',#3586,#3593,#2147,.T.);
#4589=EDGE_CURVE('',#3592,#3593,#2148,.T.);
#4590=EDGE_CURVE('',#3594,#3595,#2149,.T.);
#4591=EDGE_CURVE('',#3596,#3594,#2150,.T.);
#4592=EDGE_CURVE('',#3597,#3596,#2151,.T.);
#4593=EDGE_CURVE('',#3595,#3597,#2152,.T.);
#4594=EDGE_CURVE('',#3598,#3597,#2153,.T.);
#4595=EDGE_CURVE('',#3599,#3598,#2154,.T.);
#4596=EDGE_CURVE('',#3595,#3599,#2155,.T.);
#4597=EDGE_CURVE('',#3596,#3600,#2156,.T.);
#4598=EDGE_CURVE('',#3600,#3601,#2157,.T.);
#4599=EDGE_CURVE('',#3601,#3602,#2158,.T.);
#4600=EDGE_CURVE('',#3602,#3603,#2159,.T.);
#4601=EDGE_CURVE('',#3603,#3598,#2160,.T.);
#4602=EDGE_CURVE('',#3604,#3605,#2161,.T.);
#4603=EDGE_CURVE('',#3604,#3601,#2162,.T.);
#4604=EDGE_CURVE('',#3605,#3600,#2163,.T.);
#4605=EDGE_CURVE('',#3606,#3604,#2164,.T.);
#4606=EDGE_CURVE('',#3602,#3606,#2165,.T.);
#4607=EDGE_CURVE('',#3607,#3606,#2166,.T.);
#4608=EDGE_CURVE('',#3607,#3603,#2167,.T.);
#4609=EDGE_CURVE('',#3605,#3594,#2168,.T.);
#4610=EDGE_CURVE('',#3599,#3607,#2169,.T.);
#4611=EDGE_CURVE('',#3608,#3609,#2170,.T.);
#4612=EDGE_CURVE('',#3610,#3608,#2171,.T.);
#4613=EDGE_CURVE('',#3611,#3610,#2172,.T.);
#4614=EDGE_CURVE('',#3609,#3611,#2173,.T.);
#4615=EDGE_CURVE('',#3610,#3612,#2174,.T.);
#4616=EDGE_CURVE('',#3612,#3613,#2175,.T.);
#4617=EDGE_CURVE('',#3613,#3611,#2176,.T.);
#4618=EDGE_CURVE('',#3614,#3608,#2177,.T.);
#4619=EDGE_CURVE('',#3614,#3612,#2178,.T.);
#4620=EDGE_CURVE('',#3615,#3614,#2179,.T.);
#4621=EDGE_CURVE('',#3615,#3613,#2180,.T.);
#4622=EDGE_CURVE('',#3609,#3615,#2181,.T.);
#4623=EDGE_CURVE('',#3616,#3617,#2182,.T.);
#4624=EDGE_CURVE('',#3618,#3616,#2183,.T.);
#4625=EDGE_CURVE('',#3619,#3618,#2184,.T.);
#4626=EDGE_CURVE('',#3617,#3619,#2185,.T.);
#4627=EDGE_CURVE('',#3618,#3620,#2186,.T.);
#4628=EDGE_CURVE('',#3620,#3621,#2187,.T.);
#4629=EDGE_CURVE('',#3621,#3619,#2188,.T.);
#4630=EDGE_CURVE('',#3622,#3616,#2189,.T.);
#4631=EDGE_CURVE('',#3622,#3620,#2190,.T.);
#4632=EDGE_CURVE('',#3623,#3622,#2191,.T.);
#4633=EDGE_CURVE('',#3623,#3621,#2192,.T.);
#4634=EDGE_CURVE('',#3617,#3623,#2193,.T.);
#4635=EDGE_CURVE('',#3624,#3625,#2194,.T.);
#4636=EDGE_CURVE('',#3626,#3624,#2195,.T.);
#4637=EDGE_CURVE('',#3627,#3626,#2196,.T.);
#4638=EDGE_CURVE('',#3625,#3627,#2197,.T.);
#4639=EDGE_CURVE('',#3628,#3627,#2198,.T.);
#4640=EDGE_CURVE('',#3629,#3628,#2199,.T.);
#4641=EDGE_CURVE('',#3625,#3629,#2200,.T.);
#4642=EDGE_CURVE('',#3626,#3630,#2201,.T.);
#4643=EDGE_CURVE('',#3630,#3631,#2202,.T.);
#4644=EDGE_CURVE('',#3631,#3632,#2203,.T.);
#4645=EDGE_CURVE('',#3632,#3633,#2204,.T.);
#4646=EDGE_CURVE('',#3633,#3628,#2205,.T.);
#4647=EDGE_CURVE('',#3634,#3635,#2206,.T.);
#4648=EDGE_CURVE('',#3631,#3634,#2207,.T.);
#4649=EDGE_CURVE('',#3635,#3630,#2208,.T.);
#4650=EDGE_CURVE('',#3636,#3634,#2209,.T.);
#4651=EDGE_CURVE('',#3632,#3636,#2210,.T.);
#4652=EDGE_CURVE('',#3637,#3636,#2211,.T.);
#4653=EDGE_CURVE('',#3637,#3633,#2212,.T.);
#4654=EDGE_CURVE('',#3635,#3624,#2213,.T.);
#4655=EDGE_CURVE('',#3629,#3637,#2214,.T.);
#4656=EDGE_CURVE('',#3638,#3639,#2215,.T.);
#4657=EDGE_CURVE('',#3638,#3640,#2216,.T.);
#4658=EDGE_CURVE('',#3641,#3640,#2217,.T.);
#4659=EDGE_CURVE('',#3639,#3641,#2218,.T.);
#4660=EDGE_CURVE('',#3639,#3642,#2219,.T.);
#4661=EDGE_CURVE('',#3643,#3641,#2220,.T.);
#4662=EDGE_CURVE('',#3642,#3643,#2221,.T.);
#4663=EDGE_CURVE('',#3642,#3644,#2222,.T.);
#4664=EDGE_CURVE('',#3645,#3643,#2223,.T.);
#4665=EDGE_CURVE('',#3644,#3645,#2224,.T.);
#4666=EDGE_CURVE('',#3644,#3638,#2225,.T.);
#4667=EDGE_CURVE('',#3640,#3645,#2226,.T.);
#4668=EDGE_CURVE('',#3646,#3647,#2227,.T.);
#4669=EDGE_CURVE('',#3646,#3648,#2228,.T.);
#4670=EDGE_CURVE('',#3649,#3648,#2229,.T.);
#4671=EDGE_CURVE('',#3647,#3649,#2230,.T.);
#4672=EDGE_CURVE('',#3647,#3650,#2231,.T.);
#4673=EDGE_CURVE('',#3651,#3649,#2232,.T.);
#4674=EDGE_CURVE('',#3650,#3651,#2233,.T.);
#4675=EDGE_CURVE('',#3650,#3652,#2234,.T.);
#4676=EDGE_CURVE('',#3653,#3651,#2235,.T.);
#4677=EDGE_CURVE('',#3652,#3653,#2236,.T.);
#4678=EDGE_CURVE('',#3652,#3646,#2237,.T.);
#4679=EDGE_CURVE('',#3648,#3653,#2238,.T.);
#4680=EDGE_CURVE('',#3654,#3655,#2239,.T.);
#4681=EDGE_CURVE('',#3654,#3656,#2240,.T.);
#4682=EDGE_CURVE('',#3657,#3656,#2241,.T.);
#4683=EDGE_CURVE('',#3655,#3657,#2242,.T.);
#4684=EDGE_CURVE('',#3655,#3658,#2243,.T.);
#4685=EDGE_CURVE('',#3659,#3657,#2244,.T.);
#4686=EDGE_CURVE('',#3658,#3659,#2245,.T.);
#4687=EDGE_CURVE('',#3658,#3660,#2246,.T.);
#4688=EDGE_CURVE('',#3661,#3659,#2247,.T.);
#4689=EDGE_CURVE('',#3660,#3661,#2248,.T.);
#4690=EDGE_CURVE('',#3660,#3654,#2249,.T.);
#4691=EDGE_CURVE('',#3656,#3661,#2250,.T.);
#4692=EDGE_CURVE('',#3662,#3663,#2251,.T.);
#4693=EDGE_CURVE('',#3663,#3664,#2252,.T.);
#4694=EDGE_CURVE('',#3664,#3665,#2253,.T.);
#4695=EDGE_CURVE('',#3665,#3662,#2254,.T.);
#4696=EDGE_CURVE('',#3662,#3666,#2255,.T.);
#4697=EDGE_CURVE('',#3667,#3665,#2256,.T.);
#4698=EDGE_CURVE('',#3666,#3667,#2257,.T.);
#4699=EDGE_CURVE('',#3666,#3668,#2258,.T.);
#4700=EDGE_CURVE('',#3669,#3667,#2259,.T.);
#4701=EDGE_CURVE('',#3668,#3669,#2260,.T.);
#4702=EDGE_CURVE('',#3668,#3663,#2261,.T.);
#4703=EDGE_CURVE('',#3669,#3664,#2262,.T.);
#4704=EDGE_CURVE('',#3670,#3671,#2263,.T.);
#4705=EDGE_CURVE('',#3671,#3672,#2264,.T.);
#4706=EDGE_CURVE('',#3672,#3673,#2265,.T.);
#4707=EDGE_CURVE('',#3673,#3670,#2266,.T.);
#4708=EDGE_CURVE('',#3670,#3674,#2267,.T.);
#4709=EDGE_CURVE('',#3675,#3673,#2268,.T.);
#4710=EDGE_CURVE('',#3674,#3675,#2269,.T.);
#4711=EDGE_CURVE('',#3674,#3676,#2270,.T.);
#4712=EDGE_CURVE('',#3677,#3675,#2271,.T.);
#4713=EDGE_CURVE('',#3676,#3677,#2272,.T.);
#4714=EDGE_CURVE('',#3676,#3671,#2273,.T.);
#4715=EDGE_CURVE('',#3677,#3672,#2274,.T.);
#4716=ORIENTED_EDGE('',*,*,#3678,.F.);
#4717=ORIENTED_EDGE('',*,*,#3679,.F.);
#4718=ORIENTED_EDGE('',*,*,#3680,.F.);
#4719=ORIENTED_EDGE('',*,*,#3681,.F.);
#4720=ORIENTED_EDGE('',*,*,#3682,.F.);
#4721=ORIENTED_EDGE('',*,*,#3683,.F.);
#4722=ORIENTED_EDGE('',*,*,#3684,.F.);
#4723=ORIENTED_EDGE('',*,*,#3685,.F.);
#4724=ORIENTED_EDGE('',*,*,#3683,.T.);
#4725=ORIENTED_EDGE('',*,*,#3686,.F.);
#4726=ORIENTED_EDGE('',*,*,#3687,.F.);
#4727=ORIENTED_EDGE('',*,*,#3688,.F.);
#4728=ORIENTED_EDGE('',*,*,#3682,.T.);
#4729=ORIENTED_EDGE('',*,*,#3689,.T.);
#4730=ORIENTED_EDGE('',*,*,#3690,.T.);
#4731=ORIENTED_EDGE('',*,*,#3686,.T.);
#4732=ORIENTED_EDGE('',*,*,#3681,.T.);
#4733=ORIENTED_EDGE('',*,*,#3691,.F.);
#4734=ORIENTED_EDGE('',*,*,#3692,.F.);
#4735=ORIENTED_EDGE('',*,*,#3689,.F.);
#4736=ORIENTED_EDGE('',*,*,#3680,.T.);
#4737=ORIENTED_EDGE('',*,*,#3693,.F.);
#4738=ORIENTED_EDGE('',*,*,#3694,.F.);
#4739=ORIENTED_EDGE('',*,*,#3695,.F.);
#4740=ORIENTED_EDGE('',*,*,#3691,.T.);
#4741=ORIENTED_EDGE('',*,*,#3678,.T.);
#4742=ORIENTED_EDGE('',*,*,#3696,.F.);
#4743=ORIENTED_EDGE('',*,*,#3697,.F.);
#4744=ORIENTED_EDGE('',*,*,#3698,.T.);
#4745=ORIENTED_EDGE('',*,*,#3699,.T.);
#4746=ORIENTED_EDGE('',*,*,#3685,.T.);
#4747=ORIENTED_EDGE('',*,*,#3700,.F.);
#4748=ORIENTED_EDGE('',*,*,#3701,.F.);
#4749=ORIENTED_EDGE('',*,*,#3696,.T.);
#4750=ORIENTED_EDGE('',*,*,#3684,.T.);
#4751=ORIENTED_EDGE('',*,*,#3688,.T.);
#4752=ORIENTED_EDGE('',*,*,#3702,.T.);
#4753=ORIENTED_EDGE('',*,*,#3700,.T.);
#4754=ORIENTED_EDGE('',*,*,#3702,.F.);
#4755=ORIENTED_EDGE('',*,*,#3703,.F.);
#4756=ORIENTED_EDGE('',*,*,#3704,.F.);
#4757=ORIENTED_EDGE('',*,*,#3690,.F.);
#4758=ORIENTED_EDGE('',*,*,#3705,.F.);
#4759=ORIENTED_EDGE('',*,*,#3706,.F.);
#4760=ORIENTED_EDGE('',*,*,#3695,.T.);
#4761=ORIENTED_EDGE('',*,*,#3707,.T.);
#4762=ORIENTED_EDGE('',*,*,#3705,.T.);
#4763=ORIENTED_EDGE('',*,*,#3692,.T.);
#4764=ORIENTED_EDGE('',*,*,#3703,.T.);
#4765=ORIENTED_EDGE('',*,*,#3687,.T.);
#4766=ORIENTED_EDGE('',*,*,#3706,.T.);
#4767=ORIENTED_EDGE('',*,*,#3708,.T.);
#4768=ORIENTED_EDGE('',*,*,#3697,.T.);
#4769=ORIENTED_EDGE('',*,*,#3701,.T.);
#4770=ORIENTED_EDGE('',*,*,#3704,.T.);
#4771=ORIENTED_EDGE('',*,*,#3709,.T.);
#4772=ORIENTED_EDGE('',*,*,#3679,.T.);
#4773=ORIENTED_EDGE('',*,*,#3699,.F.);
#4774=ORIENTED_EDGE('',*,*,#3710,.T.);
#4775=ORIENTED_EDGE('',*,*,#3693,.T.);
#4776=ORIENTED_EDGE('',*,*,#3707,.F.);
#4777=ORIENTED_EDGE('',*,*,#3694,.T.);
#4778=ORIENTED_EDGE('',*,*,#3710,.F.);
#4779=ORIENTED_EDGE('',*,*,#3698,.F.);
#4780=ORIENTED_EDGE('',*,*,#3709,.F.);
#4781=ORIENTED_EDGE('',*,*,#3708,.F.);
#4782=ORIENTED_EDGE('',*,*,#3711,.F.);
#4783=ORIENTED_EDGE('',*,*,#3712,.T.);
#4784=ORIENTED_EDGE('',*,*,#3713,.T.);
#4785=ORIENTED_EDGE('',*,*,#3712,.F.);
#4786=ORIENTED_EDGE('',*,*,#3713,.F.);
#4787=ORIENTED_EDGE('',*,*,#3714,.F.);
#4788=ORIENTED_EDGE('',*,*,#3715,.T.);
#4789=ORIENTED_EDGE('',*,*,#3716,.T.);
#4790=ORIENTED_EDGE('',*,*,#3715,.F.);
#4791=ORIENTED_EDGE('',*,*,#3716,.F.);
#4792=ORIENTED_EDGE('',*,*,#3717,.T.);
#4793=ORIENTED_EDGE('',*,*,#3718,.T.);
#4794=ORIENTED_EDGE('',*,*,#3719,.T.);
#4795=ORIENTED_EDGE('',*,*,#3720,.T.);
#4796=ORIENTED_EDGE('',*,*,#3721,.T.);
#4797=ORIENTED_EDGE('',*,*,#3722,.T.);
#4798=ORIENTED_EDGE('',*,*,#3723,.T.);
#4799=ORIENTED_EDGE('',*,*,#3720,.F.);
#4800=ORIENTED_EDGE('',*,*,#3724,.T.);
#4801=ORIENTED_EDGE('',*,*,#3725,.T.);
#4802=ORIENTED_EDGE('',*,*,#3726,.T.);
#4803=ORIENTED_EDGE('',*,*,#3727,.T.);
#4804=ORIENTED_EDGE('',*,*,#3724,.F.);
#4805=ORIENTED_EDGE('',*,*,#3728,.T.);
#4806=ORIENTED_EDGE('',*,*,#3722,.F.);
#4807=ORIENTED_EDGE('',*,*,#3729,.T.);
#4808=ORIENTED_EDGE('',*,*,#3730,.T.);
#4809=ORIENTED_EDGE('',*,*,#3731,.T.);
#4810=ORIENTED_EDGE('',*,*,#3732,.T.);
#4811=ORIENTED_EDGE('',*,*,#3729,.F.);
#4812=ORIENTED_EDGE('',*,*,#3733,.T.);
#4813=ORIENTED_EDGE('',*,*,#3726,.F.);
#4814=ORIENTED_EDGE('',*,*,#3734,.T.);
#4815=ORIENTED_EDGE('',*,*,#3735,.T.);
#4816=ORIENTED_EDGE('',*,*,#3736,.T.);
#4817=ORIENTED_EDGE('',*,*,#3737,.T.);
#4818=ORIENTED_EDGE('',*,*,#3734,.F.);
#4819=ORIENTED_EDGE('',*,*,#3738,.T.);
#4820=ORIENTED_EDGE('',*,*,#3731,.F.);
#4821=ORIENTED_EDGE('',*,*,#3739,.T.);
#4822=ORIENTED_EDGE('',*,*,#3740,.T.);
#4823=ORIENTED_EDGE('',*,*,#3741,.T.);
#4824=ORIENTED_EDGE('',*,*,#3742,.T.);
#4825=ORIENTED_EDGE('',*,*,#3739,.F.);
#4826=ORIENTED_EDGE('',*,*,#3743,.T.);
#4827=ORIENTED_EDGE('',*,*,#3736,.F.);
#4828=ORIENTED_EDGE('',*,*,#3744,.T.);
#4829=ORIENTED_EDGE('',*,*,#3745,.T.);
#4830=ORIENTED_EDGE('',*,*,#3746,.T.);
#4831=ORIENTED_EDGE('',*,*,#3747,.T.);
#4832=ORIENTED_EDGE('',*,*,#3746,.F.);
#4833=ORIENTED_EDGE('',*,*,#3748,.T.);
#4834=ORIENTED_EDGE('',*,*,#3741,.F.);
#4835=ORIENTED_EDGE('',*,*,#3749,.T.);
#4836=ORIENTED_EDGE('',*,*,#3750,.T.);
#4837=ORIENTED_EDGE('',*,*,#3751,.T.);
#4838=ORIENTED_EDGE('',*,*,#3752,.T.);
#4839=ORIENTED_EDGE('',*,*,#3751,.F.);
#4840=ORIENTED_EDGE('',*,*,#3753,.T.);
#4841=ORIENTED_EDGE('',*,*,#3744,.F.);
#4842=ORIENTED_EDGE('',*,*,#3754,.T.);
#4843=ORIENTED_EDGE('',*,*,#3755,.T.);
#4844=ORIENTED_EDGE('',*,*,#3756,.T.);
#4845=ORIENTED_EDGE('',*,*,#3757,.T.);
#4846=ORIENTED_EDGE('',*,*,#3756,.F.);
#4847=ORIENTED_EDGE('',*,*,#3758,.T.);
#4848=ORIENTED_EDGE('',*,*,#3749,.F.);
#4849=ORIENTED_EDGE('',*,*,#3759,.T.);
#4850=ORIENTED_EDGE('',*,*,#3760,.T.);
#4851=ORIENTED_EDGE('',*,*,#3761,.T.);
#4852=ORIENTED_EDGE('',*,*,#3762,.T.);
#4853=ORIENTED_EDGE('',*,*,#3761,.F.);
#4854=ORIENTED_EDGE('',*,*,#3763,.T.);
#4855=ORIENTED_EDGE('',*,*,#3754,.F.);
#4856=ORIENTED_EDGE('',*,*,#3764,.T.);
#4857=ORIENTED_EDGE('',*,*,#3765,.T.);
#4858=ORIENTED_EDGE('',*,*,#3766,.T.);
#4859=ORIENTED_EDGE('',*,*,#3767,.T.);
#4860=ORIENTED_EDGE('',*,*,#3766,.F.);
#4861=ORIENTED_EDGE('',*,*,#3768,.T.);
#4862=ORIENTED_EDGE('',*,*,#3759,.F.);
#4863=ORIENTED_EDGE('',*,*,#3718,.F.);
#4864=ORIENTED_EDGE('',*,*,#3769,.T.);
#4865=ORIENTED_EDGE('',*,*,#3764,.F.);
#4866=ORIENTED_EDGE('',*,*,#3742,.F.);
#4867=ORIENTED_EDGE('',*,*,#3770,.F.);
#4868=ORIENTED_EDGE('',*,*,#3771,.F.);
#4869=ORIENTED_EDGE('',*,*,#3772,.F.);
#4870=ORIENTED_EDGE('',*,*,#3748,.F.);
#4871=ORIENTED_EDGE('',*,*,#3773,.T.);
#4872=ORIENTED_EDGE('',*,*,#3774,.T.);
#4873=ORIENTED_EDGE('',*,*,#3770,.T.);
#4874=ORIENTED_EDGE('',*,*,#3745,.F.);
#4875=ORIENTED_EDGE('',*,*,#3775,.F.);
#4876=ORIENTED_EDGE('',*,*,#3776,.F.);
#4877=ORIENTED_EDGE('',*,*,#3773,.F.);
#4878=ORIENTED_EDGE('',*,*,#3753,.F.);
#4879=ORIENTED_EDGE('',*,*,#3777,.T.);
#4880=ORIENTED_EDGE('',*,*,#3778,.T.);
#4881=ORIENTED_EDGE('',*,*,#3775,.T.);
#4882=ORIENTED_EDGE('',*,*,#3750,.F.);
#4883=ORIENTED_EDGE('',*,*,#3779,.F.);
#4884=ORIENTED_EDGE('',*,*,#3780,.F.);
#4885=ORIENTED_EDGE('',*,*,#3777,.F.);
#4886=ORIENTED_EDGE('',*,*,#3758,.F.);
#4887=ORIENTED_EDGE('',*,*,#3781,.T.);
#4888=ORIENTED_EDGE('',*,*,#3782,.T.);
#4889=ORIENTED_EDGE('',*,*,#3779,.T.);
#4890=ORIENTED_EDGE('',*,*,#3755,.F.);
#4891=ORIENTED_EDGE('',*,*,#3783,.F.);
#4892=ORIENTED_EDGE('',*,*,#3784,.F.);
#4893=ORIENTED_EDGE('',*,*,#3781,.F.);
#4894=ORIENTED_EDGE('',*,*,#3763,.F.);
#4895=ORIENTED_EDGE('',*,*,#3785,.T.);
#4896=ORIENTED_EDGE('',*,*,#3786,.T.);
#4897=ORIENTED_EDGE('',*,*,#3783,.T.);
#4898=ORIENTED_EDGE('',*,*,#3760,.F.);
#4899=ORIENTED_EDGE('',*,*,#3787,.F.);
#4900=ORIENTED_EDGE('',*,*,#3788,.F.);
#4901=ORIENTED_EDGE('',*,*,#3785,.F.);
#4902=ORIENTED_EDGE('',*,*,#3714,.T.);
#4903=ORIENTED_EDGE('',*,*,#3768,.F.);
#4904=ORIENTED_EDGE('',*,*,#3789,.T.);
#4905=ORIENTED_EDGE('',*,*,#3790,.T.);
#4906=ORIENTED_EDGE('',*,*,#3787,.T.);
#4907=ORIENTED_EDGE('',*,*,#3765,.F.);
#4908=ORIENTED_EDGE('',*,*,#3791,.F.);
#4909=ORIENTED_EDGE('',*,*,#3792,.F.);
#4910=ORIENTED_EDGE('',*,*,#3789,.F.);
#4911=ORIENTED_EDGE('',*,*,#3719,.F.);
#4912=ORIENTED_EDGE('',*,*,#3767,.F.);
#4913=ORIENTED_EDGE('',*,*,#3762,.F.);
#4914=ORIENTED_EDGE('',*,*,#3757,.F.);
#4915=ORIENTED_EDGE('',*,*,#3752,.F.);
#4916=ORIENTED_EDGE('',*,*,#3747,.F.);
#4917=ORIENTED_EDGE('',*,*,#3740,.F.);
#4918=ORIENTED_EDGE('',*,*,#3735,.F.);
#4919=ORIENTED_EDGE('',*,*,#3730,.F.);
#4920=ORIENTED_EDGE('',*,*,#3725,.F.);
#4921=ORIENTED_EDGE('',*,*,#3721,.F.);
#4922=ORIENTED_EDGE('',*,*,#3738,.F.);
#4923=ORIENTED_EDGE('',*,*,#3793,.T.);
#4924=ORIENTED_EDGE('',*,*,#3794,.T.);
#4925=ORIENTED_EDGE('',*,*,#3795,.T.);
#4926=ORIENTED_EDGE('',*,*,#3794,.F.);
#4927=ORIENTED_EDGE('',*,*,#3796,.T.);
#4928=ORIENTED_EDGE('',*,*,#3797,.T.);
#4929=ORIENTED_EDGE('',*,*,#3796,.F.);
#4930=ORIENTED_EDGE('',*,*,#3798,.T.);
#4931=ORIENTED_EDGE('',*,*,#3799,.F.);
#4932=ORIENTED_EDGE('',*,*,#3800,.T.);
#4933=ORIENTED_EDGE('',*,*,#3737,.F.);
#4934=ORIENTED_EDGE('',*,*,#3801,.F.);
#4935=ORIENTED_EDGE('',*,*,#3798,.F.);
#4936=ORIENTED_EDGE('',*,*,#3793,.F.);
#4937=ORIENTED_EDGE('',*,*,#3743,.F.);
#4938=ORIENTED_EDGE('',*,*,#3772,.T.);
#4939=ORIENTED_EDGE('',*,*,#3802,.T.);
#4940=ORIENTED_EDGE('',*,*,#3801,.T.);
#4941=ORIENTED_EDGE('',*,*,#3802,.F.);
#4942=ORIENTED_EDGE('',*,*,#3803,.T.);
#4943=ORIENTED_EDGE('',*,*,#3799,.T.);
#4944=ORIENTED_EDGE('',*,*,#3803,.F.);
#4945=ORIENTED_EDGE('',*,*,#3771,.T.);
#4946=ORIENTED_EDGE('',*,*,#3804,.F.);
#4947=ORIENTED_EDGE('',*,*,#3805,.T.);
#4948=ORIENTED_EDGE('',*,*,#3774,.F.);
#4949=ORIENTED_EDGE('',*,*,#3806,.T.);
#4950=ORIENTED_EDGE('',*,*,#3804,.T.);
#4951=ORIENTED_EDGE('',*,*,#3806,.F.);
#4952=ORIENTED_EDGE('',*,*,#3776,.T.);
#4953=ORIENTED_EDGE('',*,*,#3807,.F.);
#4954=ORIENTED_EDGE('',*,*,#3808,.T.);
#4955=ORIENTED_EDGE('',*,*,#3778,.F.);
#4956=ORIENTED_EDGE('',*,*,#3809,.T.);
#4957=ORIENTED_EDGE('',*,*,#3807,.T.);
#4958=ORIENTED_EDGE('',*,*,#3809,.F.);
#4959=ORIENTED_EDGE('',*,*,#3780,.T.);
#4960=ORIENTED_EDGE('',*,*,#3810,.F.);
#4961=ORIENTED_EDGE('',*,*,#3811,.T.);
#4962=ORIENTED_EDGE('',*,*,#3782,.F.);
#4963=ORIENTED_EDGE('',*,*,#3812,.T.);
#4964=ORIENTED_EDGE('',*,*,#3810,.T.);
#4965=ORIENTED_EDGE('',*,*,#3812,.F.);
#4966=ORIENTED_EDGE('',*,*,#3784,.T.);
#4967=ORIENTED_EDGE('',*,*,#3813,.F.);
#4968=ORIENTED_EDGE('',*,*,#3814,.T.);
#4969=ORIENTED_EDGE('',*,*,#3786,.F.);
#4970=ORIENTED_EDGE('',*,*,#3815,.T.);
#4971=ORIENTED_EDGE('',*,*,#3813,.T.);
#4972=ORIENTED_EDGE('',*,*,#3815,.F.);
#4973=ORIENTED_EDGE('',*,*,#3788,.T.);
#4974=ORIENTED_EDGE('',*,*,#3816,.F.);
#4975=ORIENTED_EDGE('',*,*,#3817,.T.);
#4976=ORIENTED_EDGE('',*,*,#3733,.F.);
#4977=ORIENTED_EDGE('',*,*,#3818,.T.);
#4978=ORIENTED_EDGE('',*,*,#3819,.T.);
#4979=ORIENTED_EDGE('',*,*,#3820,.T.);
#4980=ORIENTED_EDGE('',*,*,#3819,.F.);
#4981=ORIENTED_EDGE('',*,*,#3821,.T.);
#4982=ORIENTED_EDGE('',*,*,#3822,.T.);
#4983=ORIENTED_EDGE('',*,*,#3732,.F.);
#4984=ORIENTED_EDGE('',*,*,#3795,.F.);
#4985=ORIENTED_EDGE('',*,*,#3823,.F.);
#4986=ORIENTED_EDGE('',*,*,#3818,.F.);
#4987=ORIENTED_EDGE('',*,*,#3711,.T.);
#4988=ORIENTED_EDGE('',*,*,#3727,.F.);
#4989=ORIENTED_EDGE('',*,*,#3820,.F.);
#4990=ORIENTED_EDGE('',*,*,#3824,.F.);
#4991=ORIENTED_EDGE('',*,*,#3825,.F.);
#4992=ORIENTED_EDGE('',*,*,#3728,.F.);
#4993=ORIENTED_EDGE('',*,*,#3825,.T.);
#4994=ORIENTED_EDGE('',*,*,#3826,.T.);
#4995=ORIENTED_EDGE('',*,*,#3827,.T.);
#4996=ORIENTED_EDGE('',*,*,#3826,.F.);
#4997=ORIENTED_EDGE('',*,*,#3828,.T.);
#4998=ORIENTED_EDGE('',*,*,#3829,.T.);
#4999=ORIENTED_EDGE('',*,*,#3822,.F.);
#5000=ORIENTED_EDGE('',*,*,#3830,.T.);
#5001=ORIENTED_EDGE('',*,*,#3828,.F.);
#5002=ORIENTED_EDGE('',*,*,#3824,.T.);
#5003=ORIENTED_EDGE('',*,*,#3790,.F.);
#5004=ORIENTED_EDGE('',*,*,#3831,.T.);
#5005=ORIENTED_EDGE('',*,*,#3816,.T.);
#5006=ORIENTED_EDGE('',*,*,#3831,.F.);
#5007=ORIENTED_EDGE('',*,*,#3792,.T.);
#5008=ORIENTED_EDGE('',*,*,#3832,.F.);
#5009=ORIENTED_EDGE('',*,*,#3833,.T.);
#5010=ORIENTED_EDGE('',*,*,#3769,.F.);
#5011=ORIENTED_EDGE('',*,*,#3834,.T.);
#5012=ORIENTED_EDGE('',*,*,#3835,.T.);
#5013=ORIENTED_EDGE('',*,*,#3791,.T.);
#5014=ORIENTED_EDGE('',*,*,#3835,.F.);
#5015=ORIENTED_EDGE('',*,*,#3836,.T.);
#5016=ORIENTED_EDGE('',*,*,#3832,.T.);
#5017=ORIENTED_EDGE('',*,*,#3717,.F.);
#5018=ORIENTED_EDGE('',*,*,#3837,.T.);
#5019=ORIENTED_EDGE('',*,*,#3838,.F.);
#5020=ORIENTED_EDGE('',*,*,#3834,.F.);
#5021=ORIENTED_EDGE('',*,*,#3797,.F.);
#5022=ORIENTED_EDGE('',*,*,#3839,.T.);
#5023=ORIENTED_EDGE('',*,*,#3821,.F.);
#5024=ORIENTED_EDGE('',*,*,#3823,.T.);
#5025=ORIENTED_EDGE('',*,*,#3829,.F.);
#5026=ORIENTED_EDGE('',*,*,#3840,.T.);
#5027=ORIENTED_EDGE('',*,*,#3841,.T.);
#5028=ORIENTED_EDGE('',*,*,#3842,.T.);
#5029=ORIENTED_EDGE('',*,*,#3836,.F.);
#5030=ORIENTED_EDGE('',*,*,#3838,.T.);
#5031=ORIENTED_EDGE('',*,*,#3841,.F.);
#5032=ORIENTED_EDGE('',*,*,#3843,.T.);
#5033=ORIENTED_EDGE('',*,*,#3800,.F.);
#5034=ORIENTED_EDGE('',*,*,#3805,.F.);
#5035=ORIENTED_EDGE('',*,*,#3808,.F.);
#5036=ORIENTED_EDGE('',*,*,#3811,.F.);
#5037=ORIENTED_EDGE('',*,*,#3814,.F.);
#5038=ORIENTED_EDGE('',*,*,#3817,.F.);
#5039=ORIENTED_EDGE('',*,*,#3833,.F.);
#5040=ORIENTED_EDGE('',*,*,#3843,.F.);
#5041=ORIENTED_EDGE('',*,*,#3840,.F.);
#5042=ORIENTED_EDGE('',*,*,#3830,.F.);
#5043=ORIENTED_EDGE('',*,*,#3839,.F.);
#5044=ORIENTED_EDGE('',*,*,#3723,.F.);
#5045=ORIENTED_EDGE('',*,*,#3827,.F.);
#5046=ORIENTED_EDGE('',*,*,#3842,.F.);
#5047=ORIENTED_EDGE('',*,*,#3837,.F.);
#5048=ORIENTED_EDGE('',*,*,#3844,.F.);
#5049=ORIENTED_EDGE('',*,*,#3844,.T.);
#5050=ORIENTED_EDGE('',*,*,#3845,.T.);
#5051=ORIENTED_EDGE('',*,*,#3846,.F.);
#5052=ORIENTED_EDGE('',*,*,#3845,.F.);
#5053=ORIENTED_EDGE('',*,*,#3847,.T.);
#5054=ORIENTED_EDGE('',*,*,#3848,.T.);
#5055=ORIENTED_EDGE('',*,*,#3847,.F.);
#5056=ORIENTED_EDGE('',*,*,#3849,.T.);
#5057=ORIENTED_EDGE('',*,*,#3850,.F.);
#5058=ORIENTED_EDGE('',*,*,#3851,.T.);
#5059=ORIENTED_EDGE('',*,*,#3849,.F.);
#5060=ORIENTED_EDGE('',*,*,#3851,.F.);
#5061=ORIENTED_EDGE('',*,*,#3848,.F.);
#5062=ORIENTED_EDGE('',*,*,#3846,.T.);
#5063=ORIENTED_EDGE('',*,*,#3852,.T.);
#5064=ORIENTED_EDGE('',*,*,#3850,.T.);
#5065=ORIENTED_EDGE('',*,*,#3852,.F.);
#5066=ORIENTED_EDGE('',*,*,#3853,.T.);
#5067=ORIENTED_EDGE('',*,*,#3853,.F.);
#5068=ORIENTED_EDGE('',*,*,#3854,.F.);
#5069=ORIENTED_EDGE('',*,*,#3854,.T.);
#5070=ORIENTED_EDGE('',*,*,#3855,.T.);
#5071=ORIENTED_EDGE('',*,*,#3856,.T.);
#5072=ORIENTED_EDGE('',*,*,#3857,.T.);
#5073=ORIENTED_EDGE('',*,*,#3855,.F.);
#5074=ORIENTED_EDGE('',*,*,#3857,.F.);
#5075=ORIENTED_EDGE('',*,*,#3858,.T.);
#5076=ORIENTED_EDGE('',*,*,#3859,.T.);
#5077=ORIENTED_EDGE('',*,*,#3860,.T.);
#5078=ORIENTED_EDGE('',*,*,#3861,.F.);
#5079=ORIENTED_EDGE('',*,*,#3862,.T.);
#5080=ORIENTED_EDGE('',*,*,#3863,.F.);
#5081=ORIENTED_EDGE('',*,*,#3864,.T.);
#5082=ORIENTED_EDGE('',*,*,#3865,.T.);
#5083=ORIENTED_EDGE('',*,*,#3866,.T.);
#5084=ORIENTED_EDGE('',*,*,#3867,.F.);
#5085=ORIENTED_EDGE('',*,*,#3868,.T.);
#5086=ORIENTED_EDGE('',*,*,#3869,.F.);
#5087=ORIENTED_EDGE('',*,*,#3870,.T.);
#5088=ORIENTED_EDGE('',*,*,#3871,.T.);
#5089=ORIENTED_EDGE('',*,*,#3872,.T.);
#5090=ORIENTED_EDGE('',*,*,#3873,.F.);
#5091=ORIENTED_EDGE('',*,*,#3874,.T.);
#5092=ORIENTED_EDGE('',*,*,#3875,.F.);
#5093=ORIENTED_EDGE('',*,*,#3876,.T.);
#5094=ORIENTED_EDGE('',*,*,#3877,.T.);
#5095=ORIENTED_EDGE('',*,*,#3878,.T.);
#5096=ORIENTED_EDGE('',*,*,#3879,.F.);
#5097=ORIENTED_EDGE('',*,*,#3880,.T.);
#5098=ORIENTED_EDGE('',*,*,#3881,.F.);
#5099=ORIENTED_EDGE('',*,*,#3882,.T.);
#5100=ORIENTED_EDGE('',*,*,#3883,.T.);
#5101=ORIENTED_EDGE('',*,*,#3884,.T.);
#5102=ORIENTED_EDGE('',*,*,#3885,.F.);
#5103=ORIENTED_EDGE('',*,*,#3886,.T.);
#5104=ORIENTED_EDGE('',*,*,#3887,.F.);
#5105=ORIENTED_EDGE('',*,*,#3888,.T.);
#5106=ORIENTED_EDGE('',*,*,#3889,.T.);
#5107=ORIENTED_EDGE('',*,*,#3890,.T.);
#5108=ORIENTED_EDGE('',*,*,#3891,.F.);
#5109=ORIENTED_EDGE('',*,*,#3892,.T.);
#5110=ORIENTED_EDGE('',*,*,#3893,.F.);
#5111=ORIENTED_EDGE('',*,*,#3894,.T.);
#5112=ORIENTED_EDGE('',*,*,#3895,.T.);
#5113=ORIENTED_EDGE('',*,*,#3858,.F.);
#5114=ORIENTED_EDGE('',*,*,#3856,.F.);
#5115=ORIENTED_EDGE('',*,*,#3896,.T.);
#5116=ORIENTED_EDGE('',*,*,#3897,.T.);
#5117=ORIENTED_EDGE('',*,*,#3898,.T.);
#5118=ORIENTED_EDGE('',*,*,#3899,.T.);
#5119=ORIENTED_EDGE('',*,*,#3900,.T.);
#5120=ORIENTED_EDGE('',*,*,#3901,.T.);
#5121=ORIENTED_EDGE('',*,*,#3902,.T.);
#5122=ORIENTED_EDGE('',*,*,#3903,.T.);
#5123=ORIENTED_EDGE('',*,*,#3904,.T.);
#5124=ORIENTED_EDGE('',*,*,#3905,.T.);
#5125=ORIENTED_EDGE('',*,*,#3906,.T.);
#5126=ORIENTED_EDGE('',*,*,#3907,.T.);
#5127=ORIENTED_EDGE('',*,*,#3908,.T.);
#5128=ORIENTED_EDGE('',*,*,#3909,.T.);
#5129=ORIENTED_EDGE('',*,*,#3910,.T.);
#5130=ORIENTED_EDGE('',*,*,#3897,.F.);
#5131=ORIENTED_EDGE('',*,*,#3900,.F.);
#5132=ORIENTED_EDGE('',*,*,#3911,.F.);
#5133=ORIENTED_EDGE('',*,*,#3912,.T.);
#5134=ORIENTED_EDGE('',*,*,#3913,.F.);
#5135=ORIENTED_EDGE('',*,*,#3914,.T.);
#5136=ORIENTED_EDGE('',*,*,#3915,.F.);
#5137=ORIENTED_EDGE('',*,*,#3910,.F.);
#5138=ORIENTED_EDGE('',*,*,#3916,.F.);
#5139=ORIENTED_EDGE('',*,*,#3917,.T.);
#5140=ORIENTED_EDGE('',*,*,#3918,.F.);
#5141=ORIENTED_EDGE('',*,*,#3919,.T.);
#5142=ORIENTED_EDGE('',*,*,#3920,.F.);
#5143=ORIENTED_EDGE('',*,*,#3898,.F.);
#5144=ORIENTED_EDGE('',*,*,#3908,.F.);
#5145=ORIENTED_EDGE('',*,*,#3921,.F.);
#5146=ORIENTED_EDGE('',*,*,#3922,.T.);
#5147=ORIENTED_EDGE('',*,*,#3923,.F.);
#5148=ORIENTED_EDGE('',*,*,#3924,.T.);
#5149=ORIENTED_EDGE('',*,*,#3925,.F.);
#5150=ORIENTED_EDGE('',*,*,#3906,.F.);
#5151=ORIENTED_EDGE('',*,*,#3926,.F.);
#5152=ORIENTED_EDGE('',*,*,#3927,.T.);
#5153=ORIENTED_EDGE('',*,*,#3928,.F.);
#5154=ORIENTED_EDGE('',*,*,#3929,.T.);
#5155=ORIENTED_EDGE('',*,*,#3930,.F.);
#5156=ORIENTED_EDGE('',*,*,#3904,.F.);
#5157=ORIENTED_EDGE('',*,*,#3931,.F.);
#5158=ORIENTED_EDGE('',*,*,#3932,.T.);
#5159=ORIENTED_EDGE('',*,*,#3933,.F.);
#5160=ORIENTED_EDGE('',*,*,#3934,.T.);
#5161=ORIENTED_EDGE('',*,*,#3935,.F.);
#5162=ORIENTED_EDGE('',*,*,#3902,.F.);
#5163=ORIENTED_EDGE('',*,*,#3936,.F.);
#5164=ORIENTED_EDGE('',*,*,#3937,.T.);
#5165=ORIENTED_EDGE('',*,*,#3938,.F.);
#5166=ORIENTED_EDGE('',*,*,#3939,.T.);
#5167=ORIENTED_EDGE('',*,*,#3940,.F.);
#5168=ORIENTED_EDGE('',*,*,#3896,.F.);
#5169=ORIENTED_EDGE('',*,*,#3941,.T.);
#5170=ORIENTED_EDGE('',*,*,#3931,.T.);
#5171=ORIENTED_EDGE('',*,*,#3942,.T.);
#5172=ORIENTED_EDGE('',*,*,#3943,.T.);
#5173=ORIENTED_EDGE('',*,*,#3944,.T.);
#5174=ORIENTED_EDGE('',*,*,#3891,.T.);
#5175=ORIENTED_EDGE('',*,*,#3945,.T.);
#5176=ORIENTED_EDGE('',*,*,#3943,.F.);
#5177=ORIENTED_EDGE('',*,*,#3941,.F.);
#5178=ORIENTED_EDGE('',*,*,#3946,.F.);
#5179=ORIENTED_EDGE('',*,*,#3947,.F.);
#5180=ORIENTED_EDGE('',*,*,#3932,.F.);
#5181=ORIENTED_EDGE('',*,*,#3945,.F.);
#5182=ORIENTED_EDGE('',*,*,#3890,.F.);
#5183=ORIENTED_EDGE('',*,*,#3948,.F.);
#5184=ORIENTED_EDGE('',*,*,#3946,.T.);
#5185=ORIENTED_EDGE('',*,*,#3949,.T.);
#5186=ORIENTED_EDGE('',*,*,#3893,.T.);
#5187=ORIENTED_EDGE('',*,*,#3950,.T.);
#5188=ORIENTED_EDGE('',*,*,#3951,.T.);
#5189=ORIENTED_EDGE('',*,*,#3952,.T.);
#5190=ORIENTED_EDGE('',*,*,#3940,.T.);
#5191=ORIENTED_EDGE('',*,*,#3953,.T.);
#5192=ORIENTED_EDGE('',*,*,#3951,.F.);
#5193=ORIENTED_EDGE('',*,*,#3949,.F.);
#5194=ORIENTED_EDGE('',*,*,#3954,.F.);
#5195=ORIENTED_EDGE('',*,*,#3955,.F.);
#5196=ORIENTED_EDGE('',*,*,#3894,.F.);
#5197=ORIENTED_EDGE('',*,*,#3953,.F.);
#5198=ORIENTED_EDGE('',*,*,#3939,.F.);
#5199=ORIENTED_EDGE('',*,*,#3956,.F.);
#5200=ORIENTED_EDGE('',*,*,#3954,.T.);
#5201=ORIENTED_EDGE('',*,*,#3957,.T.);
#5202=ORIENTED_EDGE('',*,*,#3936,.T.);
#5203=ORIENTED_EDGE('',*,*,#3958,.T.);
#5204=ORIENTED_EDGE('',*,*,#3959,.T.);
#5205=ORIENTED_EDGE('',*,*,#3960,.T.);
#5206=ORIENTED_EDGE('',*,*,#3861,.T.);
#5207=ORIENTED_EDGE('',*,*,#3961,.T.);
#5208=ORIENTED_EDGE('',*,*,#3959,.F.);
#5209=ORIENTED_EDGE('',*,*,#3957,.F.);
#5210=ORIENTED_EDGE('',*,*,#3962,.F.);
#5211=ORIENTED_EDGE('',*,*,#3963,.F.);
#5212=ORIENTED_EDGE('',*,*,#3937,.F.);
#5213=ORIENTED_EDGE('',*,*,#3961,.F.);
#5214=ORIENTED_EDGE('',*,*,#3860,.F.);
#5215=ORIENTED_EDGE('',*,*,#3964,.F.);
#5216=ORIENTED_EDGE('',*,*,#3962,.T.);
#5217=ORIENTED_EDGE('',*,*,#3965,.T.);
#5218=ORIENTED_EDGE('',*,*,#3966,.T.);
#5219=ORIENTED_EDGE('',*,*,#3915,.T.);
#5220=ORIENTED_EDGE('',*,*,#3967,.T.);
#5221=ORIENTED_EDGE('',*,*,#3965,.F.);
#5222=ORIENTED_EDGE('',*,*,#3968,.T.);
#5223=ORIENTED_EDGE('',*,*,#3863,.T.);
#5224=ORIENTED_EDGE('',*,*,#3969,.T.);
#5225=ORIENTED_EDGE('',*,*,#3958,.F.);
#5226=ORIENTED_EDGE('',*,*,#3901,.F.);
#5227=ORIENTED_EDGE('',*,*,#3966,.F.);
#5228=ORIENTED_EDGE('',*,*,#3969,.F.);
#5229=ORIENTED_EDGE('',*,*,#3862,.F.);
#5230=ORIENTED_EDGE('',*,*,#3960,.F.);
#5231=ORIENTED_EDGE('',*,*,#3970,.T.);
#5232=ORIENTED_EDGE('',*,*,#3911,.T.);
#5233=ORIENTED_EDGE('',*,*,#3971,.T.);
#5234=ORIENTED_EDGE('',*,*,#3972,.T.);
#5235=ORIENTED_EDGE('',*,*,#3973,.T.);
#5236=ORIENTED_EDGE('',*,*,#3867,.T.);
#5237=ORIENTED_EDGE('',*,*,#3974,.T.);
#5238=ORIENTED_EDGE('',*,*,#3972,.F.);
#5239=ORIENTED_EDGE('',*,*,#3970,.F.);
#5240=ORIENTED_EDGE('',*,*,#3975,.F.);
#5241=ORIENTED_EDGE('',*,*,#3976,.F.);
#5242=ORIENTED_EDGE('',*,*,#3912,.F.);
#5243=ORIENTED_EDGE('',*,*,#3974,.F.);
#5244=ORIENTED_EDGE('',*,*,#3866,.F.);
#5245=ORIENTED_EDGE('',*,*,#3977,.F.);
#5246=ORIENTED_EDGE('',*,*,#3975,.T.);
#5247=ORIENTED_EDGE('',*,*,#3978,.T.);
#5248=ORIENTED_EDGE('',*,*,#3979,.T.);
#5249=ORIENTED_EDGE('',*,*,#3920,.T.);
#5250=ORIENTED_EDGE('',*,*,#3980,.T.);
#5251=ORIENTED_EDGE('',*,*,#3978,.F.);
#5252=ORIENTED_EDGE('',*,*,#3981,.T.);
#5253=ORIENTED_EDGE('',*,*,#3869,.T.);
#5254=ORIENTED_EDGE('',*,*,#3982,.T.);
#5255=ORIENTED_EDGE('',*,*,#3971,.F.);
#5256=ORIENTED_EDGE('',*,*,#3899,.F.);
#5257=ORIENTED_EDGE('',*,*,#3979,.F.);
#5258=ORIENTED_EDGE('',*,*,#3982,.F.);
#5259=ORIENTED_EDGE('',*,*,#3868,.F.);
#5260=ORIENTED_EDGE('',*,*,#3973,.F.);
#5261=ORIENTED_EDGE('',*,*,#3983,.T.);
#5262=ORIENTED_EDGE('',*,*,#3916,.T.);
#5263=ORIENTED_EDGE('',*,*,#3984,.T.);
#5264=ORIENTED_EDGE('',*,*,#3985,.T.);
#5265=ORIENTED_EDGE('',*,*,#3986,.T.);
#5266=ORIENTED_EDGE('',*,*,#3873,.T.);
#5267=ORIENTED_EDGE('',*,*,#3987,.T.);
#5268=ORIENTED_EDGE('',*,*,#3985,.F.);
#5269=ORIENTED_EDGE('',*,*,#3983,.F.);
#5270=ORIENTED_EDGE('',*,*,#3988,.F.);
#5271=ORIENTED_EDGE('',*,*,#3989,.F.);
#5272=ORIENTED_EDGE('',*,*,#3917,.F.);
#5273=ORIENTED_EDGE('',*,*,#3987,.F.);
#5274=ORIENTED_EDGE('',*,*,#3872,.F.);
#5275=ORIENTED_EDGE('',*,*,#3990,.F.);
#5276=ORIENTED_EDGE('',*,*,#3988,.T.);
#5277=ORIENTED_EDGE('',*,*,#3991,.T.);
#5278=ORIENTED_EDGE('',*,*,#3875,.T.);
#5279=ORIENTED_EDGE('',*,*,#3992,.T.);
#5280=ORIENTED_EDGE('',*,*,#3993,.T.);
#5281=ORIENTED_EDGE('',*,*,#3994,.T.);
#5282=ORIENTED_EDGE('',*,*,#3925,.T.);
#5283=ORIENTED_EDGE('',*,*,#3995,.T.);
#5284=ORIENTED_EDGE('',*,*,#3993,.F.);
#5285=ORIENTED_EDGE('',*,*,#3991,.F.);
#5286=ORIENTED_EDGE('',*,*,#3996,.F.);
#5287=ORIENTED_EDGE('',*,*,#3997,.F.);
#5288=ORIENTED_EDGE('',*,*,#3876,.F.);
#5289=ORIENTED_EDGE('',*,*,#3995,.F.);
#5290=ORIENTED_EDGE('',*,*,#3924,.F.);
#5291=ORIENTED_EDGE('',*,*,#3998,.F.);
#5292=ORIENTED_EDGE('',*,*,#3996,.T.);
#5293=ORIENTED_EDGE('',*,*,#3999,.T.);
#5294=ORIENTED_EDGE('',*,*,#3921,.T.);
#5295=ORIENTED_EDGE('',*,*,#4000,.T.);
#5296=ORIENTED_EDGE('',*,*,#4001,.T.);
#5297=ORIENTED_EDGE('',*,*,#4002,.T.);
#5298=ORIENTED_EDGE('',*,*,#3879,.T.);
#5299=ORIENTED_EDGE('',*,*,#4003,.T.);
#5300=ORIENTED_EDGE('',*,*,#4001,.F.);
#5301=ORIENTED_EDGE('',*,*,#3999,.F.);
#5302=ORIENTED_EDGE('',*,*,#4004,.F.);
#5303=ORIENTED_EDGE('',*,*,#4005,.F.);
#5304=ORIENTED_EDGE('',*,*,#3922,.F.);
#5305=ORIENTED_EDGE('',*,*,#4003,.F.);
#5306=ORIENTED_EDGE('',*,*,#3878,.F.);
#5307=ORIENTED_EDGE('',*,*,#4006,.F.);
#5308=ORIENTED_EDGE('',*,*,#4004,.T.);
#5309=ORIENTED_EDGE('',*,*,#4007,.T.);
#5310=ORIENTED_EDGE('',*,*,#4008,.T.);
#5311=ORIENTED_EDGE('',*,*,#3930,.T.);
#5312=ORIENTED_EDGE('',*,*,#4009,.T.);
#5313=ORIENTED_EDGE('',*,*,#4007,.F.);
#5314=ORIENTED_EDGE('',*,*,#4010,.T.);
#5315=ORIENTED_EDGE('',*,*,#3881,.T.);
#5316=ORIENTED_EDGE('',*,*,#4011,.T.);
#5317=ORIENTED_EDGE('',*,*,#4000,.F.);
#5318=ORIENTED_EDGE('',*,*,#3907,.F.);
#5319=ORIENTED_EDGE('',*,*,#4008,.F.);
#5320=ORIENTED_EDGE('',*,*,#4011,.F.);
#5321=ORIENTED_EDGE('',*,*,#3880,.F.);
#5322=ORIENTED_EDGE('',*,*,#4002,.F.);
#5323=ORIENTED_EDGE('',*,*,#4012,.T.);
#5324=ORIENTED_EDGE('',*,*,#3926,.T.);
#5325=ORIENTED_EDGE('',*,*,#4013,.T.);
#5326=ORIENTED_EDGE('',*,*,#4014,.T.);
#5327=ORIENTED_EDGE('',*,*,#4015,.T.);
#5328=ORIENTED_EDGE('',*,*,#3885,.T.);
#5329=ORIENTED_EDGE('',*,*,#4016,.T.);
#5330=ORIENTED_EDGE('',*,*,#4014,.F.);
#5331=ORIENTED_EDGE('',*,*,#4012,.F.);
#5332=ORIENTED_EDGE('',*,*,#4017,.F.);
#5333=ORIENTED_EDGE('',*,*,#4018,.F.);
#5334=ORIENTED_EDGE('',*,*,#3927,.F.);
#5335=ORIENTED_EDGE('',*,*,#4016,.F.);
#5336=ORIENTED_EDGE('',*,*,#3884,.F.);
#5337=ORIENTED_EDGE('',*,*,#4019,.F.);
#5338=ORIENTED_EDGE('',*,*,#4017,.T.);
#5339=ORIENTED_EDGE('',*,*,#4020,.T.);
#5340=ORIENTED_EDGE('',*,*,#4021,.T.);
#5341=ORIENTED_EDGE('',*,*,#3935,.T.);
#5342=ORIENTED_EDGE('',*,*,#4022,.T.);
#5343=ORIENTED_EDGE('',*,*,#4020,.F.);
#5344=ORIENTED_EDGE('',*,*,#4023,.T.);
#5345=ORIENTED_EDGE('',*,*,#3887,.T.);
#5346=ORIENTED_EDGE('',*,*,#4024,.T.);
#5347=ORIENTED_EDGE('',*,*,#4013,.F.);
#5348=ORIENTED_EDGE('',*,*,#3905,.F.);
#5349=ORIENTED_EDGE('',*,*,#4021,.F.);
#5350=ORIENTED_EDGE('',*,*,#4024,.F.);
#5351=ORIENTED_EDGE('',*,*,#3886,.F.);
#5352=ORIENTED_EDGE('',*,*,#4015,.F.);
#5353=ORIENTED_EDGE('',*,*,#3942,.F.);
#5354=ORIENTED_EDGE('',*,*,#3903,.F.);
#5355=ORIENTED_EDGE('',*,*,#3952,.F.);
#5356=ORIENTED_EDGE('',*,*,#3950,.F.);
#5357=ORIENTED_EDGE('',*,*,#3892,.F.);
#5358=ORIENTED_EDGE('',*,*,#3944,.F.);
#5359=ORIENTED_EDGE('',*,*,#3984,.F.);
#5360=ORIENTED_EDGE('',*,*,#3909,.F.);
#5361=ORIENTED_EDGE('',*,*,#3994,.F.);
#5362=ORIENTED_EDGE('',*,*,#3992,.F.);
#5363=ORIENTED_EDGE('',*,*,#3874,.F.);
#5364=ORIENTED_EDGE('',*,*,#3986,.F.);
#5365=ORIENTED_EDGE('',*,*,#4010,.F.);
#5366=ORIENTED_EDGE('',*,*,#4025,.F.);
#5367=ORIENTED_EDGE('',*,*,#4026,.F.);
#5368=ORIENTED_EDGE('',*,*,#3882,.F.);
#5369=ORIENTED_EDGE('',*,*,#4009,.F.);
#5370=ORIENTED_EDGE('',*,*,#3929,.F.);
#5371=ORIENTED_EDGE('',*,*,#4027,.F.);
#5372=ORIENTED_EDGE('',*,*,#4025,.T.);
#5373=ORIENTED_EDGE('',*,*,#4026,.T.);
#5374=ORIENTED_EDGE('',*,*,#4027,.T.);
#5375=ORIENTED_EDGE('',*,*,#3928,.T.);
#5376=ORIENTED_EDGE('',*,*,#4018,.T.);
#5377=ORIENTED_EDGE('',*,*,#4019,.T.);
#5378=ORIENTED_EDGE('',*,*,#3883,.F.);
#5379=ORIENTED_EDGE('',*,*,#3947,.T.);
#5380=ORIENTED_EDGE('',*,*,#3948,.T.);
#5381=ORIENTED_EDGE('',*,*,#3889,.F.);
#5382=ORIENTED_EDGE('',*,*,#4028,.T.);
#5383=ORIENTED_EDGE('',*,*,#4029,.T.);
#5384=ORIENTED_EDGE('',*,*,#3933,.T.);
#5385=ORIENTED_EDGE('',*,*,#3968,.F.);
#5386=ORIENTED_EDGE('',*,*,#4030,.F.);
#5387=ORIENTED_EDGE('',*,*,#4031,.F.);
#5388=ORIENTED_EDGE('',*,*,#3864,.F.);
#5389=ORIENTED_EDGE('',*,*,#3967,.F.);
#5390=ORIENTED_EDGE('',*,*,#3914,.F.);
#5391=ORIENTED_EDGE('',*,*,#4032,.F.);
#5392=ORIENTED_EDGE('',*,*,#4030,.T.);
#5393=ORIENTED_EDGE('',*,*,#4032,.T.);
#5394=ORIENTED_EDGE('',*,*,#3913,.T.);
#5395=ORIENTED_EDGE('',*,*,#3976,.T.);
#5396=ORIENTED_EDGE('',*,*,#3977,.T.);
#5397=ORIENTED_EDGE('',*,*,#3865,.F.);
#5398=ORIENTED_EDGE('',*,*,#4031,.T.);
#5399=ORIENTED_EDGE('',*,*,#3956,.T.);
#5400=ORIENTED_EDGE('',*,*,#3938,.T.);
#5401=ORIENTED_EDGE('',*,*,#3963,.T.);
#5402=ORIENTED_EDGE('',*,*,#3964,.T.);
#5403=ORIENTED_EDGE('',*,*,#3859,.F.);
#5404=ORIENTED_EDGE('',*,*,#3895,.F.);
#5405=ORIENTED_EDGE('',*,*,#3955,.T.);
#5406=ORIENTED_EDGE('',*,*,#4006,.T.);
#5407=ORIENTED_EDGE('',*,*,#3877,.F.);
#5408=ORIENTED_EDGE('',*,*,#3997,.T.);
#5409=ORIENTED_EDGE('',*,*,#3998,.T.);
#5410=ORIENTED_EDGE('',*,*,#3923,.T.);
#5411=ORIENTED_EDGE('',*,*,#4005,.T.);
#5412=ORIENTED_EDGE('',*,*,#4023,.F.);
#5413=ORIENTED_EDGE('',*,*,#4033,.F.);
#5414=ORIENTED_EDGE('',*,*,#4028,.F.);
#5415=ORIENTED_EDGE('',*,*,#3888,.F.);
#5416=ORIENTED_EDGE('',*,*,#4022,.F.);
#5417=ORIENTED_EDGE('',*,*,#3934,.F.);
#5418=ORIENTED_EDGE('',*,*,#4029,.F.);
#5419=ORIENTED_EDGE('',*,*,#4033,.T.);
#5420=ORIENTED_EDGE('',*,*,#3981,.F.);
#5421=ORIENTED_EDGE('',*,*,#4034,.F.);
#5422=ORIENTED_EDGE('',*,*,#4035,.F.);
#5423=ORIENTED_EDGE('',*,*,#3870,.F.);
#5424=ORIENTED_EDGE('',*,*,#3980,.F.);
#5425=ORIENTED_EDGE('',*,*,#3919,.F.);
#5426=ORIENTED_EDGE('',*,*,#4036,.F.);
#5427=ORIENTED_EDGE('',*,*,#4034,.T.);
#5428=ORIENTED_EDGE('',*,*,#3990,.T.);
#5429=ORIENTED_EDGE('',*,*,#3871,.F.);
#5430=ORIENTED_EDGE('',*,*,#4035,.T.);
#5431=ORIENTED_EDGE('',*,*,#4036,.T.);
#5432=ORIENTED_EDGE('',*,*,#3918,.T.);
#5433=ORIENTED_EDGE('',*,*,#3989,.T.);
#5434=ORIENTED_EDGE('',*,*,#4037,.F.);
#5435=ORIENTED_EDGE('',*,*,#4038,.T.);
#5436=ORIENTED_EDGE('',*,*,#4039,.F.);
#5437=ORIENTED_EDGE('',*,*,#4040,.F.);
#5438=ORIENTED_EDGE('',*,*,#4041,.F.);
#5439=ORIENTED_EDGE('',*,*,#4040,.T.);
#5440=ORIENTED_EDGE('',*,*,#4042,.F.);
#5441=ORIENTED_EDGE('',*,*,#4043,.F.);
#5442=ORIENTED_EDGE('',*,*,#4044,.F.);
#5443=ORIENTED_EDGE('',*,*,#4043,.T.);
#5444=ORIENTED_EDGE('',*,*,#4045,.F.);
#5445=ORIENTED_EDGE('',*,*,#4046,.F.);
#5446=ORIENTED_EDGE('',*,*,#4047,.F.);
#5447=ORIENTED_EDGE('',*,*,#4046,.T.);
#5448=ORIENTED_EDGE('',*,*,#4048,.F.);
#5449=ORIENTED_EDGE('',*,*,#4038,.F.);
#5450=ORIENTED_EDGE('',*,*,#4048,.T.);
#5451=ORIENTED_EDGE('',*,*,#4045,.T.);
#5452=ORIENTED_EDGE('',*,*,#4042,.T.);
#5453=ORIENTED_EDGE('',*,*,#4039,.T.);
#5454=ORIENTED_EDGE('',*,*,#4047,.T.);
#5455=ORIENTED_EDGE('',*,*,#4037,.T.);
#5456=ORIENTED_EDGE('',*,*,#4041,.T.);
#5457=ORIENTED_EDGE('',*,*,#4044,.T.);
#5458=ORIENTED_EDGE('',*,*,#4049,.F.);
#5459=ORIENTED_EDGE('',*,*,#4050,.T.);
#5460=ORIENTED_EDGE('',*,*,#4051,.F.);
#5461=ORIENTED_EDGE('',*,*,#4052,.F.);
#5462=ORIENTED_EDGE('',*,*,#4053,.F.);
#5463=ORIENTED_EDGE('',*,*,#4052,.T.);
#5464=ORIENTED_EDGE('',*,*,#4054,.F.);
#5465=ORIENTED_EDGE('',*,*,#4055,.F.);
#5466=ORIENTED_EDGE('',*,*,#4056,.F.);
#5467=ORIENTED_EDGE('',*,*,#4055,.T.);
#5468=ORIENTED_EDGE('',*,*,#4057,.F.);
#5469=ORIENTED_EDGE('',*,*,#4058,.F.);
#5470=ORIENTED_EDGE('',*,*,#4059,.F.);
#5471=ORIENTED_EDGE('',*,*,#4058,.T.);
#5472=ORIENTED_EDGE('',*,*,#4060,.F.);
#5473=ORIENTED_EDGE('',*,*,#4050,.F.);
#5474=ORIENTED_EDGE('',*,*,#4060,.T.);
#5475=ORIENTED_EDGE('',*,*,#4057,.T.);
#5476=ORIENTED_EDGE('',*,*,#4054,.T.);
#5477=ORIENTED_EDGE('',*,*,#4051,.T.);
#5478=ORIENTED_EDGE('',*,*,#4059,.T.);
#5479=ORIENTED_EDGE('',*,*,#4049,.T.);
#5480=ORIENTED_EDGE('',*,*,#4053,.T.);
#5481=ORIENTED_EDGE('',*,*,#4056,.T.);
#5482=ORIENTED_EDGE('',*,*,#4061,.F.);
#5483=ORIENTED_EDGE('',*,*,#4062,.F.);
#5484=ORIENTED_EDGE('',*,*,#4063,.F.);
#5485=ORIENTED_EDGE('',*,*,#4064,.F.);
#5486=ORIENTED_EDGE('',*,*,#4065,.F.);
#5487=ORIENTED_EDGE('',*,*,#4066,.F.);
#5488=ORIENTED_EDGE('',*,*,#4067,.F.);
#5489=ORIENTED_EDGE('',*,*,#4068,.F.);
#5490=ORIENTED_EDGE('',*,*,#4069,.F.);
#5491=ORIENTED_EDGE('',*,*,#4070,.F.);
#5492=ORIENTED_EDGE('',*,*,#4067,.T.);
#5493=ORIENTED_EDGE('',*,*,#4063,.T.);
#5494=ORIENTED_EDGE('',*,*,#4069,.T.);
#5495=ORIENTED_EDGE('',*,*,#4071,.T.);
#5496=ORIENTED_EDGE('',*,*,#4072,.F.);
#5497=ORIENTED_EDGE('',*,*,#4073,.F.);
#5498=ORIENTED_EDGE('',*,*,#4074,.F.);
#5499=ORIENTED_EDGE('',*,*,#4073,.T.);
#5500=ORIENTED_EDGE('',*,*,#4064,.T.);
#5501=ORIENTED_EDGE('',*,*,#4066,.T.);
#5502=ORIENTED_EDGE('',*,*,#4075,.T.);
#5503=ORIENTED_EDGE('',*,*,#4076,.F.);
#5504=ORIENTED_EDGE('',*,*,#4077,.F.);
#5505=ORIENTED_EDGE('',*,*,#4078,.F.);
#5506=ORIENTED_EDGE('',*,*,#4077,.T.);
#5507=ORIENTED_EDGE('',*,*,#4079,.T.);
#5508=ORIENTED_EDGE('',*,*,#4065,.T.);
#5509=ORIENTED_EDGE('',*,*,#4080,.T.);
#5510=ORIENTED_EDGE('',*,*,#4081,.F.);
#5511=ORIENTED_EDGE('',*,*,#4082,.F.);
#5512=ORIENTED_EDGE('',*,*,#4083,.F.);
#5513=ORIENTED_EDGE('',*,*,#4070,.T.);
#5514=ORIENTED_EDGE('',*,*,#4062,.T.);
#5515=ORIENTED_EDGE('',*,*,#4082,.T.);
#5516=ORIENTED_EDGE('',*,*,#4084,.T.);
#5517=ORIENTED_EDGE('',*,*,#4083,.T.);
#5518=ORIENTED_EDGE('',*,*,#4061,.T.);
#5519=ORIENTED_EDGE('',*,*,#4072,.T.);
#5520=ORIENTED_EDGE('',*,*,#4085,.T.);
#5521=ORIENTED_EDGE('',*,*,#4086,.F.);
#5522=ORIENTED_EDGE('',*,*,#4087,.F.);
#5523=ORIENTED_EDGE('',*,*,#4088,.F.);
#5524=ORIENTED_EDGE('',*,*,#4087,.T.);
#5525=ORIENTED_EDGE('',*,*,#4089,.T.);
#5526=ORIENTED_EDGE('',*,*,#4068,.T.);
#5527=ORIENTED_EDGE('',*,*,#4090,.T.);
#5528=ORIENTED_EDGE('',*,*,#4091,.F.);
#5529=ORIENTED_EDGE('',*,*,#4092,.F.);
#5530=ORIENTED_EDGE('',*,*,#4093,.F.);
#5531=ORIENTED_EDGE('',*,*,#4092,.T.);
#5532=ORIENTED_EDGE('',*,*,#4094,.T.);
#5533=ORIENTED_EDGE('',*,*,#4074,.T.);
#5534=ORIENTED_EDGE('',*,*,#4095,.T.);
#5535=ORIENTED_EDGE('',*,*,#4076,.T.);
#5536=ORIENTED_EDGE('',*,*,#4096,.T.);
#5537=ORIENTED_EDGE('',*,*,#4093,.T.);
#5538=ORIENTED_EDGE('',*,*,#4097,.T.);
#5539=ORIENTED_EDGE('',*,*,#4098,.F.);
#5540=ORIENTED_EDGE('',*,*,#4099,.F.);
#5541=ORIENTED_EDGE('',*,*,#4100,.F.);
#5542=ORIENTED_EDGE('',*,*,#4099,.T.);
#5543=ORIENTED_EDGE('',*,*,#4101,.T.);
#5544=ORIENTED_EDGE('',*,*,#4081,.T.);
#5545=ORIENTED_EDGE('',*,*,#4102,.T.);
#5546=ORIENTED_EDGE('',*,*,#4091,.T.);
#5547=ORIENTED_EDGE('',*,*,#4103,.T.);
#5548=ORIENTED_EDGE('',*,*,#4100,.T.);
#5549=ORIENTED_EDGE('',*,*,#4104,.T.);
#5550=ORIENTED_EDGE('',*,*,#4098,.T.);
#5551=ORIENTED_EDGE('',*,*,#4105,.T.);
#5552=ORIENTED_EDGE('',*,*,#4088,.T.);
#5553=ORIENTED_EDGE('',*,*,#4106,.T.);
#5554=ORIENTED_EDGE('',*,*,#4086,.T.);
#5555=ORIENTED_EDGE('',*,*,#4107,.T.);
#5556=ORIENTED_EDGE('',*,*,#4078,.T.);
#5557=ORIENTED_EDGE('',*,*,#4108,.T.);
#5558=ORIENTED_EDGE('',*,*,#4071,.F.);
#5559=ORIENTED_EDGE('',*,*,#4089,.F.);
#5560=ORIENTED_EDGE('',*,*,#4108,.F.);
#5561=ORIENTED_EDGE('',*,*,#4080,.F.);
#5562=ORIENTED_EDGE('',*,*,#4075,.F.);
#5563=ORIENTED_EDGE('',*,*,#4079,.F.);
#5564=ORIENTED_EDGE('',*,*,#4097,.F.);
#5565=ORIENTED_EDGE('',*,*,#4095,.F.);
#5566=ORIENTED_EDGE('',*,*,#4084,.F.);
#5567=ORIENTED_EDGE('',*,*,#4101,.F.);
#5568=ORIENTED_EDGE('',*,*,#4106,.F.);
#5569=ORIENTED_EDGE('',*,*,#4090,.F.);
#5570=ORIENTED_EDGE('',*,*,#4085,.F.);
#5571=ORIENTED_EDGE('',*,*,#4094,.F.);
#5572=ORIENTED_EDGE('',*,*,#4104,.F.);
#5573=ORIENTED_EDGE('',*,*,#4102,.F.);
#5574=ORIENTED_EDGE('',*,*,#4096,.F.);
#5575=ORIENTED_EDGE('',*,*,#4107,.F.);
#5576=ORIENTED_EDGE('',*,*,#4105,.F.);
#5577=ORIENTED_EDGE('',*,*,#4103,.F.);
#5578=ORIENTED_EDGE('',*,*,#4109,.F.);
#5579=ORIENTED_EDGE('',*,*,#4110,.T.);
#5580=ORIENTED_EDGE('',*,*,#4111,.F.);
#5581=ORIENTED_EDGE('',*,*,#4112,.F.);
#5582=ORIENTED_EDGE('',*,*,#4113,.F.);
#5583=ORIENTED_EDGE('',*,*,#4112,.T.);
#5584=ORIENTED_EDGE('',*,*,#4114,.F.);
#5585=ORIENTED_EDGE('',*,*,#4115,.F.);
#5586=ORIENTED_EDGE('',*,*,#4116,.F.);
#5587=ORIENTED_EDGE('',*,*,#4115,.T.);
#5588=ORIENTED_EDGE('',*,*,#4117,.F.);
#5589=ORIENTED_EDGE('',*,*,#4118,.F.);
#5590=ORIENTED_EDGE('',*,*,#4119,.F.);
#5591=ORIENTED_EDGE('',*,*,#4118,.T.);
#5592=ORIENTED_EDGE('',*,*,#4120,.F.);
#5593=ORIENTED_EDGE('',*,*,#4110,.F.);
#5594=ORIENTED_EDGE('',*,*,#4119,.T.);
#5595=ORIENTED_EDGE('',*,*,#4109,.T.);
#5596=ORIENTED_EDGE('',*,*,#4113,.T.);
#5597=ORIENTED_EDGE('',*,*,#4116,.T.);
#5598=ORIENTED_EDGE('',*,*,#4120,.T.);
#5599=ORIENTED_EDGE('',*,*,#4117,.T.);
#5600=ORIENTED_EDGE('',*,*,#4114,.T.);
#5601=ORIENTED_EDGE('',*,*,#4111,.T.);
#5602=ORIENTED_EDGE('',*,*,#4121,.F.);
#5603=ORIENTED_EDGE('',*,*,#4122,.T.);
#5604=ORIENTED_EDGE('',*,*,#4123,.F.);
#5605=ORIENTED_EDGE('',*,*,#4124,.F.);
#5606=ORIENTED_EDGE('',*,*,#4125,.F.);
#5607=ORIENTED_EDGE('',*,*,#4124,.T.);
#5608=ORIENTED_EDGE('',*,*,#4126,.F.);
#5609=ORIENTED_EDGE('',*,*,#4127,.F.);
#5610=ORIENTED_EDGE('',*,*,#4128,.F.);
#5611=ORIENTED_EDGE('',*,*,#4127,.T.);
#5612=ORIENTED_EDGE('',*,*,#4129,.F.);
#5613=ORIENTED_EDGE('',*,*,#4130,.F.);
#5614=ORIENTED_EDGE('',*,*,#4131,.F.);
#5615=ORIENTED_EDGE('',*,*,#4130,.T.);
#5616=ORIENTED_EDGE('',*,*,#4132,.F.);
#5617=ORIENTED_EDGE('',*,*,#4122,.F.);
#5618=ORIENTED_EDGE('',*,*,#4131,.T.);
#5619=ORIENTED_EDGE('',*,*,#4121,.T.);
#5620=ORIENTED_EDGE('',*,*,#4125,.T.);
#5621=ORIENTED_EDGE('',*,*,#4128,.T.);
#5622=ORIENTED_EDGE('',*,*,#4132,.T.);
#5623=ORIENTED_EDGE('',*,*,#4129,.T.);
#5624=ORIENTED_EDGE('',*,*,#4126,.T.);
#5625=ORIENTED_EDGE('',*,*,#4123,.T.);
#5626=ORIENTED_EDGE('',*,*,#4133,.T.);
#5627=ORIENTED_EDGE('',*,*,#4134,.T.);
#5628=ORIENTED_EDGE('',*,*,#4135,.T.);
#5629=ORIENTED_EDGE('',*,*,#4136,.T.);
#5630=ORIENTED_EDGE('',*,*,#4134,.F.);
#5631=ORIENTED_EDGE('',*,*,#4137,.F.);
#5632=ORIENTED_EDGE('',*,*,#4138,.F.);
#5633=ORIENTED_EDGE('',*,*,#4139,.T.);
#5634=ORIENTED_EDGE('',*,*,#4140,.T.);
#5635=ORIENTED_EDGE('',*,*,#4138,.T.);
#5636=ORIENTED_EDGE('',*,*,#4141,.T.);
#5637=ORIENTED_EDGE('',*,*,#4142,.T.);
#5638=ORIENTED_EDGE('',*,*,#4143,.F.);
#5639=ORIENTED_EDGE('',*,*,#4144,.F.);
#5640=ORIENTED_EDGE('',*,*,#4145,.F.);
#5641=ORIENTED_EDGE('',*,*,#4146,.T.);
#5642=ORIENTED_EDGE('',*,*,#4147,.F.);
#5643=ORIENTED_EDGE('',*,*,#4148,.F.);
#5644=ORIENTED_EDGE('',*,*,#4149,.F.);
#5645=ORIENTED_EDGE('',*,*,#4150,.T.);
#5646=ORIENTED_EDGE('',*,*,#4151,.F.);
#5647=ORIENTED_EDGE('',*,*,#4152,.T.);
#5648=ORIENTED_EDGE('',*,*,#4153,.F.);
#5649=ORIENTED_EDGE('',*,*,#4154,.F.);
#5650=ORIENTED_EDGE('',*,*,#4155,.T.);
#5651=ORIENTED_EDGE('',*,*,#4156,.T.);
#5652=ORIENTED_EDGE('',*,*,#4157,.T.);
#5653=ORIENTED_EDGE('',*,*,#4158,.T.);
#5654=ORIENTED_EDGE('',*,*,#4159,.T.);
#5655=ORIENTED_EDGE('',*,*,#4160,.T.);
#5656=ORIENTED_EDGE('',*,*,#4161,.T.);
#5657=ORIENTED_EDGE('',*,*,#4162,.T.);
#5658=ORIENTED_EDGE('',*,*,#4163,.T.);
#5659=ORIENTED_EDGE('',*,*,#4164,.T.);
#5660=ORIENTED_EDGE('',*,*,#4165,.T.);
#5661=ORIENTED_EDGE('',*,*,#4166,.T.);
#5662=ORIENTED_EDGE('',*,*,#4167,.T.);
#5663=ORIENTED_EDGE('',*,*,#4168,.T.);
#5664=ORIENTED_EDGE('',*,*,#4169,.T.);
#5665=ORIENTED_EDGE('',*,*,#4170,.T.);
#5666=ORIENTED_EDGE('',*,*,#4171,.T.);
#5667=ORIENTED_EDGE('',*,*,#4145,.T.);
#5668=ORIENTED_EDGE('',*,*,#4172,.T.);
#5669=ORIENTED_EDGE('',*,*,#4173,.T.);
#5670=ORIENTED_EDGE('',*,*,#4174,.T.);
#5671=ORIENTED_EDGE('',*,*,#4149,.T.);
#5672=ORIENTED_EDGE('',*,*,#4175,.T.);
#5673=ORIENTED_EDGE('',*,*,#4176,.T.);
#5674=ORIENTED_EDGE('',*,*,#4177,.F.);
#5675=ORIENTED_EDGE('',*,*,#4178,.T.);
#5676=ORIENTED_EDGE('',*,*,#4179,.F.);
#5677=ORIENTED_EDGE('',*,*,#4180,.F.);
#5678=ORIENTED_EDGE('',*,*,#4181,.T.);
#5679=ORIENTED_EDGE('',*,*,#4153,.T.);
#5680=ORIENTED_EDGE('',*,*,#4182,.T.);
#5681=ORIENTED_EDGE('',*,*,#4183,.T.);
#5682=ORIENTED_EDGE('',*,*,#4184,.T.);
#5683=ORIENTED_EDGE('',*,*,#4179,.T.);
#5684=ORIENTED_EDGE('',*,*,#4185,.T.);
#5685=ORIENTED_EDGE('',*,*,#4186,.T.);
#5686=ORIENTED_EDGE('',*,*,#4187,.T.);
#5687=ORIENTED_EDGE('',*,*,#4188,.T.);
#5688=ORIENTED_EDGE('',*,*,#4189,.T.);
#5689=ORIENTED_EDGE('',*,*,#4190,.T.);
#5690=ORIENTED_EDGE('',*,*,#4191,.T.);
#5691=ORIENTED_EDGE('',*,*,#4192,.T.);
#5692=ORIENTED_EDGE('',*,*,#4193,.T.);
#5693=ORIENTED_EDGE('',*,*,#4194,.T.);
#5694=ORIENTED_EDGE('',*,*,#4195,.T.);
#5695=ORIENTED_EDGE('',*,*,#4196,.T.);
#5696=ORIENTED_EDGE('',*,*,#4197,.T.);
#5697=ORIENTED_EDGE('',*,*,#4198,.T.);
#5698=ORIENTED_EDGE('',*,*,#4199,.T.);
#5699=ORIENTED_EDGE('',*,*,#4200,.T.);
#5700=ORIENTED_EDGE('',*,*,#4201,.T.);
#5701=ORIENTED_EDGE('',*,*,#4202,.T.);
#5702=ORIENTED_EDGE('',*,*,#4203,.T.);
#5703=ORIENTED_EDGE('',*,*,#4204,.T.);
#5704=ORIENTED_EDGE('',*,*,#4205,.T.);
#5705=ORIENTED_EDGE('',*,*,#4151,.T.);
#5706=ORIENTED_EDGE('',*,*,#4136,.F.);
#5707=ORIENTED_EDGE('',*,*,#4206,.T.);
#5708=ORIENTED_EDGE('',*,*,#4177,.T.);
#5709=ORIENTED_EDGE('',*,*,#4207,.T.);
#5710=ORIENTED_EDGE('',*,*,#4208,.T.);
#5711=ORIENTED_EDGE('',*,*,#4147,.T.);
#5712=ORIENTED_EDGE('',*,*,#4209,.T.);
#5713=ORIENTED_EDGE('',*,*,#4210,.T.);
#5714=ORIENTED_EDGE('',*,*,#4142,.F.);
#5715=ORIENTED_EDGE('',*,*,#4211,.T.);
#5716=ORIENTED_EDGE('',*,*,#4143,.T.);
#5717=ORIENTED_EDGE('',*,*,#4212,.T.);
#5718=ORIENTED_EDGE('',*,*,#4213,.F.);
#5719=ORIENTED_EDGE('',*,*,#4202,.F.);
#5720=ORIENTED_EDGE('',*,*,#4214,.F.);
#5721=ORIENTED_EDGE('',*,*,#4176,.F.);
#5722=ORIENTED_EDGE('',*,*,#4214,.T.);
#5723=ORIENTED_EDGE('',*,*,#4201,.F.);
#5724=ORIENTED_EDGE('',*,*,#4213,.T.);
#5725=ORIENTED_EDGE('',*,*,#4175,.F.);
#5726=ORIENTED_EDGE('',*,*,#4215,.F.);
#5727=ORIENTED_EDGE('',*,*,#4200,.F.);
#5728=ORIENTED_EDGE('',*,*,#4216,.F.);
#5729=ORIENTED_EDGE('',*,*,#4156,.F.);
#5730=ORIENTED_EDGE('',*,*,#4216,.T.);
#5731=ORIENTED_EDGE('',*,*,#4199,.F.);
#5732=ORIENTED_EDGE('',*,*,#4217,.F.);
#5733=ORIENTED_EDGE('',*,*,#4157,.F.);
#5734=ORIENTED_EDGE('',*,*,#4217,.T.);
#5735=ORIENTED_EDGE('',*,*,#4198,.F.);
#5736=ORIENTED_EDGE('',*,*,#4218,.F.);
#5737=ORIENTED_EDGE('',*,*,#4158,.F.);
#5738=ORIENTED_EDGE('',*,*,#4218,.T.);
#5739=ORIENTED_EDGE('',*,*,#4197,.F.);
#5740=ORIENTED_EDGE('',*,*,#4219,.F.);
#5741=ORIENTED_EDGE('',*,*,#4159,.F.);
#5742=ORIENTED_EDGE('',*,*,#4219,.T.);
#5743=ORIENTED_EDGE('',*,*,#4196,.F.);
#5744=ORIENTED_EDGE('',*,*,#4220,.F.);
#5745=ORIENTED_EDGE('',*,*,#4160,.F.);
#5746=ORIENTED_EDGE('',*,*,#4220,.T.);
#5747=ORIENTED_EDGE('',*,*,#4195,.F.);
#5748=ORIENTED_EDGE('',*,*,#4221,.F.);
#5749=ORIENTED_EDGE('',*,*,#4161,.F.);
#5750=ORIENTED_EDGE('',*,*,#4221,.T.);
#5751=ORIENTED_EDGE('',*,*,#4194,.F.);
#5752=ORIENTED_EDGE('',*,*,#4222,.F.);
#5753=ORIENTED_EDGE('',*,*,#4162,.F.);
#5754=ORIENTED_EDGE('',*,*,#4222,.T.);
#5755=ORIENTED_EDGE('',*,*,#4193,.F.);
#5756=ORIENTED_EDGE('',*,*,#4223,.F.);
#5757=ORIENTED_EDGE('',*,*,#4163,.F.);
#5758=ORIENTED_EDGE('',*,*,#4223,.T.);
#5759=ORIENTED_EDGE('',*,*,#4192,.F.);
#5760=ORIENTED_EDGE('',*,*,#4224,.F.);
#5761=ORIENTED_EDGE('',*,*,#4164,.F.);
#5762=ORIENTED_EDGE('',*,*,#4224,.T.);
#5763=ORIENTED_EDGE('',*,*,#4191,.F.);
#5764=ORIENTED_EDGE('',*,*,#4225,.F.);
#5765=ORIENTED_EDGE('',*,*,#4165,.F.);
#5766=ORIENTED_EDGE('',*,*,#4225,.T.);
#5767=ORIENTED_EDGE('',*,*,#4190,.F.);
#5768=ORIENTED_EDGE('',*,*,#4226,.F.);
#5769=ORIENTED_EDGE('',*,*,#4166,.F.);
#5770=ORIENTED_EDGE('',*,*,#4226,.T.);
#5771=ORIENTED_EDGE('',*,*,#4189,.F.);
#5772=ORIENTED_EDGE('',*,*,#4227,.F.);
#5773=ORIENTED_EDGE('',*,*,#4167,.F.);
#5774=ORIENTED_EDGE('',*,*,#4227,.T.);
#5775=ORIENTED_EDGE('',*,*,#4188,.F.);
#5776=ORIENTED_EDGE('',*,*,#4228,.F.);
#5777=ORIENTED_EDGE('',*,*,#4168,.F.);
#5778=ORIENTED_EDGE('',*,*,#4228,.T.);
#5779=ORIENTED_EDGE('',*,*,#4187,.F.);
#5780=ORIENTED_EDGE('',*,*,#4229,.F.);
#5781=ORIENTED_EDGE('',*,*,#4169,.F.);
#5782=ORIENTED_EDGE('',*,*,#4229,.T.);
#5783=ORIENTED_EDGE('',*,*,#4186,.F.);
#5784=ORIENTED_EDGE('',*,*,#4230,.F.);
#5785=ORIENTED_EDGE('',*,*,#4170,.F.);
#5786=ORIENTED_EDGE('',*,*,#4230,.T.);
#5787=ORIENTED_EDGE('',*,*,#4185,.F.);
#5788=ORIENTED_EDGE('',*,*,#4178,.F.);
#5789=ORIENTED_EDGE('',*,*,#4206,.F.);
#5790=ORIENTED_EDGE('',*,*,#4135,.F.);
#5791=ORIENTED_EDGE('',*,*,#4139,.F.);
#5792=ORIENTED_EDGE('',*,*,#4140,.F.);
#5793=ORIENTED_EDGE('',*,*,#4212,.F.);
#5794=ORIENTED_EDGE('',*,*,#4146,.F.);
#5795=ORIENTED_EDGE('',*,*,#4171,.F.);
#5796=ORIENTED_EDGE('',*,*,#4137,.T.);
#5797=ORIENTED_EDGE('',*,*,#4133,.F.);
#5798=ORIENTED_EDGE('',*,*,#4207,.F.);
#5799=ORIENTED_EDGE('',*,*,#4180,.T.);
#5800=ORIENTED_EDGE('',*,*,#4184,.F.);
#5801=ORIENTED_EDGE('',*,*,#4231,.F.);
#5802=ORIENTED_EDGE('',*,*,#4172,.F.);
#5803=ORIENTED_EDGE('',*,*,#4144,.T.);
#5804=ORIENTED_EDGE('',*,*,#4211,.F.);
#5805=ORIENTED_EDGE('',*,*,#4141,.F.);
#5806=ORIENTED_EDGE('',*,*,#4231,.T.);
#5807=ORIENTED_EDGE('',*,*,#4183,.F.);
#5808=ORIENTED_EDGE('',*,*,#4232,.F.);
#5809=ORIENTED_EDGE('',*,*,#4173,.F.);
#5810=ORIENTED_EDGE('',*,*,#4232,.T.);
#5811=ORIENTED_EDGE('',*,*,#4182,.F.);
#5812=ORIENTED_EDGE('',*,*,#4152,.F.);
#5813=ORIENTED_EDGE('',*,*,#4205,.F.);
#5814=ORIENTED_EDGE('',*,*,#4233,.F.);
#5815=ORIENTED_EDGE('',*,*,#4209,.F.);
#5816=ORIENTED_EDGE('',*,*,#4150,.F.);
#5817=ORIENTED_EDGE('',*,*,#4174,.F.);
#5818=ORIENTED_EDGE('',*,*,#4233,.T.);
#5819=ORIENTED_EDGE('',*,*,#4204,.F.);
#5820=ORIENTED_EDGE('',*,*,#4234,.F.);
#5821=ORIENTED_EDGE('',*,*,#4210,.F.);
#5822=ORIENTED_EDGE('',*,*,#4234,.T.);
#5823=ORIENTED_EDGE('',*,*,#4203,.F.);
#5824=ORIENTED_EDGE('',*,*,#4154,.T.);
#5825=ORIENTED_EDGE('',*,*,#4181,.F.);
#5826=ORIENTED_EDGE('',*,*,#4215,.T.);
#5827=ORIENTED_EDGE('',*,*,#4155,.F.);
#5828=ORIENTED_EDGE('',*,*,#4148,.T.);
#5829=ORIENTED_EDGE('',*,*,#4208,.F.);
#5830=ORIENTED_EDGE('',*,*,#4235,.T.);
#5831=ORIENTED_EDGE('',*,*,#4236,.T.);
#5832=ORIENTED_EDGE('',*,*,#4237,.T.);
#5833=ORIENTED_EDGE('',*,*,#4238,.T.);
#5834=ORIENTED_EDGE('',*,*,#4236,.F.);
#5835=ORIENTED_EDGE('',*,*,#4239,.F.);
#5836=ORIENTED_EDGE('',*,*,#4240,.F.);
#5837=ORIENTED_EDGE('',*,*,#4241,.T.);
#5838=ORIENTED_EDGE('',*,*,#4242,.T.);
#5839=ORIENTED_EDGE('',*,*,#4240,.T.);
#5840=ORIENTED_EDGE('',*,*,#4243,.T.);
#5841=ORIENTED_EDGE('',*,*,#4244,.T.);
#5842=ORIENTED_EDGE('',*,*,#4245,.F.);
#5843=ORIENTED_EDGE('',*,*,#4246,.F.);
#5844=ORIENTED_EDGE('',*,*,#4247,.F.);
#5845=ORIENTED_EDGE('',*,*,#4248,.T.);
#5846=ORIENTED_EDGE('',*,*,#4249,.F.);
#5847=ORIENTED_EDGE('',*,*,#4250,.F.);
#5848=ORIENTED_EDGE('',*,*,#4251,.F.);
#5849=ORIENTED_EDGE('',*,*,#4252,.T.);
#5850=ORIENTED_EDGE('',*,*,#4253,.F.);
#5851=ORIENTED_EDGE('',*,*,#4254,.T.);
#5852=ORIENTED_EDGE('',*,*,#4255,.F.);
#5853=ORIENTED_EDGE('',*,*,#4256,.F.);
#5854=ORIENTED_EDGE('',*,*,#4257,.T.);
#5855=ORIENTED_EDGE('',*,*,#4258,.T.);
#5856=ORIENTED_EDGE('',*,*,#4259,.T.);
#5857=ORIENTED_EDGE('',*,*,#4260,.T.);
#5858=ORIENTED_EDGE('',*,*,#4261,.T.);
#5859=ORIENTED_EDGE('',*,*,#4262,.T.);
#5860=ORIENTED_EDGE('',*,*,#4263,.T.);
#5861=ORIENTED_EDGE('',*,*,#4264,.T.);
#5862=ORIENTED_EDGE('',*,*,#4265,.T.);
#5863=ORIENTED_EDGE('',*,*,#4266,.T.);
#5864=ORIENTED_EDGE('',*,*,#4267,.T.);
#5865=ORIENTED_EDGE('',*,*,#4268,.T.);
#5866=ORIENTED_EDGE('',*,*,#4269,.T.);
#5867=ORIENTED_EDGE('',*,*,#4270,.T.);
#5868=ORIENTED_EDGE('',*,*,#4271,.T.);
#5869=ORIENTED_EDGE('',*,*,#4272,.T.);
#5870=ORIENTED_EDGE('',*,*,#4273,.T.);
#5871=ORIENTED_EDGE('',*,*,#4247,.T.);
#5872=ORIENTED_EDGE('',*,*,#4274,.T.);
#5873=ORIENTED_EDGE('',*,*,#4275,.T.);
#5874=ORIENTED_EDGE('',*,*,#4276,.T.);
#5875=ORIENTED_EDGE('',*,*,#4251,.T.);
#5876=ORIENTED_EDGE('',*,*,#4277,.T.);
#5877=ORIENTED_EDGE('',*,*,#4278,.T.);
#5878=ORIENTED_EDGE('',*,*,#4279,.F.);
#5879=ORIENTED_EDGE('',*,*,#4280,.T.);
#5880=ORIENTED_EDGE('',*,*,#4281,.F.);
#5881=ORIENTED_EDGE('',*,*,#4282,.F.);
#5882=ORIENTED_EDGE('',*,*,#4283,.T.);
#5883=ORIENTED_EDGE('',*,*,#4255,.T.);
#5884=ORIENTED_EDGE('',*,*,#4284,.T.);
#5885=ORIENTED_EDGE('',*,*,#4285,.T.);
#5886=ORIENTED_EDGE('',*,*,#4286,.T.);
#5887=ORIENTED_EDGE('',*,*,#4281,.T.);
#5888=ORIENTED_EDGE('',*,*,#4287,.T.);
#5889=ORIENTED_EDGE('',*,*,#4288,.T.);
#5890=ORIENTED_EDGE('',*,*,#4289,.T.);
#5891=ORIENTED_EDGE('',*,*,#4290,.T.);
#5892=ORIENTED_EDGE('',*,*,#4291,.T.);
#5893=ORIENTED_EDGE('',*,*,#4292,.T.);
#5894=ORIENTED_EDGE('',*,*,#4293,.T.);
#5895=ORIENTED_EDGE('',*,*,#4294,.T.);
#5896=ORIENTED_EDGE('',*,*,#4295,.T.);
#5897=ORIENTED_EDGE('',*,*,#4296,.T.);
#5898=ORIENTED_EDGE('',*,*,#4297,.T.);
#5899=ORIENTED_EDGE('',*,*,#4298,.T.);
#5900=ORIENTED_EDGE('',*,*,#4299,.T.);
#5901=ORIENTED_EDGE('',*,*,#4300,.T.);
#5902=ORIENTED_EDGE('',*,*,#4301,.T.);
#5903=ORIENTED_EDGE('',*,*,#4302,.T.);
#5904=ORIENTED_EDGE('',*,*,#4303,.T.);
#5905=ORIENTED_EDGE('',*,*,#4304,.T.);
#5906=ORIENTED_EDGE('',*,*,#4305,.T.);
#5907=ORIENTED_EDGE('',*,*,#4306,.T.);
#5908=ORIENTED_EDGE('',*,*,#4307,.T.);
#5909=ORIENTED_EDGE('',*,*,#4253,.T.);
#5910=ORIENTED_EDGE('',*,*,#4238,.F.);
#5911=ORIENTED_EDGE('',*,*,#4308,.T.);
#5912=ORIENTED_EDGE('',*,*,#4279,.T.);
#5913=ORIENTED_EDGE('',*,*,#4309,.T.);
#5914=ORIENTED_EDGE('',*,*,#4310,.T.);
#5915=ORIENTED_EDGE('',*,*,#4249,.T.);
#5916=ORIENTED_EDGE('',*,*,#4311,.T.);
#5917=ORIENTED_EDGE('',*,*,#4312,.T.);
#5918=ORIENTED_EDGE('',*,*,#4244,.F.);
#5919=ORIENTED_EDGE('',*,*,#4313,.T.);
#5920=ORIENTED_EDGE('',*,*,#4245,.T.);
#5921=ORIENTED_EDGE('',*,*,#4314,.T.);
#5922=ORIENTED_EDGE('',*,*,#4315,.F.);
#5923=ORIENTED_EDGE('',*,*,#4304,.F.);
#5924=ORIENTED_EDGE('',*,*,#4316,.F.);
#5925=ORIENTED_EDGE('',*,*,#4278,.F.);
#5926=ORIENTED_EDGE('',*,*,#4316,.T.);
#5927=ORIENTED_EDGE('',*,*,#4303,.F.);
#5928=ORIENTED_EDGE('',*,*,#4315,.T.);
#5929=ORIENTED_EDGE('',*,*,#4277,.F.);
#5930=ORIENTED_EDGE('',*,*,#4317,.F.);
#5931=ORIENTED_EDGE('',*,*,#4302,.F.);
#5932=ORIENTED_EDGE('',*,*,#4318,.F.);
#5933=ORIENTED_EDGE('',*,*,#4258,.F.);
#5934=ORIENTED_EDGE('',*,*,#4318,.T.);
#5935=ORIENTED_EDGE('',*,*,#4301,.F.);
#5936=ORIENTED_EDGE('',*,*,#4319,.F.);
#5937=ORIENTED_EDGE('',*,*,#4259,.F.);
#5938=ORIENTED_EDGE('',*,*,#4319,.T.);
#5939=ORIENTED_EDGE('',*,*,#4300,.F.);
#5940=ORIENTED_EDGE('',*,*,#4320,.F.);
#5941=ORIENTED_EDGE('',*,*,#4260,.F.);
#5942=ORIENTED_EDGE('',*,*,#4320,.T.);
#5943=ORIENTED_EDGE('',*,*,#4299,.F.);
#5944=ORIENTED_EDGE('',*,*,#4321,.F.);
#5945=ORIENTED_EDGE('',*,*,#4261,.F.);
#5946=ORIENTED_EDGE('',*,*,#4321,.T.);
#5947=ORIENTED_EDGE('',*,*,#4298,.F.);
#5948=ORIENTED_EDGE('',*,*,#4322,.F.);
#5949=ORIENTED_EDGE('',*,*,#4262,.F.);
#5950=ORIENTED_EDGE('',*,*,#4322,.T.);
#5951=ORIENTED_EDGE('',*,*,#4297,.F.);
#5952=ORIENTED_EDGE('',*,*,#4323,.F.);
#5953=ORIENTED_EDGE('',*,*,#4263,.F.);
#5954=ORIENTED_EDGE('',*,*,#4323,.T.);
#5955=ORIENTED_EDGE('',*,*,#4296,.F.);
#5956=ORIENTED_EDGE('',*,*,#4324,.F.);
#5957=ORIENTED_EDGE('',*,*,#4264,.F.);
#5958=ORIENTED_EDGE('',*,*,#4324,.T.);
#5959=ORIENTED_EDGE('',*,*,#4295,.F.);
#5960=ORIENTED_EDGE('',*,*,#4325,.F.);
#5961=ORIENTED_EDGE('',*,*,#4265,.F.);
#5962=ORIENTED_EDGE('',*,*,#4325,.T.);
#5963=ORIENTED_EDGE('',*,*,#4294,.F.);
#5964=ORIENTED_EDGE('',*,*,#4326,.F.);
#5965=ORIENTED_EDGE('',*,*,#4266,.F.);
#5966=ORIENTED_EDGE('',*,*,#4326,.T.);
#5967=ORIENTED_EDGE('',*,*,#4293,.F.);
#5968=ORIENTED_EDGE('',*,*,#4327,.F.);
#5969=ORIENTED_EDGE('',*,*,#4267,.F.);
#5970=ORIENTED_EDGE('',*,*,#4327,.T.);
#5971=ORIENTED_EDGE('',*,*,#4292,.F.);
#5972=ORIENTED_EDGE('',*,*,#4328,.F.);
#5973=ORIENTED_EDGE('',*,*,#4268,.F.);
#5974=ORIENTED_EDGE('',*,*,#4328,.T.);
#5975=ORIENTED_EDGE('',*,*,#4291,.F.);
#5976=ORIENTED_EDGE('',*,*,#4329,.F.);
#5977=ORIENTED_EDGE('',*,*,#4269,.F.);
#5978=ORIENTED_EDGE('',*,*,#4329,.T.);
#5979=ORIENTED_EDGE('',*,*,#4290,.F.);
#5980=ORIENTED_EDGE('',*,*,#4330,.F.);
#5981=ORIENTED_EDGE('',*,*,#4270,.F.);
#5982=ORIENTED_EDGE('',*,*,#4330,.T.);
#5983=ORIENTED_EDGE('',*,*,#4289,.F.);
#5984=ORIENTED_EDGE('',*,*,#4331,.F.);
#5985=ORIENTED_EDGE('',*,*,#4271,.F.);
#5986=ORIENTED_EDGE('',*,*,#4331,.T.);
#5987=ORIENTED_EDGE('',*,*,#4288,.F.);
#5988=ORIENTED_EDGE('',*,*,#4332,.F.);
#5989=ORIENTED_EDGE('',*,*,#4272,.F.);
#5990=ORIENTED_EDGE('',*,*,#4332,.T.);
#5991=ORIENTED_EDGE('',*,*,#4287,.F.);
#5992=ORIENTED_EDGE('',*,*,#4280,.F.);
#5993=ORIENTED_EDGE('',*,*,#4308,.F.);
#5994=ORIENTED_EDGE('',*,*,#4237,.F.);
#5995=ORIENTED_EDGE('',*,*,#4241,.F.);
#5996=ORIENTED_EDGE('',*,*,#4242,.F.);
#5997=ORIENTED_EDGE('',*,*,#4314,.F.);
#5998=ORIENTED_EDGE('',*,*,#4248,.F.);
#5999=ORIENTED_EDGE('',*,*,#4273,.F.);
#6000=ORIENTED_EDGE('',*,*,#4239,.T.);
#6001=ORIENTED_EDGE('',*,*,#4235,.F.);
#6002=ORIENTED_EDGE('',*,*,#4309,.F.);
#6003=ORIENTED_EDGE('',*,*,#4282,.T.);
#6004=ORIENTED_EDGE('',*,*,#4286,.F.);
#6005=ORIENTED_EDGE('',*,*,#4333,.F.);
#6006=ORIENTED_EDGE('',*,*,#4274,.F.);
#6007=ORIENTED_EDGE('',*,*,#4246,.T.);
#6008=ORIENTED_EDGE('',*,*,#4313,.F.);
#6009=ORIENTED_EDGE('',*,*,#4243,.F.);
#6010=ORIENTED_EDGE('',*,*,#4333,.T.);
#6011=ORIENTED_EDGE('',*,*,#4285,.F.);
#6012=ORIENTED_EDGE('',*,*,#4334,.F.);
#6013=ORIENTED_EDGE('',*,*,#4275,.F.);
#6014=ORIENTED_EDGE('',*,*,#4334,.T.);
#6015=ORIENTED_EDGE('',*,*,#4284,.F.);
#6016=ORIENTED_EDGE('',*,*,#4254,.F.);
#6017=ORIENTED_EDGE('',*,*,#4307,.F.);
#6018=ORIENTED_EDGE('',*,*,#4335,.F.);
#6019=ORIENTED_EDGE('',*,*,#4311,.F.);
#6020=ORIENTED_EDGE('',*,*,#4252,.F.);
#6021=ORIENTED_EDGE('',*,*,#4276,.F.);
#6022=ORIENTED_EDGE('',*,*,#4335,.T.);
#6023=ORIENTED_EDGE('',*,*,#4306,.F.);
#6024=ORIENTED_EDGE('',*,*,#4336,.F.);
#6025=ORIENTED_EDGE('',*,*,#4312,.F.);
#6026=ORIENTED_EDGE('',*,*,#4336,.T.);
#6027=ORIENTED_EDGE('',*,*,#4305,.F.);
#6028=ORIENTED_EDGE('',*,*,#4256,.T.);
#6029=ORIENTED_EDGE('',*,*,#4283,.F.);
#6030=ORIENTED_EDGE('',*,*,#4317,.T.);
#6031=ORIENTED_EDGE('',*,*,#4257,.F.);
#6032=ORIENTED_EDGE('',*,*,#4250,.T.);
#6033=ORIENTED_EDGE('',*,*,#4310,.F.);
#6034=ORIENTED_EDGE('',*,*,#4337,.F.);
#6035=ORIENTED_EDGE('',*,*,#4338,.T.);
#6036=ORIENTED_EDGE('',*,*,#4339,.F.);
#6037=ORIENTED_EDGE('',*,*,#4340,.F.);
#6038=ORIENTED_EDGE('',*,*,#4341,.F.);
#6039=ORIENTED_EDGE('',*,*,#4340,.T.);
#6040=ORIENTED_EDGE('',*,*,#4342,.F.);
#6041=ORIENTED_EDGE('',*,*,#4343,.F.);
#6042=ORIENTED_EDGE('',*,*,#4344,.F.);
#6043=ORIENTED_EDGE('',*,*,#4343,.T.);
#6044=ORIENTED_EDGE('',*,*,#4345,.F.);
#6045=ORIENTED_EDGE('',*,*,#4346,.F.);
#6046=ORIENTED_EDGE('',*,*,#4347,.F.);
#6047=ORIENTED_EDGE('',*,*,#4346,.T.);
#6048=ORIENTED_EDGE('',*,*,#4348,.F.);
#6049=ORIENTED_EDGE('',*,*,#4338,.F.);
#6050=ORIENTED_EDGE('',*,*,#4348,.T.);
#6051=ORIENTED_EDGE('',*,*,#4345,.T.);
#6052=ORIENTED_EDGE('',*,*,#4342,.T.);
#6053=ORIENTED_EDGE('',*,*,#4339,.T.);
#6054=ORIENTED_EDGE('',*,*,#4347,.T.);
#6055=ORIENTED_EDGE('',*,*,#4337,.T.);
#6056=ORIENTED_EDGE('',*,*,#4341,.T.);
#6057=ORIENTED_EDGE('',*,*,#4344,.T.);
#6058=ORIENTED_EDGE('',*,*,#4349,.F.);
#6059=ORIENTED_EDGE('',*,*,#4350,.T.);
#6060=ORIENTED_EDGE('',*,*,#4351,.F.);
#6061=ORIENTED_EDGE('',*,*,#4352,.F.);
#6062=ORIENTED_EDGE('',*,*,#4353,.F.);
#6063=ORIENTED_EDGE('',*,*,#4352,.T.);
#6064=ORIENTED_EDGE('',*,*,#4354,.F.);
#6065=ORIENTED_EDGE('',*,*,#4355,.F.);
#6066=ORIENTED_EDGE('',*,*,#4356,.F.);
#6067=ORIENTED_EDGE('',*,*,#4355,.T.);
#6068=ORIENTED_EDGE('',*,*,#4357,.F.);
#6069=ORIENTED_EDGE('',*,*,#4358,.F.);
#6070=ORIENTED_EDGE('',*,*,#4359,.F.);
#6071=ORIENTED_EDGE('',*,*,#4358,.T.);
#6072=ORIENTED_EDGE('',*,*,#4360,.F.);
#6073=ORIENTED_EDGE('',*,*,#4350,.F.);
#6074=ORIENTED_EDGE('',*,*,#4360,.T.);
#6075=ORIENTED_EDGE('',*,*,#4357,.T.);
#6076=ORIENTED_EDGE('',*,*,#4354,.T.);
#6077=ORIENTED_EDGE('',*,*,#4351,.T.);
#6078=ORIENTED_EDGE('',*,*,#4359,.T.);
#6079=ORIENTED_EDGE('',*,*,#4349,.T.);
#6080=ORIENTED_EDGE('',*,*,#4353,.T.);
#6081=ORIENTED_EDGE('',*,*,#4356,.T.);
#6082=ORIENTED_EDGE('',*,*,#4361,.F.);
#6083=ORIENTED_EDGE('',*,*,#4362,.T.);
#6084=ORIENTED_EDGE('',*,*,#4363,.F.);
#6085=ORIENTED_EDGE('',*,*,#4362,.F.);
#6086=ORIENTED_EDGE('',*,*,#4364,.F.);
#6087=ORIENTED_EDGE('',*,*,#4365,.T.);
#6088=ORIENTED_EDGE('',*,*,#4366,.F.);
#6089=ORIENTED_EDGE('',*,*,#4365,.F.);
#6090=ORIENTED_EDGE('',*,*,#4367,.F.);
#6091=ORIENTED_EDGE('',*,*,#4368,.T.);
#6092=ORIENTED_EDGE('',*,*,#4369,.T.);
#6093=ORIENTED_EDGE('',*,*,#4370,.F.);
#6094=ORIENTED_EDGE('',*,*,#4371,.F.);
#6095=ORIENTED_EDGE('',*,*,#4370,.T.);
#6096=ORIENTED_EDGE('',*,*,#4372,.T.);
#6097=ORIENTED_EDGE('',*,*,#4373,.F.);
#6098=ORIENTED_EDGE('',*,*,#4374,.F.);
#6099=ORIENTED_EDGE('',*,*,#4375,.T.);
#6100=ORIENTED_EDGE('',*,*,#4376,.T.);
#6101=ORIENTED_EDGE('',*,*,#4368,.F.);
#6102=ORIENTED_EDGE('',*,*,#4361,.T.);
#6103=ORIENTED_EDGE('',*,*,#4377,.F.);
#6104=ORIENTED_EDGE('',*,*,#4373,.T.);
#6105=ORIENTED_EDGE('',*,*,#4378,.T.);
#6106=ORIENTED_EDGE('',*,*,#4375,.F.);
#6107=ORIENTED_EDGE('',*,*,#4378,.F.);
#6108=ORIENTED_EDGE('',*,*,#4372,.F.);
#6109=ORIENTED_EDGE('',*,*,#4369,.F.);
#6110=ORIENTED_EDGE('',*,*,#4376,.F.);
#6111=ORIENTED_EDGE('',*,*,#4364,.T.);
#6112=ORIENTED_EDGE('',*,*,#4379,.F.);
#6113=ORIENTED_EDGE('',*,*,#4380,.T.);
#6114=ORIENTED_EDGE('',*,*,#4381,.F.);
#6115=ORIENTED_EDGE('',*,*,#4382,.F.);
#6116=ORIENTED_EDGE('',*,*,#4377,.T.);
#6117=ORIENTED_EDGE('',*,*,#4383,.F.);
#6118=ORIENTED_EDGE('',*,*,#4384,.F.);
#6119=ORIENTED_EDGE('',*,*,#4382,.T.);
#6120=ORIENTED_EDGE('',*,*,#4385,.F.);
#6121=ORIENTED_EDGE('',*,*,#4386,.F.);
#6122=ORIENTED_EDGE('',*,*,#4367,.T.);
#6123=ORIENTED_EDGE('',*,*,#4371,.T.);
#6124=ORIENTED_EDGE('',*,*,#4387,.T.);
#6125=ORIENTED_EDGE('',*,*,#4383,.T.);
#6126=ORIENTED_EDGE('',*,*,#4374,.T.);
#6127=ORIENTED_EDGE('',*,*,#4386,.T.);
#6128=ORIENTED_EDGE('',*,*,#4388,.F.);
#6129=ORIENTED_EDGE('',*,*,#4389,.F.);
#6130=ORIENTED_EDGE('',*,*,#4390,.T.);
#6131=ORIENTED_EDGE('',*,*,#4389,.T.);
#6132=ORIENTED_EDGE('',*,*,#4391,.F.);
#6133=ORIENTED_EDGE('',*,*,#4392,.F.);
#6134=ORIENTED_EDGE('',*,*,#4363,.T.);
#6135=ORIENTED_EDGE('',*,*,#4393,.T.);
#6136=ORIENTED_EDGE('',*,*,#4392,.T.);
#6137=ORIENTED_EDGE('',*,*,#4394,.F.);
#6138=ORIENTED_EDGE('',*,*,#4380,.F.);
#6139=ORIENTED_EDGE('',*,*,#4366,.T.);
#6140=ORIENTED_EDGE('',*,*,#4394,.T.);
#6141=ORIENTED_EDGE('',*,*,#4391,.T.);
#6142=ORIENTED_EDGE('',*,*,#4388,.T.);
#6143=ORIENTED_EDGE('',*,*,#4385,.T.);
#6144=ORIENTED_EDGE('',*,*,#4381,.T.);
#6145=ORIENTED_EDGE('',*,*,#4393,.F.);
#6146=ORIENTED_EDGE('',*,*,#4379,.T.);
#6147=ORIENTED_EDGE('',*,*,#4384,.T.);
#6148=ORIENTED_EDGE('',*,*,#4387,.F.);
#6149=ORIENTED_EDGE('',*,*,#4390,.F.);
#6150=ORIENTED_EDGE('',*,*,#4395,.F.);
#6151=ORIENTED_EDGE('',*,*,#4396,.T.);
#6152=ORIENTED_EDGE('',*,*,#4397,.F.);
#6153=ORIENTED_EDGE('',*,*,#4398,.F.);
#6154=ORIENTED_EDGE('',*,*,#4399,.F.);
#6155=ORIENTED_EDGE('',*,*,#4398,.T.);
#6156=ORIENTED_EDGE('',*,*,#4400,.F.);
#6157=ORIENTED_EDGE('',*,*,#4401,.F.);
#6158=ORIENTED_EDGE('',*,*,#4402,.F.);
#6159=ORIENTED_EDGE('',*,*,#4401,.T.);
#6160=ORIENTED_EDGE('',*,*,#4403,.F.);
#6161=ORIENTED_EDGE('',*,*,#4404,.F.);
#6162=ORIENTED_EDGE('',*,*,#4405,.F.);
#6163=ORIENTED_EDGE('',*,*,#4404,.T.);
#6164=ORIENTED_EDGE('',*,*,#4406,.F.);
#6165=ORIENTED_EDGE('',*,*,#4396,.F.);
#6166=ORIENTED_EDGE('',*,*,#4406,.T.);
#6167=ORIENTED_EDGE('',*,*,#4403,.T.);
#6168=ORIENTED_EDGE('',*,*,#4400,.T.);
#6169=ORIENTED_EDGE('',*,*,#4397,.T.);
#6170=ORIENTED_EDGE('',*,*,#4405,.T.);
#6171=ORIENTED_EDGE('',*,*,#4395,.T.);
#6172=ORIENTED_EDGE('',*,*,#4399,.T.);
#6173=ORIENTED_EDGE('',*,*,#4402,.T.);
#6174=ORIENTED_EDGE('',*,*,#4407,.F.);
#6175=ORIENTED_EDGE('',*,*,#4408,.T.);
#6176=ORIENTED_EDGE('',*,*,#4409,.F.);
#6177=ORIENTED_EDGE('',*,*,#4410,.F.);
#6178=ORIENTED_EDGE('',*,*,#4411,.F.);
#6179=ORIENTED_EDGE('',*,*,#4410,.T.);
#6180=ORIENTED_EDGE('',*,*,#4412,.F.);
#6181=ORIENTED_EDGE('',*,*,#4413,.F.);
#6182=ORIENTED_EDGE('',*,*,#4414,.F.);
#6183=ORIENTED_EDGE('',*,*,#4413,.T.);
#6184=ORIENTED_EDGE('',*,*,#4415,.F.);
#6185=ORIENTED_EDGE('',*,*,#4416,.F.);
#6186=ORIENTED_EDGE('',*,*,#4417,.F.);
#6187=ORIENTED_EDGE('',*,*,#4416,.T.);
#6188=ORIENTED_EDGE('',*,*,#4418,.F.);
#6189=ORIENTED_EDGE('',*,*,#4408,.F.);
#6190=ORIENTED_EDGE('',*,*,#4418,.T.);
#6191=ORIENTED_EDGE('',*,*,#4415,.T.);
#6192=ORIENTED_EDGE('',*,*,#4412,.T.);
#6193=ORIENTED_EDGE('',*,*,#4409,.T.);
#6194=ORIENTED_EDGE('',*,*,#4417,.T.);
#6195=ORIENTED_EDGE('',*,*,#4407,.T.);
#6196=ORIENTED_EDGE('',*,*,#4411,.T.);
#6197=ORIENTED_EDGE('',*,*,#4414,.T.);
#6198=ORIENTED_EDGE('',*,*,#4419,.F.);
#6199=ORIENTED_EDGE('',*,*,#4420,.T.);
#6200=ORIENTED_EDGE('',*,*,#4421,.F.);
#6201=ORIENTED_EDGE('',*,*,#4422,.F.);
#6202=ORIENTED_EDGE('',*,*,#4423,.F.);
#6203=ORIENTED_EDGE('',*,*,#4422,.T.);
#6204=ORIENTED_EDGE('',*,*,#4424,.F.);
#6205=ORIENTED_EDGE('',*,*,#4425,.F.);
#6206=ORIENTED_EDGE('',*,*,#4426,.F.);
#6207=ORIENTED_EDGE('',*,*,#4425,.T.);
#6208=ORIENTED_EDGE('',*,*,#4427,.F.);
#6209=ORIENTED_EDGE('',*,*,#4428,.F.);
#6210=ORIENTED_EDGE('',*,*,#4429,.F.);
#6211=ORIENTED_EDGE('',*,*,#4428,.T.);
#6212=ORIENTED_EDGE('',*,*,#4430,.F.);
#6213=ORIENTED_EDGE('',*,*,#4420,.F.);
#6214=ORIENTED_EDGE('',*,*,#4430,.T.);
#6215=ORIENTED_EDGE('',*,*,#4427,.T.);
#6216=ORIENTED_EDGE('',*,*,#4424,.T.);
#6217=ORIENTED_EDGE('',*,*,#4421,.T.);
#6218=ORIENTED_EDGE('',*,*,#4429,.T.);
#6219=ORIENTED_EDGE('',*,*,#4419,.T.);
#6220=ORIENTED_EDGE('',*,*,#4423,.T.);
#6221=ORIENTED_EDGE('',*,*,#4426,.T.);
#6222=ORIENTED_EDGE('',*,*,#4431,.F.);
#6223=ORIENTED_EDGE('',*,*,#4432,.T.);
#6224=ORIENTED_EDGE('',*,*,#4433,.F.);
#6225=ORIENTED_EDGE('',*,*,#4434,.F.);
#6226=ORIENTED_EDGE('',*,*,#4435,.F.);
#6227=ORIENTED_EDGE('',*,*,#4434,.T.);
#6228=ORIENTED_EDGE('',*,*,#4436,.F.);
#6229=ORIENTED_EDGE('',*,*,#4437,.F.);
#6230=ORIENTED_EDGE('',*,*,#4438,.F.);
#6231=ORIENTED_EDGE('',*,*,#4437,.T.);
#6232=ORIENTED_EDGE('',*,*,#4439,.F.);
#6233=ORIENTED_EDGE('',*,*,#4440,.F.);
#6234=ORIENTED_EDGE('',*,*,#4441,.F.);
#6235=ORIENTED_EDGE('',*,*,#4440,.T.);
#6236=ORIENTED_EDGE('',*,*,#4442,.F.);
#6237=ORIENTED_EDGE('',*,*,#4432,.F.);
#6238=ORIENTED_EDGE('',*,*,#4442,.T.);
#6239=ORIENTED_EDGE('',*,*,#4439,.T.);
#6240=ORIENTED_EDGE('',*,*,#4436,.T.);
#6241=ORIENTED_EDGE('',*,*,#4433,.T.);
#6242=ORIENTED_EDGE('',*,*,#4441,.T.);
#6243=ORIENTED_EDGE('',*,*,#4431,.T.);
#6244=ORIENTED_EDGE('',*,*,#4435,.T.);
#6245=ORIENTED_EDGE('',*,*,#4438,.T.);
#6246=ORIENTED_EDGE('',*,*,#4443,.F.);
#6247=ORIENTED_EDGE('',*,*,#4444,.T.);
#6248=ORIENTED_EDGE('',*,*,#4445,.F.);
#6249=ORIENTED_EDGE('',*,*,#4446,.F.);
#6250=ORIENTED_EDGE('',*,*,#4447,.F.);
#6251=ORIENTED_EDGE('',*,*,#4446,.T.);
#6252=ORIENTED_EDGE('',*,*,#4448,.F.);
#6253=ORIENTED_EDGE('',*,*,#4449,.F.);
#6254=ORIENTED_EDGE('',*,*,#4450,.T.);
#6255=ORIENTED_EDGE('',*,*,#4449,.T.);
#6256=ORIENTED_EDGE('',*,*,#4451,.F.);
#6257=ORIENTED_EDGE('',*,*,#4452,.F.);
#6258=ORIENTED_EDGE('',*,*,#4453,.T.);
#6259=ORIENTED_EDGE('',*,*,#4452,.T.);
#6260=ORIENTED_EDGE('',*,*,#4454,.F.);
#6261=ORIENTED_EDGE('',*,*,#4455,.F.);
#6262=ORIENTED_EDGE('',*,*,#4456,.T.);
#6263=ORIENTED_EDGE('',*,*,#4455,.T.);
#6264=ORIENTED_EDGE('',*,*,#4457,.F.);
#6265=ORIENTED_EDGE('',*,*,#4458,.F.);
#6266=ORIENTED_EDGE('',*,*,#4459,.T.);
#6267=ORIENTED_EDGE('',*,*,#4458,.T.);
#6268=ORIENTED_EDGE('',*,*,#4460,.F.);
#6269=ORIENTED_EDGE('',*,*,#4444,.F.);
#6270=ORIENTED_EDGE('',*,*,#4460,.T.);
#6271=ORIENTED_EDGE('',*,*,#4457,.T.);
#6272=ORIENTED_EDGE('',*,*,#4454,.T.);
#6273=ORIENTED_EDGE('',*,*,#4451,.T.);
#6274=ORIENTED_EDGE('',*,*,#4448,.T.);
#6275=ORIENTED_EDGE('',*,*,#4445,.T.);
#6276=ORIENTED_EDGE('',*,*,#4459,.F.);
#6277=ORIENTED_EDGE('',*,*,#4443,.T.);
#6278=ORIENTED_EDGE('',*,*,#4447,.T.);
#6279=ORIENTED_EDGE('',*,*,#4450,.F.);
#6280=ORIENTED_EDGE('',*,*,#4453,.F.);
#6281=ORIENTED_EDGE('',*,*,#4456,.F.);
#6282=ORIENTED_EDGE('',*,*,#4461,.F.);
#6283=ORIENTED_EDGE('',*,*,#4462,.T.);
#6284=ORIENTED_EDGE('',*,*,#4463,.F.);
#6285=ORIENTED_EDGE('',*,*,#4462,.F.);
#6286=ORIENTED_EDGE('',*,*,#4461,.T.);
#6287=ORIENTED_EDGE('',*,*,#4464,.F.);
#6288=ORIENTED_EDGE('',*,*,#4465,.T.);
#6289=ORIENTED_EDGE('',*,*,#4466,.F.);
#6290=ORIENTED_EDGE('',*,*,#4467,.F.);
#6291=ORIENTED_EDGE('',*,*,#4468,.F.);
#6292=ORIENTED_EDGE('',*,*,#4467,.T.);
#6293=ORIENTED_EDGE('',*,*,#4469,.F.);
#6294=ORIENTED_EDGE('',*,*,#4470,.F.);
#6295=ORIENTED_EDGE('',*,*,#4471,.F.);
#6296=ORIENTED_EDGE('',*,*,#4470,.T.);
#6297=ORIENTED_EDGE('',*,*,#4472,.F.);
#6298=ORIENTED_EDGE('',*,*,#4473,.F.);
#6299=ORIENTED_EDGE('',*,*,#4474,.F.);
#6300=ORIENTED_EDGE('',*,*,#4473,.T.);
#6301=ORIENTED_EDGE('',*,*,#4475,.F.);
#6302=ORIENTED_EDGE('',*,*,#4465,.F.);
#6303=ORIENTED_EDGE('',*,*,#4475,.T.);
#6304=ORIENTED_EDGE('',*,*,#4472,.T.);
#6305=ORIENTED_EDGE('',*,*,#4469,.T.);
#6306=ORIENTED_EDGE('',*,*,#4466,.T.);
#6307=ORIENTED_EDGE('',*,*,#4463,.T.);
#6308=ORIENTED_EDGE('',*,*,#4474,.T.);
#6309=ORIENTED_EDGE('',*,*,#4464,.T.);
#6310=ORIENTED_EDGE('',*,*,#4468,.T.);
#6311=ORIENTED_EDGE('',*,*,#4471,.T.);
#6312=ORIENTED_EDGE('',*,*,#4476,.F.);
#6313=ORIENTED_EDGE('',*,*,#4477,.T.);
#6314=ORIENTED_EDGE('',*,*,#4478,.F.);
#6315=ORIENTED_EDGE('',*,*,#4479,.F.);
#6316=ORIENTED_EDGE('',*,*,#4480,.F.);
#6317=ORIENTED_EDGE('',*,*,#4479,.T.);
#6318=ORIENTED_EDGE('',*,*,#4481,.F.);
#6319=ORIENTED_EDGE('',*,*,#4482,.F.);
#6320=ORIENTED_EDGE('',*,*,#4483,.F.);
#6321=ORIENTED_EDGE('',*,*,#4482,.T.);
#6322=ORIENTED_EDGE('',*,*,#4484,.F.);
#6323=ORIENTED_EDGE('',*,*,#4485,.F.);
#6324=ORIENTED_EDGE('',*,*,#4486,.F.);
#6325=ORIENTED_EDGE('',*,*,#4485,.T.);
#6326=ORIENTED_EDGE('',*,*,#4487,.F.);
#6327=ORIENTED_EDGE('',*,*,#4477,.F.);
#6328=ORIENTED_EDGE('',*,*,#4487,.T.);
#6329=ORIENTED_EDGE('',*,*,#4484,.T.);
#6330=ORIENTED_EDGE('',*,*,#4481,.T.);
#6331=ORIENTED_EDGE('',*,*,#4478,.T.);
#6332=ORIENTED_EDGE('',*,*,#4486,.T.);
#6333=ORIENTED_EDGE('',*,*,#4476,.T.);
#6334=ORIENTED_EDGE('',*,*,#4480,.T.);
#6335=ORIENTED_EDGE('',*,*,#4483,.T.);
#6336=ORIENTED_EDGE('',*,*,#4488,.F.);
#6337=ORIENTED_EDGE('',*,*,#4489,.T.);
#6338=ORIENTED_EDGE('',*,*,#4490,.F.);
#6339=ORIENTED_EDGE('',*,*,#4491,.F.);
#6340=ORIENTED_EDGE('',*,*,#4492,.F.);
#6341=ORIENTED_EDGE('',*,*,#4491,.T.);
#6342=ORIENTED_EDGE('',*,*,#4493,.F.);
#6343=ORIENTED_EDGE('',*,*,#4494,.F.);
#6344=ORIENTED_EDGE('',*,*,#4495,.F.);
#6345=ORIENTED_EDGE('',*,*,#4494,.T.);
#6346=ORIENTED_EDGE('',*,*,#4496,.F.);
#6347=ORIENTED_EDGE('',*,*,#4497,.F.);
#6348=ORIENTED_EDGE('',*,*,#4498,.F.);
#6349=ORIENTED_EDGE('',*,*,#4497,.T.);
#6350=ORIENTED_EDGE('',*,*,#4499,.F.);
#6351=ORIENTED_EDGE('',*,*,#4489,.F.);
#6352=ORIENTED_EDGE('',*,*,#4499,.T.);
#6353=ORIENTED_EDGE('',*,*,#4496,.T.);
#6354=ORIENTED_EDGE('',*,*,#4493,.T.);
#6355=ORIENTED_EDGE('',*,*,#4490,.T.);
#6356=ORIENTED_EDGE('',*,*,#4498,.T.);
#6357=ORIENTED_EDGE('',*,*,#4488,.T.);
#6358=ORIENTED_EDGE('',*,*,#4492,.T.);
#6359=ORIENTED_EDGE('',*,*,#4495,.T.);
#6360=ORIENTED_EDGE('',*,*,#4500,.F.);
#6361=ORIENTED_EDGE('',*,*,#4501,.T.);
#6362=ORIENTED_EDGE('',*,*,#4502,.F.);
#6363=ORIENTED_EDGE('',*,*,#4503,.F.);
#6364=ORIENTED_EDGE('',*,*,#4504,.F.);
#6365=ORIENTED_EDGE('',*,*,#4503,.T.);
#6366=ORIENTED_EDGE('',*,*,#4505,.F.);
#6367=ORIENTED_EDGE('',*,*,#4506,.F.);
#6368=ORIENTED_EDGE('',*,*,#4507,.F.);
#6369=ORIENTED_EDGE('',*,*,#4506,.T.);
#6370=ORIENTED_EDGE('',*,*,#4508,.F.);
#6371=ORIENTED_EDGE('',*,*,#4509,.F.);
#6372=ORIENTED_EDGE('',*,*,#4510,.F.);
#6373=ORIENTED_EDGE('',*,*,#4509,.T.);
#6374=ORIENTED_EDGE('',*,*,#4511,.F.);
#6375=ORIENTED_EDGE('',*,*,#4501,.F.);
#6376=ORIENTED_EDGE('',*,*,#4511,.T.);
#6377=ORIENTED_EDGE('',*,*,#4508,.T.);
#6378=ORIENTED_EDGE('',*,*,#4505,.T.);
#6379=ORIENTED_EDGE('',*,*,#4502,.T.);
#6380=ORIENTED_EDGE('',*,*,#4510,.T.);
#6381=ORIENTED_EDGE('',*,*,#4500,.T.);
#6382=ORIENTED_EDGE('',*,*,#4504,.T.);
#6383=ORIENTED_EDGE('',*,*,#4507,.T.);
#6384=ORIENTED_EDGE('',*,*,#4512,.F.);
#6385=ORIENTED_EDGE('',*,*,#4513,.T.);
#6386=ORIENTED_EDGE('',*,*,#4514,.F.);
#6387=ORIENTED_EDGE('',*,*,#4515,.F.);
#6388=ORIENTED_EDGE('',*,*,#4516,.F.);
#6389=ORIENTED_EDGE('',*,*,#4515,.T.);
#6390=ORIENTED_EDGE('',*,*,#4517,.F.);
#6391=ORIENTED_EDGE('',*,*,#4518,.F.);
#6392=ORIENTED_EDGE('',*,*,#4519,.F.);
#6393=ORIENTED_EDGE('',*,*,#4518,.T.);
#6394=ORIENTED_EDGE('',*,*,#4520,.F.);
#6395=ORIENTED_EDGE('',*,*,#4521,.F.);
#6396=ORIENTED_EDGE('',*,*,#4522,.F.);
#6397=ORIENTED_EDGE('',*,*,#4521,.T.);
#6398=ORIENTED_EDGE('',*,*,#4523,.F.);
#6399=ORIENTED_EDGE('',*,*,#4513,.F.);
#6400=ORIENTED_EDGE('',*,*,#4523,.T.);
#6401=ORIENTED_EDGE('',*,*,#4520,.T.);
#6402=ORIENTED_EDGE('',*,*,#4517,.T.);
#6403=ORIENTED_EDGE('',*,*,#4514,.T.);
#6404=ORIENTED_EDGE('',*,*,#4522,.T.);
#6405=ORIENTED_EDGE('',*,*,#4512,.T.);
#6406=ORIENTED_EDGE('',*,*,#4516,.T.);
#6407=ORIENTED_EDGE('',*,*,#4519,.T.);
#6408=ORIENTED_EDGE('',*,*,#4524,.F.);
#6409=ORIENTED_EDGE('',*,*,#4525,.T.);
#6410=ORIENTED_EDGE('',*,*,#4526,.F.);
#6411=ORIENTED_EDGE('',*,*,#4527,.F.);
#6412=ORIENTED_EDGE('',*,*,#4528,.F.);
#6413=ORIENTED_EDGE('',*,*,#4527,.T.);
#6414=ORIENTED_EDGE('',*,*,#4529,.F.);
#6415=ORIENTED_EDGE('',*,*,#4530,.F.);
#6416=ORIENTED_EDGE('',*,*,#4531,.F.);
#6417=ORIENTED_EDGE('',*,*,#4530,.T.);
#6418=ORIENTED_EDGE('',*,*,#4532,.F.);
#6419=ORIENTED_EDGE('',*,*,#4533,.F.);
#6420=ORIENTED_EDGE('',*,*,#4534,.F.);
#6421=ORIENTED_EDGE('',*,*,#4533,.T.);
#6422=ORIENTED_EDGE('',*,*,#4535,.F.);
#6423=ORIENTED_EDGE('',*,*,#4525,.F.);
#6424=ORIENTED_EDGE('',*,*,#4535,.T.);
#6425=ORIENTED_EDGE('',*,*,#4532,.T.);
#6426=ORIENTED_EDGE('',*,*,#4529,.T.);
#6427=ORIENTED_EDGE('',*,*,#4526,.T.);
#6428=ORIENTED_EDGE('',*,*,#4534,.T.);
#6429=ORIENTED_EDGE('',*,*,#4524,.T.);
#6430=ORIENTED_EDGE('',*,*,#4528,.T.);
#6431=ORIENTED_EDGE('',*,*,#4531,.T.);
#6432=ORIENTED_EDGE('',*,*,#4536,.F.);
#6433=ORIENTED_EDGE('',*,*,#4537,.T.);
#6434=ORIENTED_EDGE('',*,*,#4538,.F.);
#6435=ORIENTED_EDGE('',*,*,#4539,.F.);
#6436=ORIENTED_EDGE('',*,*,#4540,.F.);
#6437=ORIENTED_EDGE('',*,*,#4539,.T.);
#6438=ORIENTED_EDGE('',*,*,#4541,.F.);
#6439=ORIENTED_EDGE('',*,*,#4542,.F.);
#6440=ORIENTED_EDGE('',*,*,#4543,.F.);
#6441=ORIENTED_EDGE('',*,*,#4542,.T.);
#6442=ORIENTED_EDGE('',*,*,#4544,.F.);
#6443=ORIENTED_EDGE('',*,*,#4545,.F.);
#6444=ORIENTED_EDGE('',*,*,#4546,.F.);
#6445=ORIENTED_EDGE('',*,*,#4545,.T.);
#6446=ORIENTED_EDGE('',*,*,#4547,.F.);
#6447=ORIENTED_EDGE('',*,*,#4537,.F.);
#6448=ORIENTED_EDGE('',*,*,#4547,.T.);
#6449=ORIENTED_EDGE('',*,*,#4544,.T.);
#6450=ORIENTED_EDGE('',*,*,#4541,.T.);
#6451=ORIENTED_EDGE('',*,*,#4538,.T.);
#6452=ORIENTED_EDGE('',*,*,#4546,.T.);
#6453=ORIENTED_EDGE('',*,*,#4536,.T.);
#6454=ORIENTED_EDGE('',*,*,#4540,.T.);
#6455=ORIENTED_EDGE('',*,*,#4543,.T.);
#6456=ORIENTED_EDGE('',*,*,#4548,.F.);
#6457=ORIENTED_EDGE('',*,*,#4549,.T.);
#6458=ORIENTED_EDGE('',*,*,#4550,.F.);
#6459=ORIENTED_EDGE('',*,*,#4551,.F.);
#6460=ORIENTED_EDGE('',*,*,#4552,.F.);
#6461=ORIENTED_EDGE('',*,*,#4551,.T.);
#6462=ORIENTED_EDGE('',*,*,#4553,.F.);
#6463=ORIENTED_EDGE('',*,*,#4554,.F.);
#6464=ORIENTED_EDGE('',*,*,#4555,.F.);
#6465=ORIENTED_EDGE('',*,*,#4554,.T.);
#6466=ORIENTED_EDGE('',*,*,#4556,.F.);
#6467=ORIENTED_EDGE('',*,*,#4557,.F.);
#6468=ORIENTED_EDGE('',*,*,#4558,.F.);
#6469=ORIENTED_EDGE('',*,*,#4557,.T.);
#6470=ORIENTED_EDGE('',*,*,#4559,.F.);
#6471=ORIENTED_EDGE('',*,*,#4549,.F.);
#6472=ORIENTED_EDGE('',*,*,#4559,.T.);
#6473=ORIENTED_EDGE('',*,*,#4556,.T.);
#6474=ORIENTED_EDGE('',*,*,#4553,.T.);
#6475=ORIENTED_EDGE('',*,*,#4550,.T.);
#6476=ORIENTED_EDGE('',*,*,#4558,.T.);
#6477=ORIENTED_EDGE('',*,*,#4548,.T.);
#6478=ORIENTED_EDGE('',*,*,#4552,.T.);
#6479=ORIENTED_EDGE('',*,*,#4555,.T.);
#6480=ORIENTED_EDGE('',*,*,#4560,.F.);
#6481=ORIENTED_EDGE('',*,*,#4561,.T.);
#6482=ORIENTED_EDGE('',*,*,#4562,.T.);
#6483=ORIENTED_EDGE('',*,*,#4563,.F.);
#6484=ORIENTED_EDGE('',*,*,#4564,.F.);
#6485=ORIENTED_EDGE('',*,*,#4562,.F.);
#6486=ORIENTED_EDGE('',*,*,#4565,.F.);
#6487=ORIENTED_EDGE('',*,*,#4566,.F.);
#6488=ORIENTED_EDGE('',*,*,#4567,.F.);
#6489=ORIENTED_EDGE('',*,*,#4568,.F.);
#6490=ORIENTED_EDGE('',*,*,#4565,.T.);
#6491=ORIENTED_EDGE('',*,*,#4561,.F.);
#6492=ORIENTED_EDGE('',*,*,#4563,.T.);
#6493=ORIENTED_EDGE('',*,*,#4564,.T.);
#6494=ORIENTED_EDGE('',*,*,#4569,.T.);
#6495=ORIENTED_EDGE('',*,*,#4570,.T.);
#6496=ORIENTED_EDGE('',*,*,#4571,.T.);
#6497=ORIENTED_EDGE('',*,*,#4572,.T.);
#6498=ORIENTED_EDGE('',*,*,#4573,.T.);
#6499=ORIENTED_EDGE('',*,*,#4574,.T.);
#6500=ORIENTED_EDGE('',*,*,#4575,.T.);
#6501=ORIENTED_EDGE('',*,*,#4576,.T.);
#6502=ORIENTED_EDGE('',*,*,#4572,.F.);
#6503=ORIENTED_EDGE('',*,*,#4577,.F.);
#6504=ORIENTED_EDGE('',*,*,#4578,.F.);
#6505=ORIENTED_EDGE('',*,*,#4570,.F.);
#6506=ORIENTED_EDGE('',*,*,#4579,.F.);
#6507=ORIENTED_EDGE('',*,*,#4580,.F.);
#6508=ORIENTED_EDGE('',*,*,#4571,.F.);
#6509=ORIENTED_EDGE('',*,*,#4580,.T.);
#6510=ORIENTED_EDGE('',*,*,#4581,.F.);
#6511=ORIENTED_EDGE('',*,*,#4577,.T.);
#6512=ORIENTED_EDGE('',*,*,#4568,.T.);
#6513=ORIENTED_EDGE('',*,*,#4582,.T.);
#6514=ORIENTED_EDGE('',*,*,#4583,.F.);
#6515=ORIENTED_EDGE('',*,*,#4584,.F.);
#6516=ORIENTED_EDGE('',*,*,#4573,.F.);
#6517=ORIENTED_EDGE('',*,*,#4578,.T.);
#6518=ORIENTED_EDGE('',*,*,#4581,.T.);
#6519=ORIENTED_EDGE('',*,*,#4579,.T.);
#6520=ORIENTED_EDGE('',*,*,#4569,.F.);
#6521=ORIENTED_EDGE('',*,*,#4566,.T.);
#6522=ORIENTED_EDGE('',*,*,#4560,.T.);
#6523=ORIENTED_EDGE('',*,*,#4576,.F.);
#6524=ORIENTED_EDGE('',*,*,#4585,.T.);
#6525=ORIENTED_EDGE('',*,*,#4586,.F.);
#6526=ORIENTED_EDGE('',*,*,#4582,.F.);
#6527=ORIENTED_EDGE('',*,*,#4567,.T.);
#6528=ORIENTED_EDGE('',*,*,#4574,.F.);
#6529=ORIENTED_EDGE('',*,*,#4584,.T.);
#6530=ORIENTED_EDGE('',*,*,#4587,.F.);
#6531=ORIENTED_EDGE('',*,*,#4588,.F.);
#6532=ORIENTED_EDGE('',*,*,#4575,.F.);
#6533=ORIENTED_EDGE('',*,*,#4588,.T.);
#6534=ORIENTED_EDGE('',*,*,#4589,.F.);
#6535=ORIENTED_EDGE('',*,*,#4585,.F.);
#6536=ORIENTED_EDGE('',*,*,#4589,.T.);
#6537=ORIENTED_EDGE('',*,*,#4587,.T.);
#6538=ORIENTED_EDGE('',*,*,#4583,.T.);
#6539=ORIENTED_EDGE('',*,*,#4586,.T.);
#6540=ORIENTED_EDGE('',*,*,#4590,.F.);
#6541=ORIENTED_EDGE('',*,*,#4591,.F.);
#6542=ORIENTED_EDGE('',*,*,#4592,.F.);
#6543=ORIENTED_EDGE('',*,*,#4593,.F.);
#6544=ORIENTED_EDGE('',*,*,#4593,.T.);
#6545=ORIENTED_EDGE('',*,*,#4594,.F.);
#6546=ORIENTED_EDGE('',*,*,#4595,.F.);
#6547=ORIENTED_EDGE('',*,*,#4596,.F.);
#6548=ORIENTED_EDGE('',*,*,#4592,.T.);
#6549=ORIENTED_EDGE('',*,*,#4597,.T.);
#6550=ORIENTED_EDGE('',*,*,#4598,.T.);
#6551=ORIENTED_EDGE('',*,*,#4599,.T.);
#6552=ORIENTED_EDGE('',*,*,#4600,.T.);
#6553=ORIENTED_EDGE('',*,*,#4601,.T.);
#6554=ORIENTED_EDGE('',*,*,#4594,.T.);
#6555=ORIENTED_EDGE('',*,*,#4602,.F.);
#6556=ORIENTED_EDGE('',*,*,#4603,.T.);
#6557=ORIENTED_EDGE('',*,*,#4598,.F.);
#6558=ORIENTED_EDGE('',*,*,#4604,.F.);
#6559=ORIENTED_EDGE('',*,*,#4605,.F.);
#6560=ORIENTED_EDGE('',*,*,#4606,.F.);
#6561=ORIENTED_EDGE('',*,*,#4599,.F.);
#6562=ORIENTED_EDGE('',*,*,#4603,.F.);
#6563=ORIENTED_EDGE('',*,*,#4606,.T.);
#6564=ORIENTED_EDGE('',*,*,#4607,.F.);
#6565=ORIENTED_EDGE('',*,*,#4608,.T.);
#6566=ORIENTED_EDGE('',*,*,#4600,.F.);
#6567=ORIENTED_EDGE('',*,*,#4591,.T.);
#6568=ORIENTED_EDGE('',*,*,#4609,.F.);
#6569=ORIENTED_EDGE('',*,*,#4604,.T.);
#6570=ORIENTED_EDGE('',*,*,#4597,.F.);
#6571=ORIENTED_EDGE('',*,*,#4610,.F.);
#6572=ORIENTED_EDGE('',*,*,#4595,.T.);
#6573=ORIENTED_EDGE('',*,*,#4601,.F.);
#6574=ORIENTED_EDGE('',*,*,#4608,.F.);
#6575=ORIENTED_EDGE('',*,*,#4590,.T.);
#6576=ORIENTED_EDGE('',*,*,#4596,.T.);
#6577=ORIENTED_EDGE('',*,*,#4610,.T.);
#6578=ORIENTED_EDGE('',*,*,#4607,.T.);
#6579=ORIENTED_EDGE('',*,*,#4605,.T.);
#6580=ORIENTED_EDGE('',*,*,#4602,.T.);
#6581=ORIENTED_EDGE('',*,*,#4609,.T.);
#6582=ORIENTED_EDGE('',*,*,#4611,.F.);
#6583=ORIENTED_EDGE('',*,*,#4612,.F.);
#6584=ORIENTED_EDGE('',*,*,#4613,.F.);
#6585=ORIENTED_EDGE('',*,*,#4614,.F.);
#6586=ORIENTED_EDGE('',*,*,#4613,.T.);
#6587=ORIENTED_EDGE('',*,*,#4615,.T.);
#6588=ORIENTED_EDGE('',*,*,#4616,.T.);
#6589=ORIENTED_EDGE('',*,*,#4617,.T.);
#6590=ORIENTED_EDGE('',*,*,#4612,.T.);
#6591=ORIENTED_EDGE('',*,*,#4618,.F.);
#6592=ORIENTED_EDGE('',*,*,#4619,.T.);
#6593=ORIENTED_EDGE('',*,*,#4615,.F.);
#6594=ORIENTED_EDGE('',*,*,#4620,.F.);
#6595=ORIENTED_EDGE('',*,*,#4621,.T.);
#6596=ORIENTED_EDGE('',*,*,#4616,.F.);
#6597=ORIENTED_EDGE('',*,*,#4619,.F.);
#6598=ORIENTED_EDGE('',*,*,#4614,.T.);
#6599=ORIENTED_EDGE('',*,*,#4617,.F.);
#6600=ORIENTED_EDGE('',*,*,#4621,.F.);
#6601=ORIENTED_EDGE('',*,*,#4622,.F.);
#6602=ORIENTED_EDGE('',*,*,#4611,.T.);
#6603=ORIENTED_EDGE('',*,*,#4622,.T.);
#6604=ORIENTED_EDGE('',*,*,#4620,.T.);
#6605=ORIENTED_EDGE('',*,*,#4618,.T.);
#6606=ORIENTED_EDGE('',*,*,#4623,.F.);
#6607=ORIENTED_EDGE('',*,*,#4624,.F.);
#6608=ORIENTED_EDGE('',*,*,#4625,.F.);
#6609=ORIENTED_EDGE('',*,*,#4626,.F.);
#6610=ORIENTED_EDGE('',*,*,#4625,.T.);
#6611=ORIENTED_EDGE('',*,*,#4627,.T.);
#6612=ORIENTED_EDGE('',*,*,#4628,.T.);
#6613=ORIENTED_EDGE('',*,*,#4629,.T.);
#6614=ORIENTED_EDGE('',*,*,#4624,.T.);
#6615=ORIENTED_EDGE('',*,*,#4630,.F.);
#6616=ORIENTED_EDGE('',*,*,#4631,.T.);
#6617=ORIENTED_EDGE('',*,*,#4627,.F.);
#6618=ORIENTED_EDGE('',*,*,#4632,.F.);
#6619=ORIENTED_EDGE('',*,*,#4633,.T.);
#6620=ORIENTED_EDGE('',*,*,#4628,.F.);
#6621=ORIENTED_EDGE('',*,*,#4631,.F.);
#6622=ORIENTED_EDGE('',*,*,#4626,.T.);
#6623=ORIENTED_EDGE('',*,*,#4629,.F.);
#6624=ORIENTED_EDGE('',*,*,#4633,.F.);
#6625=ORIENTED_EDGE('',*,*,#4634,.F.);
#6626=ORIENTED_EDGE('',*,*,#4623,.T.);
#6627=ORIENTED_EDGE('',*,*,#4634,.T.);
#6628=ORIENTED_EDGE('',*,*,#4632,.T.);
#6629=ORIENTED_EDGE('',*,*,#4630,.T.);
#6630=ORIENTED_EDGE('',*,*,#4635,.F.);
#6631=ORIENTED_EDGE('',*,*,#4636,.F.);
#6632=ORIENTED_EDGE('',*,*,#4637,.F.);
#6633=ORIENTED_EDGE('',*,*,#4638,.F.);
#6634=ORIENTED_EDGE('',*,*,#4638,.T.);
#6635=ORIENTED_EDGE('',*,*,#4639,.F.);
#6636=ORIENTED_EDGE('',*,*,#4640,.F.);
#6637=ORIENTED_EDGE('',*,*,#4641,.F.);
#6638=ORIENTED_EDGE('',*,*,#4637,.T.);
#6639=ORIENTED_EDGE('',*,*,#4642,.T.);
#6640=ORIENTED_EDGE('',*,*,#4643,.T.);
#6641=ORIENTED_EDGE('',*,*,#4644,.T.);
#6642=ORIENTED_EDGE('',*,*,#4645,.T.);
#6643=ORIENTED_EDGE('',*,*,#4646,.T.);
#6644=ORIENTED_EDGE('',*,*,#4639,.T.);
#6645=ORIENTED_EDGE('',*,*,#4647,.F.);
#6646=ORIENTED_EDGE('',*,*,#4648,.F.);
#6647=ORIENTED_EDGE('',*,*,#4643,.F.);
#6648=ORIENTED_EDGE('',*,*,#4649,.F.);
#6649=ORIENTED_EDGE('',*,*,#4650,.F.);
#6650=ORIENTED_EDGE('',*,*,#4651,.F.);
#6651=ORIENTED_EDGE('',*,*,#4644,.F.);
#6652=ORIENTED_EDGE('',*,*,#4648,.T.);
#6653=ORIENTED_EDGE('',*,*,#4651,.T.);
#6654=ORIENTED_EDGE('',*,*,#4652,.F.);
#6655=ORIENTED_EDGE('',*,*,#4653,.T.);
#6656=ORIENTED_EDGE('',*,*,#4645,.F.);
#6657=ORIENTED_EDGE('',*,*,#4636,.T.);
#6658=ORIENTED_EDGE('',*,*,#4654,.F.);
#6659=ORIENTED_EDGE('',*,*,#4649,.T.);
#6660=ORIENTED_EDGE('',*,*,#4642,.F.);
#6661=ORIENTED_EDGE('',*,*,#4655,.F.);
#6662=ORIENTED_EDGE('',*,*,#4640,.T.);
#6663=ORIENTED_EDGE('',*,*,#4646,.F.);
#6664=ORIENTED_EDGE('',*,*,#4653,.F.);
#6665=ORIENTED_EDGE('',*,*,#4635,.T.);
#6666=ORIENTED_EDGE('',*,*,#4641,.T.);
#6667=ORIENTED_EDGE('',*,*,#4655,.T.);
#6668=ORIENTED_EDGE('',*,*,#4652,.T.);
#6669=ORIENTED_EDGE('',*,*,#4650,.T.);
#6670=ORIENTED_EDGE('',*,*,#4647,.T.);
#6671=ORIENTED_EDGE('',*,*,#4654,.T.);
#6672=ORIENTED_EDGE('',*,*,#4656,.F.);
#6673=ORIENTED_EDGE('',*,*,#4657,.T.);
#6674=ORIENTED_EDGE('',*,*,#4658,.F.);
#6675=ORIENTED_EDGE('',*,*,#4659,.F.);
#6676=ORIENTED_EDGE('',*,*,#4660,.F.);
#6677=ORIENTED_EDGE('',*,*,#4659,.T.);
#6678=ORIENTED_EDGE('',*,*,#4661,.F.);
#6679=ORIENTED_EDGE('',*,*,#4662,.F.);
#6680=ORIENTED_EDGE('',*,*,#4663,.F.);
#6681=ORIENTED_EDGE('',*,*,#4662,.T.);
#6682=ORIENTED_EDGE('',*,*,#4664,.F.);
#6683=ORIENTED_EDGE('',*,*,#4665,.F.);
#6684=ORIENTED_EDGE('',*,*,#4666,.F.);
#6685=ORIENTED_EDGE('',*,*,#4665,.T.);
#6686=ORIENTED_EDGE('',*,*,#4667,.F.);
#6687=ORIENTED_EDGE('',*,*,#4657,.F.);
#6688=ORIENTED_EDGE('',*,*,#4667,.T.);
#6689=ORIENTED_EDGE('',*,*,#4664,.T.);
#6690=ORIENTED_EDGE('',*,*,#4661,.T.);
#6691=ORIENTED_EDGE('',*,*,#4658,.T.);
#6692=ORIENTED_EDGE('',*,*,#4666,.T.);
#6693=ORIENTED_EDGE('',*,*,#4656,.T.);
#6694=ORIENTED_EDGE('',*,*,#4660,.T.);
#6695=ORIENTED_EDGE('',*,*,#4663,.T.);
#6696=ORIENTED_EDGE('',*,*,#4668,.F.);
#6697=ORIENTED_EDGE('',*,*,#4669,.T.);
#6698=ORIENTED_EDGE('',*,*,#4670,.F.);
#6699=ORIENTED_EDGE('',*,*,#4671,.F.);
#6700=ORIENTED_EDGE('',*,*,#4672,.F.);
#6701=ORIENTED_EDGE('',*,*,#4671,.T.);
#6702=ORIENTED_EDGE('',*,*,#4673,.F.);
#6703=ORIENTED_EDGE('',*,*,#4674,.F.);
#6704=ORIENTED_EDGE('',*,*,#4675,.F.);
#6705=ORIENTED_EDGE('',*,*,#4674,.T.);
#6706=ORIENTED_EDGE('',*,*,#4676,.F.);
#6707=ORIENTED_EDGE('',*,*,#4677,.F.);
#6708=ORIENTED_EDGE('',*,*,#4678,.F.);
#6709=ORIENTED_EDGE('',*,*,#4677,.T.);
#6710=ORIENTED_EDGE('',*,*,#4679,.F.);
#6711=ORIENTED_EDGE('',*,*,#4669,.F.);
#6712=ORIENTED_EDGE('',*,*,#4679,.T.);
#6713=ORIENTED_EDGE('',*,*,#4676,.T.);
#6714=ORIENTED_EDGE('',*,*,#4673,.T.);
#6715=ORIENTED_EDGE('',*,*,#4670,.T.);
#6716=ORIENTED_EDGE('',*,*,#4678,.T.);
#6717=ORIENTED_EDGE('',*,*,#4668,.T.);
#6718=ORIENTED_EDGE('',*,*,#4672,.T.);
#6719=ORIENTED_EDGE('',*,*,#4675,.T.);
#6720=ORIENTED_EDGE('',*,*,#4680,.F.);
#6721=ORIENTED_EDGE('',*,*,#4681,.T.);
#6722=ORIENTED_EDGE('',*,*,#4682,.F.);
#6723=ORIENTED_EDGE('',*,*,#4683,.F.);
#6724=ORIENTED_EDGE('',*,*,#4684,.F.);
#6725=ORIENTED_EDGE('',*,*,#4683,.T.);
#6726=ORIENTED_EDGE('',*,*,#4685,.F.);
#6727=ORIENTED_EDGE('',*,*,#4686,.F.);
#6728=ORIENTED_EDGE('',*,*,#4687,.F.);
#6729=ORIENTED_EDGE('',*,*,#4686,.T.);
#6730=ORIENTED_EDGE('',*,*,#4688,.F.);
#6731=ORIENTED_EDGE('',*,*,#4689,.F.);
#6732=ORIENTED_EDGE('',*,*,#4690,.F.);
#6733=ORIENTED_EDGE('',*,*,#4689,.T.);
#6734=ORIENTED_EDGE('',*,*,#4691,.F.);
#6735=ORIENTED_EDGE('',*,*,#4681,.F.);
#6736=ORIENTED_EDGE('',*,*,#4691,.T.);
#6737=ORIENTED_EDGE('',*,*,#4688,.T.);
#6738=ORIENTED_EDGE('',*,*,#4685,.T.);
#6739=ORIENTED_EDGE('',*,*,#4682,.T.);
#6740=ORIENTED_EDGE('',*,*,#4690,.T.);
#6741=ORIENTED_EDGE('',*,*,#4680,.T.);
#6742=ORIENTED_EDGE('',*,*,#4684,.T.);
#6743=ORIENTED_EDGE('',*,*,#4687,.T.);
#6744=ORIENTED_EDGE('',*,*,#4692,.T.);
#6745=ORIENTED_EDGE('',*,*,#4693,.T.);
#6746=ORIENTED_EDGE('',*,*,#4694,.T.);
#6747=ORIENTED_EDGE('',*,*,#4695,.T.);
#6748=ORIENTED_EDGE('',*,*,#4696,.F.);
#6749=ORIENTED_EDGE('',*,*,#4695,.F.);
#6750=ORIENTED_EDGE('',*,*,#4697,.F.);
#6751=ORIENTED_EDGE('',*,*,#4698,.F.);
#6752=ORIENTED_EDGE('',*,*,#4699,.F.);
#6753=ORIENTED_EDGE('',*,*,#4698,.T.);
#6754=ORIENTED_EDGE('',*,*,#4700,.F.);
#6755=ORIENTED_EDGE('',*,*,#4701,.F.);
#6756=ORIENTED_EDGE('',*,*,#4702,.F.);
#6757=ORIENTED_EDGE('',*,*,#4701,.T.);
#6758=ORIENTED_EDGE('',*,*,#4703,.T.);
#6759=ORIENTED_EDGE('',*,*,#4693,.F.);
#6760=ORIENTED_EDGE('',*,*,#4703,.F.);
#6761=ORIENTED_EDGE('',*,*,#4700,.T.);
#6762=ORIENTED_EDGE('',*,*,#4697,.T.);
#6763=ORIENTED_EDGE('',*,*,#4694,.F.);
#6764=ORIENTED_EDGE('',*,*,#4702,.T.);
#6765=ORIENTED_EDGE('',*,*,#4692,.F.);
#6766=ORIENTED_EDGE('',*,*,#4696,.T.);
#6767=ORIENTED_EDGE('',*,*,#4699,.T.);
#6768=ORIENTED_EDGE('',*,*,#4704,.T.);
#6769=ORIENTED_EDGE('',*,*,#4705,.T.);
#6770=ORIENTED_EDGE('',*,*,#4706,.T.);
#6771=ORIENTED_EDGE('',*,*,#4707,.T.);
#6772=ORIENTED_EDGE('',*,*,#4708,.F.);
#6773=ORIENTED_EDGE('',*,*,#4707,.F.);
#6774=ORIENTED_EDGE('',*,*,#4709,.F.);
#6775=ORIENTED_EDGE('',*,*,#4710,.F.);
#6776=ORIENTED_EDGE('',*,*,#4711,.F.);
#6777=ORIENTED_EDGE('',*,*,#4710,.T.);
#6778=ORIENTED_EDGE('',*,*,#4712,.F.);
#6779=ORIENTED_EDGE('',*,*,#4713,.F.);
#6780=ORIENTED_EDGE('',*,*,#4714,.F.);
#6781=ORIENTED_EDGE('',*,*,#4713,.T.);
#6782=ORIENTED_EDGE('',*,*,#4715,.T.);
#6783=ORIENTED_EDGE('',*,*,#4705,.F.);
#6784=ORIENTED_EDGE('',*,*,#4715,.F.);
#6785=ORIENTED_EDGE('',*,*,#4712,.T.);
#6786=ORIENTED_EDGE('',*,*,#4709,.T.);
#6787=ORIENTED_EDGE('',*,*,#4706,.F.);
#6788=ORIENTED_EDGE('',*,*,#4714,.T.);
#6789=ORIENTED_EDGE('',*,*,#4704,.F.);
#6790=ORIENTED_EDGE('',*,*,#4708,.T.);
#6791=ORIENTED_EDGE('',*,*,#4711,.T.);
#6792=PLANE('',#7649);
#6793=PLANE('',#7652);
#6794=PLANE('',#7655);
#6795=PLANE('',#7656);
#6796=PLANE('',#7658);
#6797=PLANE('',#7660);
#6798=PLANE('',#7672);
#6799=PLANE('',#7673);
#6800=PLANE('',#7678);
#6801=PLANE('',#7682);
#6802=PLANE('',#7731);
#6803=PLANE('',#7734);
#6804=PLANE('',#7737);
#6805=PLANE('',#7740);
#6806=PLANE('',#7741);
#6807=PLANE('',#7749);
#6808=PLANE('',#7774);
#6809=PLANE('',#7775);
#6810=PLANE('',#7789);
#6811=PLANE('',#7791);
#6812=PLANE('',#7796);
#6813=PLANE('',#7797);
#6814=PLANE('',#7856);
#6815=PLANE('',#7857);
#6816=PLANE('',#7858);
#6817=PLANE('',#7859);
#6818=PLANE('',#7860);
#6819=PLANE('',#7861);
#6820=PLANE('',#7862);
#6821=PLANE('',#7863);
#6822=PLANE('',#7864);
#6823=PLANE('',#7865);
#6824=PLANE('',#7866);
#6825=PLANE('',#7867);
#6826=PLANE('',#7868);
#6827=PLANE('',#7869);
#6828=PLANE('',#7870);
#6829=PLANE('',#7871);
#6830=PLANE('',#7872);
#6831=PLANE('',#7873);
#6832=PLANE('',#7874);
#6833=PLANE('',#7875);
#6834=PLANE('',#7876);
#6835=PLANE('',#7877);
#6836=PLANE('',#7878);
#6837=PLANE('',#7879);
#6838=PLANE('',#7880);
#6839=PLANE('',#7881);
#6840=PLANE('',#7882);
#6841=PLANE('',#7883);
#6842=PLANE('',#7884);
#6843=PLANE('',#7885);
#6844=PLANE('',#7886);
#6845=PLANE('',#7887);
#6846=PLANE('',#7888);
#6847=PLANE('',#7889);
#6848=PLANE('',#7890);
#6849=PLANE('',#7891);
#6850=PLANE('',#7892);
#6851=PLANE('',#7893);
#6852=PLANE('',#7894);
#6853=PLANE('',#7895);
#6854=PLANE('',#7896);
#6855=PLANE('',#7897);
#6856=PLANE('',#7898);
#6857=PLANE('',#7899);
#6858=PLANE('',#7900);
#6859=PLANE('',#7901);
#6860=PLANE('',#7902);
#6861=PLANE('',#7903);
#6862=PLANE('',#7904);
#6863=PLANE('',#7905);
#6864=PLANE('',#7950);
#6865=PLANE('',#7951);
#6866=PLANE('',#7952);
#6867=PLANE('',#7953);
#6868=PLANE('',#7954);
#6869=PLANE('',#7955);
#6870=PLANE('',#7956);
#6871=PLANE('',#7957);
#6872=PLANE('',#7958);
#6873=PLANE('',#7959);
#6874=PLANE('',#7960);
#6875=PLANE('',#7961);
#6876=PLANE('',#7962);
#6877=PLANE('',#7963);
#6878=PLANE('',#7964);
#6879=PLANE('',#7965);
#6880=PLANE('',#7966);
#6881=PLANE('',#7974);
#6882=PLANE('',#7975);
#6883=PLANE('',#7976);
#6884=PLANE('',#7977);
#6885=PLANE('',#7982);
#6886=PLANE('',#7983);
#6887=PLANE('',#7988);
#6888=PLANE('',#7990);
#6889=PLANE('',#7991);
#6890=PLANE('',#7993);
#6891=PLANE('',#7994);
#6892=PLANE('',#7997);
#6893=PLANE('',#7998);
#6894=PLANE('',#7999);
#6895=PLANE('',#8000);
#6896=PLANE('',#8001);
#6897=PLANE('',#8002);
#6898=PLANE('',#8003);
#6899=PLANE('',#8004);
#6900=PLANE('',#8005);
#6901=PLANE('',#8006);
#6902=PLANE('',#8008);
#6903=PLANE('',#8009);
#6904=PLANE('',#8011);
#6905=PLANE('',#8012);
#6906=PLANE('',#8013);
#6907=PLANE('',#8014);
#6908=PLANE('',#8016);
#6909=PLANE('',#8024);
#6910=PLANE('',#8025);
#6911=PLANE('',#8026);
#6912=PLANE('',#8027);
#6913=PLANE('',#8032);
#6914=PLANE('',#8033);
#6915=PLANE('',#8038);
#6916=PLANE('',#8040);
#6917=PLANE('',#8041);
#6918=PLANE('',#8043);
#6919=PLANE('',#8044);
#6920=PLANE('',#8047);
#6921=PLANE('',#8048);
#6922=PLANE('',#8049);
#6923=PLANE('',#8050);
#6924=PLANE('',#8051);
#6925=PLANE('',#8052);
#6926=PLANE('',#8053);
#6927=PLANE('',#8054);
#6928=PLANE('',#8055);
#6929=PLANE('',#8056);
#6930=PLANE('',#8058);
#6931=PLANE('',#8059);
#6932=PLANE('',#8061);
#6933=PLANE('',#8062);
#6934=PLANE('',#8063);
#6935=PLANE('',#8064);
#6936=PLANE('',#8066);
#6937=PLANE('',#8067);
#6938=PLANE('',#8068);
#6939=PLANE('',#8069);
#6940=PLANE('',#8070);
#6941=PLANE('',#8071);
#6942=PLANE('',#8072);
#6943=PLANE('',#8073);
#6944=PLANE('',#8074);
#6945=PLANE('',#8075);
#6946=PLANE('',#8076);
#6947=PLANE('',#8077);
#6948=PLANE('',#8078);
#6949=PLANE('',#8085);
#6950=PLANE('',#8086);
#6951=PLANE('',#8087);
#6952=PLANE('',#8088);
#6953=PLANE('',#8089);
#6954=PLANE('',#8090);
#6955=PLANE('',#8091);
#6956=PLANE('',#8092);
#6957=PLANE('',#8093);
#6958=PLANE('',#8094);
#6959=PLANE('',#8095);
#6960=PLANE('',#8096);
#6961=PLANE('',#8097);
#6962=PLANE('',#8098);
#6963=PLANE('',#8099);
#6964=PLANE('',#8100);
#6965=PLANE('',#8101);
#6966=PLANE('',#8102);
#6967=PLANE('',#8103);
#6968=PLANE('',#8104);
#6969=PLANE('',#8105);
#6970=PLANE('',#8106);
#6971=PLANE('',#8107);
#6972=PLANE('',#8108);
#6973=PLANE('',#8109);
#6974=PLANE('',#8110);
#6975=PLANE('',#8111);
#6976=PLANE('',#8112);
#6977=PLANE('',#8113);
#6978=PLANE('',#8114);
#6979=PLANE('',#8115);
#6980=PLANE('',#8116);
#6981=PLANE('',#8117);
#6982=PLANE('',#8118);
#6983=PLANE('',#8119);
#6984=PLANE('',#8120);
#6985=PLANE('',#8121);
#6986=PLANE('',#8122);
#6987=PLANE('',#8123);
#6988=PLANE('',#8124);
#6989=PLANE('',#8125);
#6990=PLANE('',#8126);
#6991=PLANE('',#8127);
#6992=PLANE('',#8128);
#6993=PLANE('',#8132);
#6994=PLANE('',#8133);
#6995=PLANE('',#8134);
#6996=PLANE('',#8135);
#6997=PLANE('',#8136);
#6998=PLANE('',#8137);
#6999=PLANE('',#8138);
#7000=PLANE('',#8139);
#7001=PLANE('',#8140);
#7002=PLANE('',#8141);
#7003=PLANE('',#8142);
#7004=PLANE('',#8143);
#7005=PLANE('',#8144);
#7006=PLANE('',#8145);
#7007=PLANE('',#8146);
#7008=PLANE('',#8147);
#7009=PLANE('',#8148);
#7010=PLANE('',#8149);
#7011=PLANE('',#8150);
#7012=PLANE('',#8151);
#7013=PLANE('',#8152);
#7014=PLANE('',#8153);
#7015=PLANE('',#8154);
#7016=PLANE('',#8155);
#7017=PLANE('',#8156);
#7018=PLANE('',#8157);
#7019=PLANE('',#8158);
#7020=PLANE('',#8159);
#7021=PLANE('',#8160);
#7022=PLANE('',#8161);
#7023=PLANE('',#8162);
#7024=PLANE('',#8163);
#7025=PLANE('',#8164);
#7026=PLANE('',#8165);
#7027=PLANE('',#8166);
#7028=PLANE('',#8167);
#7029=PLANE('',#8168);
#7030=PLANE('',#8169);
#7031=PLANE('',#8170);
#7032=PLANE('',#8171);
#7033=PLANE('',#8172);
#7034=PLANE('',#8173);
#7035=PLANE('',#8174);
#7036=PLANE('',#8175);
#7037=PLANE('',#8176);
#7038=PLANE('',#8177);
#7039=PLANE('',#8178);
#7040=PLANE('',#8179);
#7041=PLANE('',#8180);
#7042=PLANE('',#8181);
#7043=PLANE('',#8182);
#7044=PLANE('',#8183);
#7045=PLANE('',#8184);
#7046=PLANE('',#8185);
#7047=PLANE('',#8186);
#7048=PLANE('',#8187);
#7049=PLANE('',#8188);
#7050=PLANE('',#8189);
#7051=PLANE('',#8190);
#7052=PLANE('',#8191);
#7053=PLANE('',#8192);
#7054=PLANE('',#8193);
#7055=PLANE('',#8194);
#7056=PLANE('',#8195);
#7057=PLANE('',#8196);
#7058=PLANE('',#8197);
#7059=PLANE('',#8198);
#7060=PLANE('',#8199);
#7061=PLANE('',#8200);
#7062=PLANE('',#8201);
#7063=PLANE('',#8202);
#7064=PLANE('',#8203);
#7065=PLANE('',#8204);
#7066=PLANE('',#8205);
#7067=PLANE('',#8206);
#7068=PLANE('',#8207);
#7069=PLANE('',#8208);
#7070=PLANE('',#8209);
#7071=PLANE('',#8210);
#7072=PLANE('',#8211);
#7073=PLANE('',#8212);
#7074=PLANE('',#8213);
#7075=PLANE('',#8214);
#7076=PLANE('',#8215);
#7077=PLANE('',#8216);
#7078=PLANE('',#8217);
#7079=PLANE('',#8218);
#7080=PLANE('',#8219);
#7081=PLANE('',#8220);
#7082=PLANE('',#8221);
#7083=PLANE('',#8222);
#7084=PLANE('',#8223);
#7085=PLANE('',#8224);
#7086=PLANE('',#8225);
#7087=PLANE('',#8226);
#7088=PLANE('',#8227);
#7089=PLANE('',#8228);
#7090=PLANE('',#8229);
#7091=PLANE('',#8230);
#7092=PLANE('',#8231);
#7093=PLANE('',#8232);
#7094=PLANE('',#8233);
#7095=PLANE('',#8234);
#7096=PLANE('',#8235);
#7097=PLANE('',#8236);
#7098=PLANE('',#8237);
#7099=PLANE('',#8238);
#7100=PLANE('',#8239);
#7101=PLANE('',#8240);
#7102=PLANE('',#8241);
#7103=PLANE('',#8242);
#7104=PLANE('',#8243);
#7105=PLANE('',#8244);
#7106=PLANE('',#8245);
#7107=PLANE('',#8246);
#7108=PLANE('',#8247);
#7109=PLANE('',#8248);
#7110=PLANE('',#8249);
#7111=PLANE('',#8250);
#7112=PLANE('',#8251);
#7113=PLANE('',#8252);
#7114=ADVANCED_FACE('',(#416),#6792,.F.);
#7115=ADVANCED_FACE('',(#417),#6793,.T.);
#7116=ADVANCED_FACE('',(#418),#355,.T.);
#7117=ADVANCED_FACE('',(#419),#6794,.T.);
#7118=ADVANCED_FACE('',(#420),#6795,.T.);
#7119=ADVANCED_FACE('',(#421),#6796,.T.);
#7120=ADVANCED_FACE('',(#422),#6797,.T.);
#7121=ADVANCED_FACE('',(#423),#356,.T.);
#7122=ADVANCED_FACE('',(#424),#311,.T.);
#7123=ADVANCED_FACE('',(#425),#312,.T.);
#7124=ADVANCED_FACE('',(#426),#357,.T.);
#7125=ADVANCED_FACE('',(#427),#358,.T.);
#7126=ADVANCED_FACE('',(#428),#359,.T.);
#7127=ADVANCED_FACE('',(#429),#6798,.T.);
#7128=ADVANCED_FACE('',(#430),#6799,.F.);
#7129=ADVANCED_FACE('',(#431),#360,.F.);
#7130=ADVANCED_FACE('',(#432),#6800,.T.);
#7131=ADVANCED_FACE('',(#433),#361,.F.);
#7132=ADVANCED_FACE('',(#434),#6801,.T.);
#7133=ADVANCED_FACE('',(#435),#166,.F.);
#7134=ADVANCED_FACE('',(#436),#167,.F.);
#7135=ADVANCED_FACE('',(#437),#362,.T.);
#7136=ADVANCED_FACE('',(#438),#313,.T.);
#7137=ADVANCED_FACE('',(#439),#363,.T.);
#7138=ADVANCED_FACE('',(#440),#314,.T.);
#7139=ADVANCED_FACE('',(#441),#364,.T.);
#7140=ADVANCED_FACE('',(#442),#315,.T.);
#7141=ADVANCED_FACE('',(#443),#168,.F.);
#7142=ADVANCED_FACE('',(#444),#316,.T.);
#7143=ADVANCED_FACE('',(#445),#365,.T.);
#7144=ADVANCED_FACE('',(#446),#317,.T.);
#7145=ADVANCED_FACE('',(#447),#169,.F.);
#7146=ADVANCED_FACE('',(#448),#318,.T.);
#7147=ADVANCED_FACE('',(#449),#366,.T.);
#7148=ADVANCED_FACE('',(#450),#319,.T.);
#7149=ADVANCED_FACE('',(#451),#367,.T.);
#7150=ADVANCED_FACE('',(#452),#320,.T.);
#7151=ADVANCED_FACE('',(#453),#368,.T.);
#7152=ADVANCED_FACE('',(#454),#321,.T.);
#7153=ADVANCED_FACE('',(#455),#322,.T.);
#7154=ADVANCED_FACE('',(#456),#58,.T.);
#7155=ADVANCED_FACE('',(#457),#170,.F.);
#7156=ADVANCED_FACE('',(#458),#6802,.T.);
#7157=ADVANCED_FACE('',(#459),#171,.F.);
#7158=ADVANCED_FACE('',(#460),#59,.T.);
#7159=ADVANCED_FACE('',(#461),#172,.F.);
#7160=ADVANCED_FACE('',(#462),#6803,.T.);
#7161=ADVANCED_FACE('',(#463),#369,.T.);
#7162=ADVANCED_FACE('',(#464,#45),#6804,.T.);
#7163=ADVANCED_FACE('',(#465),#370,.T.);
#7164=ADVANCED_FACE('',(#466),#6805,.T.);
#7165=ADVANCED_FACE('',(#467),#6806,.F.);
#7166=ADVANCED_FACE('',(#468),#371,.T.);
#7167=ADVANCED_FACE('',(#469),#323,.T.);
#7168=ADVANCED_FACE('',(#470),#372,.T.);
#7169=ADVANCED_FACE('',(#471),#6807,.T.);
#7170=ADVANCED_FACE('',(#472),#173,.F.);
#7171=ADVANCED_FACE('',(#473),#324,.T.);
#7172=ADVANCED_FACE('',(#474),#174,.F.);
#7173=ADVANCED_FACE('',(#475),#325,.T.);
#7174=ADVANCED_FACE('',(#476),#373,.T.);
#7175=ADVANCED_FACE('',(#477),#326,.T.);
#7176=ADVANCED_FACE('',(#478),#175,.F.);
#7177=ADVANCED_FACE('',(#479),#327,.T.);
#7178=ADVANCED_FACE('',(#480),#374,.T.);
#7179=ADVANCED_FACE('',(#481),#328,.T.);
#7180=ADVANCED_FACE('',(#482),#375,.T.);
#7181=ADVANCED_FACE('',(#483),#376,.T.);
#7182=ADVANCED_FACE('',(#484),#329,.T.);
#7183=ADVANCED_FACE('',(#485,#46),#6808,.T.);
#7184=ADVANCED_FACE('',(#486),#6809,.T.);
#7185=ADVANCED_FACE('',(#487),#176,.F.);
#7186=ADVANCED_FACE('',(#488),#330,.T.);
#7187=ADVANCED_FACE('',(#489),#377,.T.);
#7188=ADVANCED_FACE('',(#490),#331,.T.);
#7189=ADVANCED_FACE('',(#491),#378,.T.);
#7190=ADVANCED_FACE('',(#492),#177,.F.);
#7191=ADVANCED_FACE('',(#493),#332,.T.);
#7192=ADVANCED_FACE('',(#494),#60,.T.);
#7193=ADVANCED_FACE('',(#495),#379,.T.);
#7194=ADVANCED_FACE('',(#496),#178,.F.);
#7195=ADVANCED_FACE('',(#497),#179,.F.);
#7196=ADVANCED_FACE('',(#498),#6810,.T.);
#7197=ADVANCED_FACE('',(#499),#61,.T.);
#7198=ADVANCED_FACE('',(#500),#6811,.T.);
#7199=ADVANCED_FACE('',(#501),#380,.T.);
#7200=ADVANCED_FACE('',(#502),#180,.T.);
#7201=ADVANCED_FACE('',(#503),#381,.T.);
#7202=ADVANCED_FACE('',(#504,#47),#6812,.F.);
#7203=ADVANCED_FACE('',(#505),#181,.T.);
#7204=ADVANCED_FACE('',(#506,#48),#6813,.T.);
#7205=ADVANCED_FACE('',(#507),#40,.T.);
#7206=ADVANCED_FACE('',(#508),#382,.F.);
#7207=ADVANCED_FACE('',(#509),#39,.T.);
#7208=ADVANCED_FACE('',(#510),#383,.T.);
#7209=ADVANCED_FACE('',(#511),#384,.T.);
#7210=ADVANCED_FACE('',(#512),#385,.T.);
#7211=ADVANCED_FACE('',(#513),#386,.T.);
#7212=ADVANCED_FACE('',(#514),#387,.T.);
#7213=ADVANCED_FACE('',(#515),#388,.T.);
#7214=ADVANCED_FACE('',(#516),#6814,.T.);
#7215=ADVANCED_FACE('',(#517),#182,.T.);
#7216=ADVANCED_FACE('',(#518),#6815,.T.);
#7217=ADVANCED_FACE('',(#519),#62,.T.);
#7218=ADVANCED_FACE('',(#520),#6816,.T.);
#7219=ADVANCED_FACE('',(#521),#6817,.T.);
#7220=ADVANCED_FACE('',(#522),#183,.T.);
#7221=ADVANCED_FACE('',(#523),#6818,.T.);
#7222=ADVANCED_FACE('',(#524),#63,.T.);
#7223=ADVANCED_FACE('',(#525),#184,.T.);
#7224=ADVANCED_FACE('',(#526),#6819,.T.);
#7225=ADVANCED_FACE('',(#527),#64,.T.);
#7226=ADVANCED_FACE('',(#528),#6820,.T.);
#7227=ADVANCED_FACE('',(#529),#185,.T.);
#7228=ADVANCED_FACE('',(#530),#6821,.T.);
#7229=ADVANCED_FACE('',(#531),#6822,.T.);
#7230=ADVANCED_FACE('',(#532),#186,.T.);
#7231=ADVANCED_FACE('',(#533),#6823,.T.);
#7232=ADVANCED_FACE('',(#534),#65,.T.);
#7233=ADVANCED_FACE('',(#535),#6824,.T.);
#7234=ADVANCED_FACE('',(#536),#187,.T.);
#7235=ADVANCED_FACE('',(#537),#6825,.T.);
#7236=ADVANCED_FACE('',(#538),#6826,.T.);
#7237=ADVANCED_FACE('',(#539),#188,.T.);
#7238=ADVANCED_FACE('',(#540),#6827,.T.);
#7239=ADVANCED_FACE('',(#541),#66,.T.);
#7240=ADVANCED_FACE('',(#542),#6828,.T.);
#7241=ADVANCED_FACE('',(#543),#6829,.T.);
#7242=ADVANCED_FACE('',(#544),#189,.T.);
#7243=ADVANCED_FACE('',(#545),#6830,.T.);
#7244=ADVANCED_FACE('',(#546),#67,.T.);
#7245=ADVANCED_FACE('',(#547),#190,.T.);
#7246=ADVANCED_FACE('',(#548),#6831,.T.);
#7247=ADVANCED_FACE('',(#549),#68,.T.);
#7248=ADVANCED_FACE('',(#550),#6832,.T.);
#7249=ADVANCED_FACE('',(#551),#191,.T.);
#7250=ADVANCED_FACE('',(#552),#6833,.T.);
#7251=ADVANCED_FACE('',(#553),#6834,.T.);
#7252=ADVANCED_FACE('',(#554),#192,.T.);
#7253=ADVANCED_FACE('',(#555),#6835,.T.);
#7254=ADVANCED_FACE('',(#556),#69,.T.);
#7255=ADVANCED_FACE('',(#557),#6836,.T.);
#7256=ADVANCED_FACE('',(#558),#193,.T.);
#7257=ADVANCED_FACE('',(#559),#6837,.T.);
#7258=ADVANCED_FACE('',(#560),#6838,.T.);
#7259=ADVANCED_FACE('',(#561),#6839,.T.);
#7260=ADVANCED_FACE('',(#562),#6840,.T.);
#7261=ADVANCED_FACE('',(#563),#6841,.T.);
#7262=ADVANCED_FACE('',(#564),#70,.T.);
#7263=ADVANCED_FACE('',(#565),#6842,.T.);
#7264=ADVANCED_FACE('',(#566),#6843,.T.);
#7265=ADVANCED_FACE('',(#567),#6844,.T.);
#7266=ADVANCED_FACE('',(#568),#71,.T.);
#7267=ADVANCED_FACE('',(#569),#6845,.T.);
#7268=ADVANCED_FACE('',(#570),#6846,.T.);
#7269=ADVANCED_FACE('',(#571),#6847,.T.);
#7270=ADVANCED_FACE('',(#572),#6848,.T.);
#7271=ADVANCED_FACE('',(#573),#72,.T.);
#7272=ADVANCED_FACE('',(#574),#6849,.T.);
#7273=ADVANCED_FACE('',(#575),#73,.T.);
#7274=ADVANCED_FACE('',(#576),#6850,.T.);
#7275=ADVANCED_FACE('',(#577),#6851,.T.);
#7276=ADVANCED_FACE('',(#578),#6852,.T.);
#7277=ADVANCED_FACE('',(#579),#6853,.T.);
#7278=ADVANCED_FACE('',(#580),#6854,.T.);
#7279=ADVANCED_FACE('',(#581),#6855,.T.);
#7280=ADVANCED_FACE('',(#582),#6856,.F.);
#7281=ADVANCED_FACE('',(#583),#6857,.T.);
#7282=ADVANCED_FACE('',(#584),#6858,.T.);
#7283=ADVANCED_FACE('',(#585),#6859,.T.);
#7284=ADVANCED_FACE('',(#586),#6860,.T.);
#7285=ADVANCED_FACE('',(#587),#6861,.T.);
#7286=ADVANCED_FACE('',(#588),#6862,.F.);
#7287=ADVANCED_FACE('',(#589),#6863,.F.);
#7288=ADVANCED_FACE('',(#590),#333,.T.);
#7289=ADVANCED_FACE('',(#591),#334,.T.);
#7290=ADVANCED_FACE('',(#592),#389,.T.);
#7291=ADVANCED_FACE('',(#593),#335,.T.);
#7292=ADVANCED_FACE('',(#594),#390,.T.);
#7293=ADVANCED_FACE('',(#595),#336,.T.);
#7294=ADVANCED_FACE('',(#596),#391,.T.);
#7295=ADVANCED_FACE('',(#597),#337,.T.);
#7296=ADVANCED_FACE('',(#598),#392,.T.);
#7297=ADVANCED_FACE('',(#599),#393,.T.);
#7298=ADVANCED_FACE('',(#600),#338,.T.);
#7299=ADVANCED_FACE('',(#601),#394,.T.);
#7300=ADVANCED_FACE('',(#602),#339,.T.);
#7301=ADVANCED_FACE('',(#603),#395,.T.);
#7302=ADVANCED_FACE('',(#604),#396,.T.);
#7303=ADVANCED_FACE('',(#605),#340,.T.);
#7304=ADVANCED_FACE('',(#606),#397,.T.);
#7305=ADVANCED_FACE('',(#607),#398,.T.);
#7306=ADVANCED_FACE('',(#608),#399,.T.);
#7307=ADVANCED_FACE('',(#609),#400,.T.);
#7308=ADVANCED_FACE('',(#610),#6864,.T.);
#7309=ADVANCED_FACE('',(#611),#6865,.T.);
#7310=ADVANCED_FACE('',(#612),#6866,.T.);
#7311=ADVANCED_FACE('',(#613),#6867,.T.);
#7312=ADVANCED_FACE('',(#614),#6868,.T.);
#7313=ADVANCED_FACE('',(#615),#6869,.T.);
#7314=ADVANCED_FACE('',(#616),#6870,.T.);
#7315=ADVANCED_FACE('',(#617),#6871,.T.);
#7316=ADVANCED_FACE('',(#618),#6872,.T.);
#7317=ADVANCED_FACE('',(#619),#6873,.T.);
#7318=ADVANCED_FACE('',(#620),#6874,.T.);
#7319=ADVANCED_FACE('',(#621),#6875,.T.);
#7320=ADVANCED_FACE('',(#622),#6876,.T.);
#7321=ADVANCED_FACE('',(#623),#6877,.T.);
#7322=ADVANCED_FACE('',(#624),#6878,.T.);
#7323=ADVANCED_FACE('',(#625),#6879,.T.);
#7324=ADVANCED_FACE('',(#626),#6880,.T.);
#7325=ADVANCED_FACE('',(#627),#41,.T.);
#7326=ADVANCED_FACE('',(#628),#401,.T.);
#7327=ADVANCED_FACE('',(#629),#42,.T.);
#7328=ADVANCED_FACE('',(#630),#6881,.T.);
#7329=ADVANCED_FACE('',(#631),#6882,.T.);
#7330=ADVANCED_FACE('',(#632),#6883,.T.);
#7331=ADVANCED_FACE('',(#633,#49),#6884,.F.);
#7332=ADVANCED_FACE('',(#634),#6885,.T.);
#7333=ADVANCED_FACE('',(#635,#50),#6886,.T.);
#7334=ADVANCED_FACE('',(#636),#6887,.T.);
#7335=ADVANCED_FACE('',(#637),#6888,.T.);
#7336=ADVANCED_FACE('',(#638),#6889,.F.);
#7337=ADVANCED_FACE('',(#639),#6890,.F.);
#7338=ADVANCED_FACE('',(#640),#6891,.T.);
#7339=ADVANCED_FACE('',(#641),#402,.F.);
#7340=ADVANCED_FACE('',(#642),#403,.T.);
#7341=ADVANCED_FACE('',(#643),#6892,.T.);
#7342=ADVANCED_FACE('',(#644),#6893,.T.);
#7343=ADVANCED_FACE('',(#645),#6894,.T.);
#7344=ADVANCED_FACE('',(#646),#6895,.T.);
#7345=ADVANCED_FACE('',(#647),#6896,.T.);
#7346=ADVANCED_FACE('',(#648),#6897,.T.);
#7347=ADVANCED_FACE('',(#649),#6898,.T.);
#7348=ADVANCED_FACE('',(#650),#6899,.T.);
#7349=ADVANCED_FACE('',(#651),#6900,.T.);
#7350=ADVANCED_FACE('',(#652),#6901,.T.);
#7351=ADVANCED_FACE('',(#653),#404,.T.);
#7352=ADVANCED_FACE('',(#654),#6902,.T.);
#7353=ADVANCED_FACE('',(#655),#6903,.T.);
#7354=ADVANCED_FACE('',(#656),#405,.T.);
#7355=ADVANCED_FACE('',(#657),#6904,.T.);
#7356=ADVANCED_FACE('',(#658),#6905,.T.);
#7357=ADVANCED_FACE('',(#659),#6906,.T.);
#7358=ADVANCED_FACE('',(#660),#6907,.T.);
#7359=ADVANCED_FACE('',(#661),#406,.T.);
#7360=ADVANCED_FACE('',(#662),#6908,.T.);
#7361=ADVANCED_FACE('',(#663),#43,.T.);
#7362=ADVANCED_FACE('',(#664),#407,.T.);
#7363=ADVANCED_FACE('',(#665),#44,.T.);
#7364=ADVANCED_FACE('',(#666),#6909,.T.);
#7365=ADVANCED_FACE('',(#667),#6910,.T.);
#7366=ADVANCED_FACE('',(#668),#6911,.T.);
#7367=ADVANCED_FACE('',(#669,#51),#6912,.F.);
#7368=ADVANCED_FACE('',(#670),#6913,.T.);
#7369=ADVANCED_FACE('',(#671,#52),#6914,.T.);
#7370=ADVANCED_FACE('',(#672),#6915,.T.);
#7371=ADVANCED_FACE('',(#673),#6916,.T.);
#7372=ADVANCED_FACE('',(#674),#6917,.F.);
#7373=ADVANCED_FACE('',(#675),#6918,.F.);
#7374=ADVANCED_FACE('',(#676),#6919,.T.);
#7375=ADVANCED_FACE('',(#677),#408,.F.);
#7376=ADVANCED_FACE('',(#678),#409,.T.);
#7377=ADVANCED_FACE('',(#679),#6920,.T.);
#7378=ADVANCED_FACE('',(#680),#6921,.T.);
#7379=ADVANCED_FACE('',(#681),#6922,.T.);
#7380=ADVANCED_FACE('',(#682),#6923,.T.);
#7381=ADVANCED_FACE('',(#683),#6924,.T.);
#7382=ADVANCED_FACE('',(#684),#6925,.T.);
#7383=ADVANCED_FACE('',(#685),#6926,.T.);
#7384=ADVANCED_FACE('',(#686),#6927,.T.);
#7385=ADVANCED_FACE('',(#687),#6928,.T.);
#7386=ADVANCED_FACE('',(#688),#6929,.T.);
#7387=ADVANCED_FACE('',(#689),#410,.T.);
#7388=ADVANCED_FACE('',(#690),#6930,.T.);
#7389=ADVANCED_FACE('',(#691),#6931,.T.);
#7390=ADVANCED_FACE('',(#692),#411,.T.);
#7391=ADVANCED_FACE('',(#693),#6932,.T.);
#7392=ADVANCED_FACE('',(#694),#6933,.T.);
#7393=ADVANCED_FACE('',(#695),#6934,.T.);
#7394=ADVANCED_FACE('',(#696),#6935,.T.);
#7395=ADVANCED_FACE('',(#697),#412,.T.);
#7396=ADVANCED_FACE('',(#698),#6936,.T.);
#7397=ADVANCED_FACE('',(#699),#6937,.T.);
#7398=ADVANCED_FACE('',(#700),#6938,.T.);
#7399=ADVANCED_FACE('',(#701),#6939,.T.);
#7400=ADVANCED_FACE('',(#702),#6940,.T.);
#7401=ADVANCED_FACE('',(#703),#6941,.T.);
#7402=ADVANCED_FACE('',(#704),#6942,.F.);
#7403=ADVANCED_FACE('',(#705),#6943,.T.);
#7404=ADVANCED_FACE('',(#706),#6944,.T.);
#7405=ADVANCED_FACE('',(#707),#6945,.T.);
#7406=ADVANCED_FACE('',(#708),#6946,.T.);
#7407=ADVANCED_FACE('',(#709),#6947,.T.);
#7408=ADVANCED_FACE('',(#710),#6948,.F.);
#7409=ADVANCED_FACE('',(#711),#413,.F.);
#7410=ADVANCED_FACE('',(#712),#414,.F.);
#7411=ADVANCED_FACE('',(#713),#6949,.F.);
#7412=ADVANCED_FACE('',(#714),#6950,.F.);
#7413=ADVANCED_FACE('',(#715,#53),#6951,.F.);
#7414=ADVANCED_FACE('',(#716),#6952,.F.);
#7415=ADVANCED_FACE('',(#717,#54),#6953,.F.);
#7416=ADVANCED_FACE('',(#718),#6954,.T.);
#7417=ADVANCED_FACE('',(#719),#6955,.T.);
#7418=ADVANCED_FACE('',(#720),#6956,.T.);
#7419=ADVANCED_FACE('',(#721,#55),#6957,.T.);
#7420=ADVANCED_FACE('',(#722,#56),#6958,.T.);
#7421=ADVANCED_FACE('',(#723),#6959,.T.);
#7422=ADVANCED_FACE('',(#724),#6960,.F.);
#7423=ADVANCED_FACE('',(#725),#6961,.T.);
#7424=ADVANCED_FACE('',(#726),#6962,.T.);
#7425=ADVANCED_FACE('',(#727),#6963,.T.);
#7426=ADVANCED_FACE('',(#728),#6964,.T.);
#7427=ADVANCED_FACE('',(#729),#6965,.T.);
#7428=ADVANCED_FACE('',(#730),#6966,.F.);
#7429=ADVANCED_FACE('',(#731),#6967,.T.);
#7430=ADVANCED_FACE('',(#732),#6968,.T.);
#7431=ADVANCED_FACE('',(#733),#6969,.T.);
#7432=ADVANCED_FACE('',(#734),#6970,.T.);
#7433=ADVANCED_FACE('',(#735),#6971,.T.);
#7434=ADVANCED_FACE('',(#736),#6972,.F.);
#7435=ADVANCED_FACE('',(#737),#6973,.T.);
#7436=ADVANCED_FACE('',(#738),#6974,.T.);
#7437=ADVANCED_FACE('',(#739),#6975,.T.);
#7438=ADVANCED_FACE('',(#740),#6976,.T.);
#7439=ADVANCED_FACE('',(#741),#6977,.T.);
#7440=ADVANCED_FACE('',(#742),#6978,.F.);
#7441=ADVANCED_FACE('',(#743),#6979,.T.);
#7442=ADVANCED_FACE('',(#744),#6980,.T.);
#7443=ADVANCED_FACE('',(#745),#6981,.T.);
#7444=ADVANCED_FACE('',(#746),#6982,.T.);
#7445=ADVANCED_FACE('',(#747),#6983,.T.);
#7446=ADVANCED_FACE('',(#748),#6984,.F.);
#7447=ADVANCED_FACE('',(#749),#6985,.T.);
#7448=ADVANCED_FACE('',(#750),#6986,.T.);
#7449=ADVANCED_FACE('',(#751),#6987,.T.);
#7450=ADVANCED_FACE('',(#752),#6988,.T.);
#7451=ADVANCED_FACE('',(#753),#6989,.T.);
#7452=ADVANCED_FACE('',(#754),#6990,.T.);
#7453=ADVANCED_FACE('',(#755),#6991,.T.);
#7454=ADVANCED_FACE('',(#756),#6992,.F.);
#7455=ADVANCED_FACE('',(#757),#415,.T.);
#7456=ADVANCED_FACE('',(#758),#6993,.T.);
#7457=ADVANCED_FACE('',(#759),#6994,.T.);
#7458=ADVANCED_FACE('',(#760),#6995,.T.);
#7459=ADVANCED_FACE('',(#761),#6996,.T.);
#7460=ADVANCED_FACE('',(#762),#6997,.T.);
#7461=ADVANCED_FACE('',(#763,#57),#6998,.T.);
#7462=ADVANCED_FACE('',(#764),#6999,.F.);
#7463=ADVANCED_FACE('',(#765),#7000,.T.);
#7464=ADVANCED_FACE('',(#766),#7001,.T.);
#7465=ADVANCED_FACE('',(#767),#7002,.T.);
#7466=ADVANCED_FACE('',(#768),#7003,.T.);
#7467=ADVANCED_FACE('',(#769),#7004,.T.);
#7468=ADVANCED_FACE('',(#770),#7005,.F.);
#7469=ADVANCED_FACE('',(#771),#7006,.T.);
#7470=ADVANCED_FACE('',(#772),#7007,.T.);
#7471=ADVANCED_FACE('',(#773),#7008,.T.);
#7472=ADVANCED_FACE('',(#774),#7009,.T.);
#7473=ADVANCED_FACE('',(#775),#7010,.T.);
#7474=ADVANCED_FACE('',(#776),#7011,.F.);
#7475=ADVANCED_FACE('',(#777),#7012,.T.);
#7476=ADVANCED_FACE('',(#778),#7013,.T.);
#7477=ADVANCED_FACE('',(#779),#7014,.T.);
#7478=ADVANCED_FACE('',(#780),#7015,.T.);
#7479=ADVANCED_FACE('',(#781),#7016,.T.);
#7480=ADVANCED_FACE('',(#782),#7017,.F.);
#7481=ADVANCED_FACE('',(#783),#7018,.T.);
#7482=ADVANCED_FACE('',(#784),#7019,.T.);
#7483=ADVANCED_FACE('',(#785),#7020,.T.);
#7484=ADVANCED_FACE('',(#786),#7021,.T.);
#7485=ADVANCED_FACE('',(#787),#7022,.T.);
#7486=ADVANCED_FACE('',(#788),#7023,.F.);
#7487=ADVANCED_FACE('',(#789),#7024,.T.);
#7488=ADVANCED_FACE('',(#790),#7025,.T.);
#7489=ADVANCED_FACE('',(#791),#7026,.T.);
#7490=ADVANCED_FACE('',(#792),#7027,.T.);
#7491=ADVANCED_FACE('',(#793),#7028,.T.);
#7492=ADVANCED_FACE('',(#794),#7029,.F.);
#7493=ADVANCED_FACE('',(#795),#7030,.T.);
#7494=ADVANCED_FACE('',(#796),#7031,.T.);
#7495=ADVANCED_FACE('',(#797),#7032,.T.);
#7496=ADVANCED_FACE('',(#798),#7033,.T.);
#7497=ADVANCED_FACE('',(#799),#7034,.T.);
#7498=ADVANCED_FACE('',(#800),#7035,.F.);
#7499=ADVANCED_FACE('',(#801),#7036,.T.);
#7500=ADVANCED_FACE('',(#802),#7037,.T.);
#7501=ADVANCED_FACE('',(#803),#7038,.T.);
#7502=ADVANCED_FACE('',(#804),#7039,.T.);
#7503=ADVANCED_FACE('',(#805),#7040,.T.);
#7504=ADVANCED_FACE('',(#806),#7041,.F.);
#7505=ADVANCED_FACE('',(#807),#7042,.F.);
#7506=ADVANCED_FACE('',(#808),#7043,.F.);
#7507=ADVANCED_FACE('',(#809),#7044,.F.);
#7508=ADVANCED_FACE('',(#810),#7045,.F.);
#7509=ADVANCED_FACE('',(#811),#7046,.F.);
#7510=ADVANCED_FACE('',(#812),#7047,.F.);
#7511=ADVANCED_FACE('',(#813),#7048,.F.);
#7512=ADVANCED_FACE('',(#814),#7049,.T.);
#7513=ADVANCED_FACE('',(#815),#7050,.T.);
#7514=ADVANCED_FACE('',(#816),#7051,.T.);
#7515=ADVANCED_FACE('',(#817),#7052,.T.);
#7516=ADVANCED_FACE('',(#818),#7053,.T.);
#7517=ADVANCED_FACE('',(#819),#7054,.F.);
#7518=ADVANCED_FACE('',(#820),#7055,.T.);
#7519=ADVANCED_FACE('',(#821),#7056,.T.);
#7520=ADVANCED_FACE('',(#822),#7057,.F.);
#7521=ADVANCED_FACE('',(#823),#7058,.F.);
#7522=ADVANCED_FACE('',(#824),#7059,.T.);
#7523=ADVANCED_FACE('',(#825),#7060,.T.);
#7524=ADVANCED_FACE('',(#826),#7061,.T.);
#7525=ADVANCED_FACE('',(#827),#7062,.T.);
#7526=ADVANCED_FACE('',(#828),#7063,.F.);
#7527=ADVANCED_FACE('',(#829),#7064,.T.);
#7528=ADVANCED_FACE('',(#830),#7065,.T.);
#7529=ADVANCED_FACE('',(#831),#7066,.T.);
#7530=ADVANCED_FACE('',(#832),#7067,.T.);
#7531=ADVANCED_FACE('',(#833),#7068,.T.);
#7532=ADVANCED_FACE('',(#834),#7069,.F.);
#7533=ADVANCED_FACE('',(#835),#7070,.T.);
#7534=ADVANCED_FACE('',(#836),#7071,.T.);
#7535=ADVANCED_FACE('',(#837),#7072,.T.);
#7536=ADVANCED_FACE('',(#838),#7073,.T.);
#7537=ADVANCED_FACE('',(#839),#7074,.T.);
#7538=ADVANCED_FACE('',(#840),#7075,.F.);
#7539=ADVANCED_FACE('',(#841),#7076,.T.);
#7540=ADVANCED_FACE('',(#842),#7077,.T.);
#7541=ADVANCED_FACE('',(#843),#7078,.F.);
#7542=ADVANCED_FACE('',(#844),#7079,.F.);
#7543=ADVANCED_FACE('',(#845),#7080,.T.);
#7544=ADVANCED_FACE('',(#846),#7081,.T.);
#7545=ADVANCED_FACE('',(#847),#7082,.T.);
#7546=ADVANCED_FACE('',(#848),#7083,.T.);
#7547=ADVANCED_FACE('',(#849),#7084,.T.);
#7548=ADVANCED_FACE('',(#850),#7085,.T.);
#7549=ADVANCED_FACE('',(#851),#7086,.T.);
#7550=ADVANCED_FACE('',(#852),#7087,.T.);
#7551=ADVANCED_FACE('',(#853),#7088,.T.);
#7552=ADVANCED_FACE('',(#854),#7089,.F.);
#7553=ADVANCED_FACE('',(#855),#7090,.T.);
#7554=ADVANCED_FACE('',(#856),#7091,.T.);
#7555=ADVANCED_FACE('',(#857),#7092,.T.);
#7556=ADVANCED_FACE('',(#858),#7093,.T.);
#7557=ADVANCED_FACE('',(#859),#7094,.T.);
#7558=ADVANCED_FACE('',(#860),#7095,.F.);
#7559=ADVANCED_FACE('',(#861),#7096,.T.);
#7560=ADVANCED_FACE('',(#862),#7097,.T.);
#7561=ADVANCED_FACE('',(#863),#7098,.T.);
#7562=ADVANCED_FACE('',(#864),#7099,.T.);
#7563=ADVANCED_FACE('',(#865),#7100,.T.);
#7564=ADVANCED_FACE('',(#866),#7101,.F.);
#7565=ADVANCED_FACE('',(#867),#7102,.T.);
#7566=ADVANCED_FACE('',(#868),#7103,.T.);
#7567=ADVANCED_FACE('',(#869),#7104,.T.);
#7568=ADVANCED_FACE('',(#870),#7105,.T.);
#7569=ADVANCED_FACE('',(#871),#7106,.T.);
#7570=ADVANCED_FACE('',(#872),#7107,.F.);
#7571=ADVANCED_FACE('',(#873),#7108,.T.);
#7572=ADVANCED_FACE('',(#874),#7109,.T.);
#7573=ADVANCED_FACE('',(#875),#7110,.T.);
#7574=ADVANCED_FACE('',(#876),#7111,.T.);
#7575=ADVANCED_FACE('',(#877),#7112,.T.);
#7576=ADVANCED_FACE('',(#878),#7113,.F.);
#7577=CLOSED_SHELL('',(#7114,#7115,#7116,#7117,#7118,#7119,#7120,#7121,
#7122,#7123,#7124,#7125,#7126,#7127,#7128));
#7578=CLOSED_SHELL('',(#7129,#7130,#7131,#7132,#7133,#7134,#7135,#7136,
#7137,#7138,#7139,#7140,#7141,#7142,#7143,#7144,#7145,#7146,#7147,#7148,
#7149,#7150,#7151,#7152,#7153,#7154,#7155,#7156,#7157,#7158,#7159,#7160,
#7161,#7162,#7163,#7164,#7165,#7166,#7167,#7168,#7169,#7170,#7171,#7172,
#7173,#7174,#7175,#7176,#7177,#7178,#7179,#7180,#7181,#7182,#7183,#7184,
#7185,#7186,#7187,#7188,#7189,#7190,#7191,#7192,#7193,#7194,#7195,#7196,
#7197));
#7579=CLOSED_SHELL('',(#7198,#7199,#7200,#7201,#7202,#7203,#7204,#7205,
#7206,#7207,#7208,#7209,#7210,#7211,#7212,#7213,#7214,#7215,#7216,#7217,
#7218,#7219,#7220,#7221,#7222,#7223,#7224,#7225,#7226,#7227,#7228,#7229,
#7230,#7231,#7232,#7233,#7234,#7235,#7236,#7237,#7238,#7239,#7240,#7241,
#7242,#7243,#7244,#7245,#7246,#7247,#7248,#7249,#7250,#7251,#7252,#7253,
#7254,#7255,#7256,#7257,#7258,#7259,#7260,#7261,#7262,#7263,#7264,#7265,
#7266,#7267,#7268,#7269,#7270,#7271,#7272,#7273,#7274));
#7580=CLOSED_SHELL('',(#7275,#7276,#7277,#7278,#7279,#7280));
#7581=CLOSED_SHELL('',(#7281,#7282,#7283,#7284,#7285,#7286));
#7582=CLOSED_SHELL('',(#7287,#7288,#7289,#7290,#7291,#7292,#7293,#7294,
#7295,#7296,#7297,#7298,#7299,#7300,#7301,#7302,#7303,#7304,#7305,#7306,
#7307,#7308,#7309,#7310,#7311,#7312));
#7583=CLOSED_SHELL('',(#7313,#7314,#7315,#7316,#7317,#7318));
#7584=CLOSED_SHELL('',(#7319,#7320,#7321,#7322,#7323,#7324));
#7585=CLOSED_SHELL('',(#7325,#7326,#7327,#7328,#7329,#7330,#7331,#7332,
#7333,#7334,#7335,#7336,#7337,#7338,#7339,#7340,#7341,#7342,#7343,#7344,
#7345,#7346,#7347,#7348,#7349,#7350,#7351,#7352,#7353,#7354,#7355,#7356,
#7357,#7358,#7359,#7360));
#7586=CLOSED_SHELL('',(#7361,#7362,#7363,#7364,#7365,#7366,#7367,#7368,
#7369,#7370,#7371,#7372,#7373,#7374,#7375,#7376,#7377,#7378,#7379,#7380,
#7381,#7382,#7383,#7384,#7385,#7386,#7387,#7388,#7389,#7390,#7391,#7392,
#7393,#7394,#7395,#7396));
#7587=CLOSED_SHELL('',(#7397,#7398,#7399,#7400,#7401,#7402));
#7588=CLOSED_SHELL('',(#7403,#7404,#7405,#7406,#7407,#7408));
#7589=CLOSED_SHELL('',(#7409,#7410,#7411,#7412,#7413,#7414,#7415,#7416,
#7417,#7418,#7419,#7420,#7421,#7422));
#7590=CLOSED_SHELL('',(#7423,#7424,#7425,#7426,#7427,#7428));
#7591=CLOSED_SHELL('',(#7429,#7430,#7431,#7432,#7433,#7434));
#7592=CLOSED_SHELL('',(#7435,#7436,#7437,#7438,#7439,#7440));
#7593=CLOSED_SHELL('',(#7441,#7442,#7443,#7444,#7445,#7446));
#7594=CLOSED_SHELL('',(#7447,#7448,#7449,#7450,#7451,#7452,#7453,#7454));
#7595=CLOSED_SHELL('',(#7455,#7456,#7457,#7458,#7459,#7460,#7461,#7462));
#7596=CLOSED_SHELL('',(#7463,#7464,#7465,#7466,#7467,#7468));
#7597=CLOSED_SHELL('',(#7469,#7470,#7471,#7472,#7473,#7474));
#7598=CLOSED_SHELL('',(#7475,#7476,#7477,#7478,#7479,#7480));
#7599=CLOSED_SHELL('',(#7481,#7482,#7483,#7484,#7485,#7486));
#7600=CLOSED_SHELL('',(#7487,#7488,#7489,#7490,#7491,#7492));
#7601=CLOSED_SHELL('',(#7493,#7494,#7495,#7496,#7497,#7498));
#7602=CLOSED_SHELL('',(#7499,#7500,#7501,#7502,#7503,#7504));
#7603=CLOSED_SHELL('',(#7505,#7506,#7507,#7508,#7509,#7510,#7511,#7512,
#7513,#7514,#7515,#7516));
#7604=CLOSED_SHELL('',(#7517,#7518,#7519,#7520,#7521,#7522,#7523,#7524,
#7525));
#7605=CLOSED_SHELL('',(#7526,#7527,#7528,#7529,#7530,#7531));
#7606=CLOSED_SHELL('',(#7532,#7533,#7534,#7535,#7536,#7537));
#7607=CLOSED_SHELL('',(#7538,#7539,#7540,#7541,#7542,#7543,#7544,#7545,
#7546));
#7608=CLOSED_SHELL('',(#7547,#7548,#7549,#7550,#7551,#7552));
#7609=CLOSED_SHELL('',(#7553,#7554,#7555,#7556,#7557,#7558));
#7610=CLOSED_SHELL('',(#7559,#7560,#7561,#7562,#7563,#7564));
#7611=CLOSED_SHELL('',(#7565,#7566,#7567,#7568,#7569,#7570));
#7612=CLOSED_SHELL('',(#7571,#7572,#7573,#7574,#7575,#7576));
#7613=DERIVED_UNIT_ELEMENT(#7619,1.);
#7614=DERIVED_UNIT_ELEMENT(#15272,-3.);
#7615=DERIVED_UNIT_ELEMENT(#7619,1.);
#7616=DERIVED_UNIT_ELEMENT(#15272,-3.);
#7617=DERIVED_UNIT_ELEMENT(#7619,1.);
#7618=DERIVED_UNIT_ELEMENT(#15272,-3.);
#7619=(
MASS_UNIT()
NAMED_UNIT(*)
SI_UNIT(.KILO.,.GRAM.)
);
#7620=DERIVED_UNIT((#7613,#7614));
#7621=DERIVED_UNIT((#7615,#7616));
#7622=DERIVED_UNIT((#7617,#7618));
#7623=MEASURE_REPRESENTATION_ITEM('density measure',
POSITIVE_RATIO_MEASURE(7850.),#7620);
#7624=MEASURE_REPRESENTATION_ITEM('density measure',
POSITIVE_RATIO_MEASURE(7850.),#7621);
#7625=MEASURE_REPRESENTATION_ITEM('density measure',
POSITIVE_RATIO_MEASURE(7850.),#7622);
#7626=PROPERTY_DEFINITION_REPRESENTATION(#7641,#7632);
#7627=PROPERTY_DEFINITION_REPRESENTATION(#7642,#7633);
#7628=PROPERTY_DEFINITION_REPRESENTATION(#7643,#7634);
#7629=PROPERTY_DEFINITION_REPRESENTATION(#7644,#7635);
#7630=PROPERTY_DEFINITION_REPRESENTATION(#7645,#7636);
#7631=PROPERTY_DEFINITION_REPRESENTATION(#7646,#7637);
#7632=REPRESENTATION('material name',(#7638),#15267);
#7633=REPRESENTATION('density',(#7623),#15267);
#7634=REPRESENTATION('material name',(#7639),#15268);
#7635=REPRESENTATION('density',(#7624),#15268);
#7636=REPRESENTATION('material name',(#7640),#15269);
#7637=REPRESENTATION('density',(#7625),#15269);
#7638=DESCRIPTIVE_REPRESENTATION_ITEM('\X2\92FC\X0\','\X2\92FC\X0\');
#7639=DESCRIPTIVE_REPRESENTATION_ITEM('\X2\92FC\X0\','\X2\92FC\X0\');
#7640=DESCRIPTIVE_REPRESENTATION_ITEM('\X2\92FC\X0\','\X2\92FC\X0\');
#7641=PROPERTY_DEFINITION('material property','material name',#15293);
#7642=PROPERTY_DEFINITION('material property','density of part',#15293);
#7643=PROPERTY_DEFINITION('material property','material name',#15294);
#7644=PROPERTY_DEFINITION('material property','density of part',#15294);
#7645=PROPERTY_DEFINITION('material property','material name',#15295);
#7646=PROPERTY_DEFINITION('material property','density of part',#15295);
#7647=AXIS2_PLACEMENT_3D('',#10228,#8257,#8258);
#7648=AXIS2_PLACEMENT_3D('',#10229,#8259,#8260);
#7649=AXIS2_PLACEMENT_3D('',#10230,#8261,#8262);
#7650=AXIS2_PLACEMENT_3D('',#10241,#8267,#8268);
#7651=AXIS2_PLACEMENT_3D('',#10245,#8270,#8271);
#7652=AXIS2_PLACEMENT_3D('',#10247,#8273,#8274);
#7653=AXIS2_PLACEMENT_3D('',#10253,#8278,#8279);
#7654=AXIS2_PLACEMENT_3D('',#10256,#8281,#8282);
#7655=AXIS2_PLACEMENT_3D('',#10257,#8283,#8284);
#7656=AXIS2_PLACEMENT_3D('',#10261,#8287,#8288);
#7657=AXIS2_PLACEMENT_3D('',#10266,#8291,#8292);
#7658=AXIS2_PLACEMENT_3D('',#10267,#8293,#8294);
#7659=AXIS2_PLACEMENT_3D('',#10271,#8296,#8297);
#7660=AXIS2_PLACEMENT_3D('',#10275,#8300,#8301);
#7661=AXIS2_PLACEMENT_3D('',#10279,#8304,#8305);
#7662=AXIS2_PLACEMENT_3D('',#10280,#8306,#8307);
#7663=AXIS2_PLACEMENT_3D('',#10281,#8308,#8309);
#7664=AXIS2_PLACEMENT_3D('',#10283,#8310,#8311);
#7665=AXIS2_PLACEMENT_3D('',#10284,#8312,#8313);
#7666=AXIS2_PLACEMENT_3D('',#10285,#8314,#8315);
#7667=AXIS2_PLACEMENT_3D('',#10287,#8316,#8317);
#7668=AXIS2_PLACEMENT_3D('',#10288,#8318,#8319);
#7669=AXIS2_PLACEMENT_3D('',#10289,#8320,#8321);
#7670=AXIS2_PLACEMENT_3D('',#10291,#8323,#8324);
#7671=AXIS2_PLACEMENT_3D('',#10293,#8326,#8327);
#7672=AXIS2_PLACEMENT_3D('',#10295,#8329,#8330);
#7673=AXIS2_PLACEMENT_3D('',#10297,#8332,#8333);
#7674=AXIS2_PLACEMENT_3D('',#10298,#8334,#8335);
#7675=AXIS2_PLACEMENT_3D('',#10299,#8336,#8337);
#7676=AXIS2_PLACEMENT_3D('',#10301,#8338,#8339);
#7677=AXIS2_PLACEMENT_3D('',#10304,#8341,#8342);
#7678=AXIS2_PLACEMENT_3D('',#10305,#8343,#8344);
#7679=AXIS2_PLACEMENT_3D('',#10306,#8345,#8346);
#7680=AXIS2_PLACEMENT_3D('',#10308,#8347,#8348);
#7681=AXIS2_PLACEMENT_3D('',#10311,#8350,#8351);
#7682=AXIS2_PLACEMENT_3D('',#10312,#8352,#8353);
#7683=AXIS2_PLACEMENT_3D('',#10400,#8354,#8355);
#7684=AXIS2_PLACEMENT_3D('',#10560,#8356,#8357);
#7685=AXIS2_PLACEMENT_3D('',#10576,#8358,#8359);
#7686=AXIS2_PLACEMENT_3D('',#10578,#8360,#8361);
#7687=AXIS2_PLACEMENT_3D('',#10582,#8363,#8364);
#7688=AXIS2_PLACEMENT_3D('',#10584,#8366,#8367);
#7689=AXIS2_PLACEMENT_3D('',#10585,#8368,#8369);
#7690=AXIS2_PLACEMENT_3D('',#10586,#8370,#8371);
#7691=AXIS2_PLACEMENT_3D('',#10588,#8372,#8373);
#7692=AXIS2_PLACEMENT_3D('',#10592,#8375,#8376);
#7693=AXIS2_PLACEMENT_3D('',#10594,#8378,#8379);
#7694=AXIS2_PLACEMENT_3D('',#10595,#8380,#8381);
#7695=AXIS2_PLACEMENT_3D('',#10596,#8382,#8383);
#7696=AXIS2_PLACEMENT_3D('',#10598,#8384,#8385);
#7697=AXIS2_PLACEMENT_3D('',#10602,#8387,#8388);
#7698=AXIS2_PLACEMENT_3D('',#10604,#8390,#8391);
#7699=AXIS2_PLACEMENT_3D('',#10605,#8392,#8393);
#7700=AXIS2_PLACEMENT_3D('',#10647,#8394,#8395);
#7701=AXIS2_PLACEMENT_3D('',#10658,#8396,#8397);
#7702=AXIS2_PLACEMENT_3D('',#10667,#8398,#8399);
#7703=AXIS2_PLACEMENT_3D('',#10668,#8400,#8401);
#7704=AXIS2_PLACEMENT_3D('',#10669,#8402,#8403);
#7705=AXIS2_PLACEMENT_3D('',#10672,#8404,#8405);
#7706=AXIS2_PLACEMENT_3D('',#10675,#8407,#8408);
#7707=AXIS2_PLACEMENT_3D('',#10677,#8410,#8411);
#7708=AXIS2_PLACEMENT_3D('',#10678,#8412,#8413);
#7709=AXIS2_PLACEMENT_3D('',#10721,#8414,#8415);
#7710=AXIS2_PLACEMENT_3D('',#10731,#8416,#8417);
#7711=AXIS2_PLACEMENT_3D('',#10740,#8418,#8419);
#7712=AXIS2_PLACEMENT_3D('',#10741,#8420,#8421);
#7713=AXIS2_PLACEMENT_3D('',#10742,#8422,#8423);
#7714=AXIS2_PLACEMENT_3D('',#10745,#8424,#8425);
#7715=AXIS2_PLACEMENT_3D('',#10748,#8427,#8428);
#7716=AXIS2_PLACEMENT_3D('',#10750,#8430,#8431);
#7717=AXIS2_PLACEMENT_3D('',#10751,#8432,#8433);
#7718=AXIS2_PLACEMENT_3D('',#10752,#8434,#8435);
#7719=AXIS2_PLACEMENT_3D('',#10755,#8436,#8437);
#7720=AXIS2_PLACEMENT_3D('',#10758,#8439,#8440);
#7721=AXIS2_PLACEMENT_3D('',#10760,#8442,#8443);
#7722=AXIS2_PLACEMENT_3D('',#10761,#8444,#8445);
#7723=AXIS2_PLACEMENT_3D('',#10762,#8446,#8447);
#7724=AXIS2_PLACEMENT_3D('',#10764,#8448,#8449);
#7725=AXIS2_PLACEMENT_3D('',#10767,#8451,#8452);
#7726=AXIS2_PLACEMENT_3D('',#10769,#8454,#8455);
#7727=AXIS2_PLACEMENT_3D('',#10770,#8456,#8457);
#7728=AXIS2_PLACEMENT_3D('',#10771,#8458,#8459);
#7729=AXIS2_PLACEMENT_3D('',#10772,#8460,#8461);
#7730=AXIS2_PLACEMENT_3D('',#10842,#8462,#8463);
#7731=AXIS2_PLACEMENT_3D('',#10843,#8464,#8465);
#7732=AXIS2_PLACEMENT_3D('',#10871,#8467,#8468);
#7733=AXIS2_PLACEMENT_3D('',#10936,#8469,#8470);
#7734=AXIS2_PLACEMENT_3D('',#10937,#8471,#8472);
#7735=AXIS2_PLACEMENT_3D('',#10941,#8475,#8476);
#7736=AXIS2_PLACEMENT_3D('',#10944,#8478,#8479);
#7737=AXIS2_PLACEMENT_3D('',#10945,#8480,#8481);
#7738=AXIS2_PLACEMENT_3D('',#10949,#8484,#8485);
#7739=AXIS2_PLACEMENT_3D('',#10952,#8487,#8488);
#7740=AXIS2_PLACEMENT_3D('',#10953,#8489,#8490);
#7741=AXIS2_PLACEMENT_3D('',#10960,#8492,#8493);
#7742=AXIS2_PLACEMENT_3D('',#10961,#8494,#8495);
#7743=AXIS2_PLACEMENT_3D('',#10965,#8497,#8498);
#7744=AXIS2_PLACEMENT_3D('',#10967,#8500,#8501);
#7745=AXIS2_PLACEMENT_3D('',#10969,#8502,#8503);
#7746=AXIS2_PLACEMENT_3D('',#10970,#8504,#8505);
#7747=AXIS2_PLACEMENT_3D('',#10971,#8506,#8507);
#7748=AXIS2_PLACEMENT_3D('',#10975,#8509,#8510);
#7749=AXIS2_PLACEMENT_3D('',#10977,#8512,#8513);
#7750=AXIS2_PLACEMENT_3D('',#10998,#8514,#8515);
#7751=AXIS2_PLACEMENT_3D('',#10999,#8516,#8517);
#7752=AXIS2_PLACEMENT_3D('',#11000,#8518,#8519);
#7753=AXIS2_PLACEMENT_3D('',#11042,#8520,#8521);
#7754=AXIS2_PLACEMENT_3D('',#11051,#8522,#8523);
#7755=AXIS2_PLACEMENT_3D('',#11052,#8524,#8525);
#7756=AXIS2_PLACEMENT_3D('',#11053,#8526,#8527);
#7757=AXIS2_PLACEMENT_3D('',#11055,#8528,#8529);
#7758=AXIS2_PLACEMENT_3D('',#11057,#8531,#8532);
#7759=AXIS2_PLACEMENT_3D('',#11058,#8533,#8534);
#7760=AXIS2_PLACEMENT_3D('',#11100,#8535,#8536);
#7761=AXIS2_PLACEMENT_3D('',#11109,#8537,#8538);
#7762=AXIS2_PLACEMENT_3D('',#11110,#8539,#8540);
#7763=AXIS2_PLACEMENT_3D('',#11111,#8541,#8542);
#7764=AXIS2_PLACEMENT_3D('',#11113,#8543,#8544);
#7765=AXIS2_PLACEMENT_3D('',#11115,#8546,#8547);
#7766=AXIS2_PLACEMENT_3D('',#11116,#8548,#8549);
#7767=AXIS2_PLACEMENT_3D('',#11117,#8550,#8551);
#7768=AXIS2_PLACEMENT_3D('',#11119,#8552,#8553);
#7769=AXIS2_PLACEMENT_3D('',#11121,#8555,#8556);
#7770=AXIS2_PLACEMENT_3D('',#11125,#8558,#8559);
#7771=AXIS2_PLACEMENT_3D('',#11127,#8561,#8562);
#7772=AXIS2_PLACEMENT_3D('',#11129,#8563,#8564);
#7773=AXIS2_PLACEMENT_3D('',#11130,#8565,#8566);
#7774=AXIS2_PLACEMENT_3D('',#11131,#8567,#8568);
#7775=AXIS2_PLACEMENT_3D('',#11133,#8570,#8571);
#7776=AXIS2_PLACEMENT_3D('',#11157,#8573,#8574);
#7777=AXIS2_PLACEMENT_3D('',#11162,#8575,#8576);
#7778=AXIS2_PLACEMENT_3D('',#11164,#8577,#8578);
#7779=AXIS2_PLACEMENT_3D('',#11165,#8579,#8580);
#7780=AXIS2_PLACEMENT_3D('',#11166,#8581,#8582);
#7781=AXIS2_PLACEMENT_3D('',#11168,#8584,#8585);
#7782=AXIS2_PLACEMENT_3D('',#11169,#8586,#8587);
#7783=AXIS2_PLACEMENT_3D('',#11170,#8588,#8589);
#7784=AXIS2_PLACEMENT_3D('',#11172,#8590,#8591);
#7785=AXIS2_PLACEMENT_3D('',#11195,#8593,#8594);
#7786=AXIS2_PLACEMENT_3D('',#11196,#8595,#8596);
#7787=AXIS2_PLACEMENT_3D('',#11197,#8597,#8598);
#7788=AXIS2_PLACEMENT_3D('',#11244,#8600,#8601);
#7789=AXIS2_PLACEMENT_3D('',#11436,#8603,#8604);
#7790=AXIS2_PLACEMENT_3D('',#11467,#8605,#8606);
#7791=AXIS2_PLACEMENT_3D('',#11468,#8607,#8608);
#7792=AXIS2_PLACEMENT_3D('',#11470,#8609,#8610);
#7793=AXIS2_PLACEMENT_3D('',#11471,#8611,#8612);
#7794=AXIS2_PLACEMENT_3D('',#11474,#8614,#8615);
#7795=AXIS2_PLACEMENT_3D('',#11718,#8616,#8617);
#7796=AXIS2_PLACEMENT_3D('',#11747,#8619,#8620);
#7797=AXIS2_PLACEMENT_3D('',#11964,#8621,#8622);
#7798=AXIS2_PLACEMENT_3D('',#11966,#8623,#8624);
#7799=AXIS2_PLACEMENT_3D('',#11967,#8625,#8626);
#7800=AXIS2_PLACEMENT_3D('',#11969,#8627,#8628);
#7801=AXIS2_PLACEMENT_3D('',#11971,#8629,#8630);
#7802=AXIS2_PLACEMENT_3D('',#11972,#8631,#8632);
#7803=AXIS2_PLACEMENT_3D('',#11973,#8633,#8634);
#7804=AXIS2_PLACEMENT_3D('',#11977,#8636,#8637);
#7805=AXIS2_PLACEMENT_3D('',#11981,#8639,#8640);
#7806=AXIS2_PLACEMENT_3D('',#11983,#8641,#8642);
#7807=AXIS2_PLACEMENT_3D('',#11985,#8643,#8644);
#7808=AXIS2_PLACEMENT_3D('',#11989,#8646,#8647);
#7809=AXIS2_PLACEMENT_3D('',#11993,#8649,#8650);
#7810=AXIS2_PLACEMENT_3D('',#11995,#8651,#8652);
#7811=AXIS2_PLACEMENT_3D('',#11997,#8653,#8654);
#7812=AXIS2_PLACEMENT_3D('',#12001,#8656,#8657);
#7813=AXIS2_PLACEMENT_3D('',#12005,#8659,#8660);
#7814=AXIS2_PLACEMENT_3D('',#12007,#8661,#8662);
#7815=AXIS2_PLACEMENT_3D('',#12009,#8663,#8664);
#7816=AXIS2_PLACEMENT_3D('',#12013,#8666,#8667);
#7817=AXIS2_PLACEMENT_3D('',#12017,#8669,#8670);
#7818=AXIS2_PLACEMENT_3D('',#12019,#8671,#8672);
#7819=AXIS2_PLACEMENT_3D('',#12021,#8673,#8674);
#7820=AXIS2_PLACEMENT_3D('',#12025,#8676,#8677);
#7821=AXIS2_PLACEMENT_3D('',#12029,#8679,#8680);
#7822=AXIS2_PLACEMENT_3D('',#12031,#8681,#8682);
#7823=AXIS2_PLACEMENT_3D('',#12033,#8683,#8684);
#7824=AXIS2_PLACEMENT_3D('',#12037,#8686,#8687);
#7825=AXIS2_PLACEMENT_3D('',#12041,#8689,#8690);
#7826=AXIS2_PLACEMENT_3D('',#12043,#8691,#8692);
#7827=AXIS2_PLACEMENT_3D('',#12045,#8693,#8694);
#7828=AXIS2_PLACEMENT_3D('',#12048,#8696,#8697);
#7829=AXIS2_PLACEMENT_3D('',#12049,#8698,#8699);
#7830=AXIS2_PLACEMENT_3D('',#12051,#8700,#8701);
#7831=AXIS2_PLACEMENT_3D('',#12055,#8703,#8704);
#7832=AXIS2_PLACEMENT_3D('',#12057,#8705,#8706);
#7833=AXIS2_PLACEMENT_3D('',#12059,#8707,#8708);
#7834=AXIS2_PLACEMENT_3D('',#12061,#8709,#8710);
#7835=AXIS2_PLACEMENT_3D('',#12063,#8711,#8712);
#7836=AXIS2_PLACEMENT_3D('',#12065,#8713,#8714);
#7837=AXIS2_PLACEMENT_3D('',#12067,#8715,#8716);
#7838=AXIS2_PLACEMENT_3D('',#12069,#8717,#8718);
#7839=AXIS2_PLACEMENT_3D('',#12071,#8719,#8720);
#7840=AXIS2_PLACEMENT_3D('',#12073,#8721,#8722);
#7841=AXIS2_PLACEMENT_3D('',#12075,#8723,#8724);
#7842=AXIS2_PLACEMENT_3D('',#12077,#8725,#8726);
#7843=AXIS2_PLACEMENT_3D('',#12078,#8727,#8728);
#7844=AXIS2_PLACEMENT_3D('',#12079,#8729,#8730);
#7845=AXIS2_PLACEMENT_3D('',#12090,#8732,#8733);
#7846=AXIS2_PLACEMENT_3D('',#12099,#8735,#8736);
#7847=AXIS2_PLACEMENT_3D('',#12110,#8738,#8739);
#7848=AXIS2_PLACEMENT_3D('',#12119,#8741,#8742);
#7849=AXIS2_PLACEMENT_3D('',#12130,#8744,#8745);
#7850=AXIS2_PLACEMENT_3D('',#12139,#8747,#8748);
#7851=AXIS2_PLACEMENT_3D('',#12150,#8750,#8751);
#7852=AXIS2_PLACEMENT_3D('',#12159,#8753,#8754);
#7853=AXIS2_PLACEMENT_3D('',#12170,#8756,#8757);
#7854=AXIS2_PLACEMENT_3D('',#12179,#8759,#8760);
#7855=AXIS2_PLACEMENT_3D('',#12190,#8762,#8763);
#7856=AXIS2_PLACEMENT_3D('',#12199,#8765,#8766);
#7857=AXIS2_PLACEMENT_3D('',#12256,#8767,#8768);
#7858=AXIS2_PLACEMENT_3D('',#12306,#8772,#8773);
#7859=AXIS2_PLACEMENT_3D('',#12308,#8775,#8776);
#7860=AXIS2_PLACEMENT_3D('',#12403,#8779,#8780);
#7861=AXIS2_PLACEMENT_3D('',#12514,#8783,#8784);
#7862=AXIS2_PLACEMENT_3D('',#12564,#8788,#8789);
#7863=AXIS2_PLACEMENT_3D('',#12647,#8791,#8792);
#7864=AXIS2_PLACEMENT_3D('',#12650,#8795,#8796);
#7865=AXIS2_PLACEMENT_3D('',#12707,#8797,#8798);
#7866=AXIS2_PLACEMENT_3D('',#12757,#8802,#8803);
#7867=AXIS2_PLACEMENT_3D('',#12843,#8805,#8806);
#7868=AXIS2_PLACEMENT_3D('',#12846,#8809,#8810);
#7869=AXIS2_PLACEMENT_3D('',#12903,#8811,#8812);
#7870=AXIS2_PLACEMENT_3D('',#12953,#8816,#8817);
#7871=AXIS2_PLACEMENT_3D('',#12955,#8819,#8820);
#7872=AXIS2_PLACEMENT_3D('',#13042,#8823,#8824);
#7873=AXIS2_PLACEMENT_3D('',#13147,#8827,#8828);
#7874=AXIS2_PLACEMENT_3D('',#13197,#8832,#8833);
#7875=AXIS2_PLACEMENT_3D('',#13295,#8835,#8836);
#7876=AXIS2_PLACEMENT_3D('',#13298,#8839,#8840);
#7877=AXIS2_PLACEMENT_3D('',#13361,#8841,#8842);
#7878=AXIS2_PLACEMENT_3D('',#13411,#8846,#8847);
#7879=AXIS2_PLACEMENT_3D('',#13488,#8849,#8850);
#7880=AXIS2_PLACEMENT_3D('',#13491,#8853,#8854);
#7881=AXIS2_PLACEMENT_3D('',#13492,#8855,#8856);
#7882=AXIS2_PLACEMENT_3D('',#13493,#8857,#8858);
#7883=AXIS2_PLACEMENT_3D('',#13494,#8859,#8860);
#7884=AXIS2_PLACEMENT_3D('',#13543,#8863,#8864);
#7885=AXIS2_PLACEMENT_3D('',#13544,#8865,#8866);
#7886=AXIS2_PLACEMENT_3D('',#13562,#8868,#8869);
#7887=AXIS2_PLACEMENT_3D('',#13611,#8872,#8873);
#7888=AXIS2_PLACEMENT_3D('',#13612,#8874,#8875);
#7889=AXIS2_PLACEMENT_3D('',#13613,#8876,#8877);
#7890=AXIS2_PLACEMENT_3D('',#13614,#8878,#8879);
#7891=AXIS2_PLACEMENT_3D('',#13646,#8881,#8882);
#7892=AXIS2_PLACEMENT_3D('',#13695,#8885,#8886);
#7893=AXIS2_PLACEMENT_3D('',#13696,#8887,#8888);
#7894=AXIS2_PLACEMENT_3D('',#13705,#8893,#8894);
#7895=AXIS2_PLACEMENT_3D('',#13711,#8898,#8899);
#7896=AXIS2_PLACEMENT_3D('',#13717,#8903,#8904);
#7897=AXIS2_PLACEMENT_3D('',#13720,#8907,#8908);
#7898=AXIS2_PLACEMENT_3D('',#13721,#8909,#8910);
#7899=AXIS2_PLACEMENT_3D('',#13722,#8911,#8912);
#7900=AXIS2_PLACEMENT_3D('',#13731,#8917,#8918);
#7901=AXIS2_PLACEMENT_3D('',#13737,#8922,#8923);
#7902=AXIS2_PLACEMENT_3D('',#13743,#8927,#8928);
#7903=AXIS2_PLACEMENT_3D('',#13746,#8931,#8932);
#7904=AXIS2_PLACEMENT_3D('',#13747,#8933,#8934);
#7905=AXIS2_PLACEMENT_3D('',#13748,#8935,#8936);
#7906=AXIS2_PLACEMENT_3D('',#13757,#8941,#8942);
#7907=AXIS2_PLACEMENT_3D('',#13760,#8943,#8944);
#7908=AXIS2_PLACEMENT_3D('',#13761,#8945,#8946);
#7909=AXIS2_PLACEMENT_3D('',#13762,#8947,#8948);
#7910=AXIS2_PLACEMENT_3D('',#13763,#8949,#8950);
#7911=AXIS2_PLACEMENT_3D('',#13766,#8951,#8952);
#7912=AXIS2_PLACEMENT_3D('',#13767,#8953,#8954);
#7913=AXIS2_PLACEMENT_3D('',#13768,#8955,#8956);
#7914=AXIS2_PLACEMENT_3D('',#13769,#8957,#8958);
#7915=AXIS2_PLACEMENT_3D('',#13771,#8960,#8961);
#7916=AXIS2_PLACEMENT_3D('',#13773,#8962,#8963);
#7917=AXIS2_PLACEMENT_3D('',#13775,#8964,#8965);
#7918=AXIS2_PLACEMENT_3D('',#13776,#8966,#8967);
#7919=AXIS2_PLACEMENT_3D('',#13777,#8968,#8969);
#7920=AXIS2_PLACEMENT_3D('',#13779,#8971,#8972);
#7921=AXIS2_PLACEMENT_3D('',#13782,#8973,#8974);
#7922=AXIS2_PLACEMENT_3D('',#13784,#8975,#8976);
#7923=AXIS2_PLACEMENT_3D('',#13785,#8977,#8978);
#7924=AXIS2_PLACEMENT_3D('',#13786,#8979,#8980);
#7925=AXIS2_PLACEMENT_3D('',#13789,#8983,#8984);
#7926=AXIS2_PLACEMENT_3D('',#13792,#8985,#8986);
#7927=AXIS2_PLACEMENT_3D('',#13793,#8987,#8988);
#7928=AXIS2_PLACEMENT_3D('',#13794,#8989,#8990);
#7929=AXIS2_PLACEMENT_3D('',#13795,#8991,#8992);
#7930=AXIS2_PLACEMENT_3D('',#13797,#8994,#8995);
#7931=AXIS2_PLACEMENT_3D('',#13799,#8997,#8998);
#7932=AXIS2_PLACEMENT_3D('',#13802,#8999,#9000);
#7933=AXIS2_PLACEMENT_3D('',#13804,#9001,#9002);
#7934=AXIS2_PLACEMENT_3D('',#13805,#9003,#9004);
#7935=AXIS2_PLACEMENT_3D('',#13806,#9005,#9006);
#7936=AXIS2_PLACEMENT_3D('',#13809,#9009,#9010);
#7937=AXIS2_PLACEMENT_3D('',#13812,#9011,#9012);
#7938=AXIS2_PLACEMENT_3D('',#13814,#9013,#9014);
#7939=AXIS2_PLACEMENT_3D('',#13815,#9015,#9016);
#7940=AXIS2_PLACEMENT_3D('',#13816,#9017,#9018);
#7941=AXIS2_PLACEMENT_3D('',#13819,#9021,#9022);
#7942=AXIS2_PLACEMENT_3D('',#13822,#9025,#9026);
#7943=AXIS2_PLACEMENT_3D('',#13825,#9027,#9028);
#7944=AXIS2_PLACEMENT_3D('',#13827,#9029,#9030);
#7945=AXIS2_PLACEMENT_3D('',#13828,#9031,#9032);
#7946=AXIS2_PLACEMENT_3D('',#13829,#9033,#9034);
#7947=AXIS2_PLACEMENT_3D('',#13832,#9037,#9038);
#7948=AXIS2_PLACEMENT_3D('',#13835,#9041,#9042);
#7949=AXIS2_PLACEMENT_3D('',#13838,#9045,#9046);
#7950=AXIS2_PLACEMENT_3D('',#13841,#9049,#9050);
#7951=AXIS2_PLACEMENT_3D('',#13842,#9051,#9052);
#7952=AXIS2_PLACEMENT_3D('',#13843,#9053,#9054);
#7953=AXIS2_PLACEMENT_3D('',#13844,#9055,#9056);
#7954=AXIS2_PLACEMENT_3D('',#13845,#9057,#9058);
#7955=AXIS2_PLACEMENT_3D('',#13846,#9059,#9060);
#7956=AXIS2_PLACEMENT_3D('',#13855,#9065,#9066);
#7957=AXIS2_PLACEMENT_3D('',#13861,#9070,#9071);
#7958=AXIS2_PLACEMENT_3D('',#13867,#9075,#9076);
#7959=AXIS2_PLACEMENT_3D('',#13870,#9079,#9080);
#7960=AXIS2_PLACEMENT_3D('',#13871,#9081,#9082);
#7961=AXIS2_PLACEMENT_3D('',#13872,#9083,#9084);
#7962=AXIS2_PLACEMENT_3D('',#13881,#9089,#9090);
#7963=AXIS2_PLACEMENT_3D('',#13887,#9094,#9095);
#7964=AXIS2_PLACEMENT_3D('',#13893,#9099,#9100);
#7965=AXIS2_PLACEMENT_3D('',#13896,#9103,#9104);
#7966=AXIS2_PLACEMENT_3D('',#13897,#9105,#9106);
#7967=AXIS2_PLACEMENT_3D('',#13898,#9107,#9108);
#7968=AXIS2_PLACEMENT_3D('',#13920,#9109,#9110);
#7969=AXIS2_PLACEMENT_3D('',#13940,#9111,#9112);
#7970=AXIS2_PLACEMENT_3D('',#13941,#9113,#9114);
#7971=AXIS2_PLACEMENT_3D('',#13945,#9116,#9117);
#7972=AXIS2_PLACEMENT_3D('',#13947,#9119,#9120);
#7973=AXIS2_PLACEMENT_3D('',#13986,#9121,#9122);
#7974=AXIS2_PLACEMENT_3D('',#13987,#9123,#9124);
#7975=AXIS2_PLACEMENT_3D('',#13996,#9129,#9130);
#7976=AXIS2_PLACEMENT_3D('',#14005,#9135,#9136);
#7977=AXIS2_PLACEMENT_3D('',#14014,#9141,#9142);
#7978=AXIS2_PLACEMENT_3D('',#14018,#9144,#9145);
#7979=AXIS2_PLACEMENT_3D('',#14040,#9156,#9157);
#7980=AXIS2_PLACEMENT_3D('',#14046,#9160,#9161);
#7981=AXIS2_PLACEMENT_3D('',#14055,#9166,#9167);
#7982=AXIS2_PLACEMENT_3D('',#14057,#9169,#9170);
#7983=AXIS2_PLACEMENT_3D('',#14066,#9175,#9176);
#7984=AXIS2_PLACEMENT_3D('',#14077,#9182,#9183);
#7985=AXIS2_PLACEMENT_3D('',#14083,#9186,#9187);
#7986=AXIS2_PLACEMENT_3D('',#14104,#9198,#9199);
#7987=AXIS2_PLACEMENT_3D('',#14107,#9200,#9201);
#7988=AXIS2_PLACEMENT_3D('',#14109,#9203,#9204);
#7989=AXIS2_PLACEMENT_3D('',#14113,#9206,#9207);
#7990=AXIS2_PLACEMENT_3D('',#14115,#9209,#9210);
#7991=AXIS2_PLACEMENT_3D('',#14118,#9213,#9214);
#7992=AXIS2_PLACEMENT_3D('',#14123,#9217,#9218);
#7993=AXIS2_PLACEMENT_3D('',#14124,#9219,#9220);
#7994=AXIS2_PLACEMENT_3D('',#14127,#9223,#9224);
#7995=AXIS2_PLACEMENT_3D('',#14130,#9227,#9228);
#7996=AXIS2_PLACEMENT_3D('',#14131,#9229,#9230);
#7997=AXIS2_PLACEMENT_3D('',#14134,#9233,#9234);
#7998=AXIS2_PLACEMENT_3D('',#14136,#9236,#9237);
#7999=AXIS2_PLACEMENT_3D('',#14138,#9239,#9240);
#8000=AXIS2_PLACEMENT_3D('',#14140,#9242,#9243);
#8001=AXIS2_PLACEMENT_3D('',#14142,#9245,#9246);
#8002=AXIS2_PLACEMENT_3D('',#14144,#9248,#9249);
#8003=AXIS2_PLACEMENT_3D('',#14146,#9251,#9252);
#8004=AXIS2_PLACEMENT_3D('',#14148,#9254,#9255);
#8005=AXIS2_PLACEMENT_3D('',#14150,#9257,#9258);
#8006=AXIS2_PLACEMENT_3D('',#14152,#9260,#9261);
#8007=AXIS2_PLACEMENT_3D('',#14154,#9263,#9264);
#8008=AXIS2_PLACEMENT_3D('',#14156,#9266,#9267);
#8009=AXIS2_PLACEMENT_3D('',#14158,#9269,#9270);
#8010=AXIS2_PLACEMENT_3D('',#14160,#9272,#9273);
#8011=AXIS2_PLACEMENT_3D('',#14162,#9275,#9276);
#8012=AXIS2_PLACEMENT_3D('',#14163,#9277,#9278);
#8013=AXIS2_PLACEMENT_3D('',#14165,#9280,#9281);
#8014=AXIS2_PLACEMENT_3D('',#14167,#9283,#9284);
#8015=AXIS2_PLACEMENT_3D('',#14169,#9286,#9287);
#8016=AXIS2_PLACEMENT_3D('',#14171,#9289,#9290);
#8017=AXIS2_PLACEMENT_3D('',#14172,#9291,#9292);
#8018=AXIS2_PLACEMENT_3D('',#14194,#9293,#9294);
#8019=AXIS2_PLACEMENT_3D('',#14214,#9295,#9296);
#8020=AXIS2_PLACEMENT_3D('',#14215,#9297,#9298);
#8021=AXIS2_PLACEMENT_3D('',#14219,#9300,#9301);
#8022=AXIS2_PLACEMENT_3D('',#14221,#9303,#9304);
#8023=AXIS2_PLACEMENT_3D('',#14260,#9305,#9306);
#8024=AXIS2_PLACEMENT_3D('',#14261,#9307,#9308);
#8025=AXIS2_PLACEMENT_3D('',#14270,#9313,#9314);
#8026=AXIS2_PLACEMENT_3D('',#14279,#9319,#9320);
#8027=AXIS2_PLACEMENT_3D('',#14288,#9325,#9326);
#8028=AXIS2_PLACEMENT_3D('',#14292,#9328,#9329);
#8029=AXIS2_PLACEMENT_3D('',#14314,#9340,#9341);
#8030=AXIS2_PLACEMENT_3D('',#14320,#9344,#9345);
#8031=AXIS2_PLACEMENT_3D('',#14329,#9350,#9351);
#8032=AXIS2_PLACEMENT_3D('',#14331,#9353,#9354);
#8033=AXIS2_PLACEMENT_3D('',#14340,#9359,#9360);
#8034=AXIS2_PLACEMENT_3D('',#14351,#9366,#9367);
#8035=AXIS2_PLACEMENT_3D('',#14357,#9370,#9371);
#8036=AXIS2_PLACEMENT_3D('',#14378,#9382,#9383);
#8037=AXIS2_PLACEMENT_3D('',#14381,#9384,#9385);
#8038=AXIS2_PLACEMENT_3D('',#14383,#9387,#9388);
#8039=AXIS2_PLACEMENT_3D('',#14387,#9390,#9391);
#8040=AXIS2_PLACEMENT_3D('',#14389,#9393,#9394);
#8041=AXIS2_PLACEMENT_3D('',#14392,#9397,#9398);
#8042=AXIS2_PLACEMENT_3D('',#14397,#9401,#9402);
#8043=AXIS2_PLACEMENT_3D('',#14398,#9403,#9404);
#8044=AXIS2_PLACEMENT_3D('',#14401,#9407,#9408);
#8045=AXIS2_PLACEMENT_3D('',#14404,#9411,#9412);
#8046=AXIS2_PLACEMENT_3D('',#14405,#9413,#9414);
#8047=AXIS2_PLACEMENT_3D('',#14408,#9417,#9418);
#8048=AXIS2_PLACEMENT_3D('',#14410,#9420,#9421);
#8049=AXIS2_PLACEMENT_3D('',#14412,#9423,#9424);
#8050=AXIS2_PLACEMENT_3D('',#14414,#9426,#9427);
#8051=AXIS2_PLACEMENT_3D('',#14416,#9429,#9430);
#8052=AXIS2_PLACEMENT_3D('',#14418,#9432,#9433);
#8053=AXIS2_PLACEMENT_3D('',#14420,#9435,#9436);
#8054=AXIS2_PLACEMENT_3D('',#14422,#9438,#9439);
#8055=AXIS2_PLACEMENT_3D('',#14424,#9441,#9442);
#8056=AXIS2_PLACEMENT_3D('',#14426,#9444,#9445);
#8057=AXIS2_PLACEMENT_3D('',#14428,#9447,#9448);
#8058=AXIS2_PLACEMENT_3D('',#14430,#9450,#9451);
#8059=AXIS2_PLACEMENT_3D('',#14432,#9453,#9454);
#8060=AXIS2_PLACEMENT_3D('',#14434,#9456,#9457);
#8061=AXIS2_PLACEMENT_3D('',#14436,#9459,#9460);
#8062=AXIS2_PLACEMENT_3D('',#14437,#9461,#9462);
#8063=AXIS2_PLACEMENT_3D('',#14439,#9464,#9465);
#8064=AXIS2_PLACEMENT_3D('',#14441,#9467,#9468);
#8065=AXIS2_PLACEMENT_3D('',#14443,#9470,#9471);
#8066=AXIS2_PLACEMENT_3D('',#14445,#9473,#9474);
#8067=AXIS2_PLACEMENT_3D('',#14446,#9475,#9476);
#8068=AXIS2_PLACEMENT_3D('',#14455,#9481,#9482);
#8069=AXIS2_PLACEMENT_3D('',#14461,#9486,#9487);
#8070=AXIS2_PLACEMENT_3D('',#14467,#9491,#9492);
#8071=AXIS2_PLACEMENT_3D('',#14470,#9495,#9496);
#8072=AXIS2_PLACEMENT_3D('',#14471,#9497,#9498);
#8073=AXIS2_PLACEMENT_3D('',#14472,#9499,#9500);
#8074=AXIS2_PLACEMENT_3D('',#14481,#9505,#9506);
#8075=AXIS2_PLACEMENT_3D('',#14487,#9510,#9511);
#8076=AXIS2_PLACEMENT_3D('',#14493,#9515,#9516);
#8077=AXIS2_PLACEMENT_3D('',#14496,#9519,#9520);
#8078=AXIS2_PLACEMENT_3D('',#14497,#9521,#9522);
#8079=AXIS2_PLACEMENT_3D('',#14498,#9523,#9524);
#8080=AXIS2_PLACEMENT_3D('',#14500,#9525,#9526);
#8081=AXIS2_PLACEMENT_3D('',#14503,#9528,#9529);
#8082=AXIS2_PLACEMENT_3D('',#14504,#9530,#9531);
#8083=AXIS2_PLACEMENT_3D('',#14506,#9532,#9533);
#8084=AXIS2_PLACEMENT_3D('',#14509,#9535,#9536);
#8085=AXIS2_PLACEMENT_3D('',#14510,#9537,#9538);
#8086=AXIS2_PLACEMENT_3D('',#14519,#9543,#9544);
#8087=AXIS2_PLACEMENT_3D('',#14525,#9548,#9549);
#8088=AXIS2_PLACEMENT_3D('',#14531,#9553,#9554);
#8089=AXIS2_PLACEMENT_3D('',#14534,#9557,#9558);
#8090=AXIS2_PLACEMENT_3D('',#14535,#9559,#9560);
#8091=AXIS2_PLACEMENT_3D('',#14544,#9565,#9566);
#8092=AXIS2_PLACEMENT_3D('',#14551,#9571,#9572);
#8093=AXIS2_PLACEMENT_3D('',#14557,#9576,#9577);
#8094=AXIS2_PLACEMENT_3D('',#14563,#9581,#9582);
#8095=AXIS2_PLACEMENT_3D('',#14566,#9585,#9586);
#8096=AXIS2_PLACEMENT_3D('',#14567,#9587,#9588);
#8097=AXIS2_PLACEMENT_3D('',#14568,#9589,#9590);
#8098=AXIS2_PLACEMENT_3D('',#14577,#9595,#9596);
#8099=AXIS2_PLACEMENT_3D('',#14583,#9600,#9601);
#8100=AXIS2_PLACEMENT_3D('',#14589,#9605,#9606);
#8101=AXIS2_PLACEMENT_3D('',#14592,#9609,#9610);
#8102=AXIS2_PLACEMENT_3D('',#14593,#9611,#9612);
#8103=AXIS2_PLACEMENT_3D('',#14594,#9613,#9614);
#8104=AXIS2_PLACEMENT_3D('',#14603,#9619,#9620);
#8105=AXIS2_PLACEMENT_3D('',#14609,#9624,#9625);
#8106=AXIS2_PLACEMENT_3D('',#14615,#9629,#9630);
#8107=AXIS2_PLACEMENT_3D('',#14618,#9633,#9634);
#8108=AXIS2_PLACEMENT_3D('',#14619,#9635,#9636);
#8109=AXIS2_PLACEMENT_3D('',#14620,#9637,#9638);
#8110=AXIS2_PLACEMENT_3D('',#14629,#9643,#9644);
#8111=AXIS2_PLACEMENT_3D('',#14635,#9648,#9649);
#8112=AXIS2_PLACEMENT_3D('',#14641,#9653,#9654);
#8113=AXIS2_PLACEMENT_3D('',#14644,#9657,#9658);
#8114=AXIS2_PLACEMENT_3D('',#14645,#9659,#9660);
#8115=AXIS2_PLACEMENT_3D('',#14646,#9661,#9662);
#8116=AXIS2_PLACEMENT_3D('',#14655,#9667,#9668);
#8117=AXIS2_PLACEMENT_3D('',#14661,#9672,#9673);
#8118=AXIS2_PLACEMENT_3D('',#14667,#9677,#9678);
#8119=AXIS2_PLACEMENT_3D('',#14670,#9681,#9682);
#8120=AXIS2_PLACEMENT_3D('',#14671,#9683,#9684);
#8121=AXIS2_PLACEMENT_3D('',#14672,#9685,#9686);
#8122=AXIS2_PLACEMENT_3D('',#14681,#9691,#9692);
#8123=AXIS2_PLACEMENT_3D('',#14687,#9696,#9697);
#8124=AXIS2_PLACEMENT_3D('',#14693,#9701,#9702);
#8125=AXIS2_PLACEMENT_3D('',#14699,#9706,#9707);
#8126=AXIS2_PLACEMENT_3D('',#14705,#9711,#9712);
#8127=AXIS2_PLACEMENT_3D('',#14708,#9715,#9716);
#8128=AXIS2_PLACEMENT_3D('',#14709,#9717,#9718);
#8129=AXIS2_PLACEMENT_3D('',#14710,#9719,#9720);
#8130=AXIS2_PLACEMENT_3D('',#14712,#9721,#9722);
#8131=AXIS2_PLACEMENT_3D('',#14715,#9724,#9725);
#8132=AXIS2_PLACEMENT_3D('',#14716,#9726,#9727);
#8133=AXIS2_PLACEMENT_3D('',#14717,#9728,#9729);
#8134=AXIS2_PLACEMENT_3D('',#14726,#9734,#9735);
#8135=AXIS2_PLACEMENT_3D('',#14732,#9739,#9740);
#8136=AXIS2_PLACEMENT_3D('',#14738,#9744,#9745);
#8137=AXIS2_PLACEMENT_3D('',#14741,#9748,#9749);
#8138=AXIS2_PLACEMENT_3D('',#14742,#9750,#9751);
#8139=AXIS2_PLACEMENT_3D('',#14743,#9752,#9753);
#8140=AXIS2_PLACEMENT_3D('',#14752,#9758,#9759);
#8141=AXIS2_PLACEMENT_3D('',#14758,#9763,#9764);
#8142=AXIS2_PLACEMENT_3D('',#14764,#9768,#9769);
#8143=AXIS2_PLACEMENT_3D('',#14767,#9772,#9773);
#8144=AXIS2_PLACEMENT_3D('',#14768,#9774,#9775);
#8145=AXIS2_PLACEMENT_3D('',#14769,#9776,#9777);
#8146=AXIS2_PLACEMENT_3D('',#14778,#9782,#9783);
#8147=AXIS2_PLACEMENT_3D('',#14784,#9787,#9788);
#8148=AXIS2_PLACEMENT_3D('',#14790,#9792,#9793);
#8149=AXIS2_PLACEMENT_3D('',#14793,#9796,#9797);
#8150=AXIS2_PLACEMENT_3D('',#14794,#9798,#9799);
#8151=AXIS2_PLACEMENT_3D('',#14795,#9800,#9801);
#8152=AXIS2_PLACEMENT_3D('',#14804,#9806,#9807);
#8153=AXIS2_PLACEMENT_3D('',#14810,#9811,#9812);
#8154=AXIS2_PLACEMENT_3D('',#14816,#9816,#9817);
#8155=AXIS2_PLACEMENT_3D('',#14819,#9820,#9821);
#8156=AXIS2_PLACEMENT_3D('',#14820,#9822,#9823);
#8157=AXIS2_PLACEMENT_3D('',#14821,#9824,#9825);
#8158=AXIS2_PLACEMENT_3D('',#14830,#9830,#9831);
#8159=AXIS2_PLACEMENT_3D('',#14836,#9835,#9836);
#8160=AXIS2_PLACEMENT_3D('',#14842,#9840,#9841);
#8161=AXIS2_PLACEMENT_3D('',#14845,#9844,#9845);
#8162=AXIS2_PLACEMENT_3D('',#14846,#9846,#9847);
#8163=AXIS2_PLACEMENT_3D('',#14847,#9848,#9849);
#8164=AXIS2_PLACEMENT_3D('',#14856,#9854,#9855);
#8165=AXIS2_PLACEMENT_3D('',#14862,#9859,#9860);
#8166=AXIS2_PLACEMENT_3D('',#14868,#9864,#9865);
#8167=AXIS2_PLACEMENT_3D('',#14871,#9868,#9869);
#8168=AXIS2_PLACEMENT_3D('',#14872,#9870,#9871);
#8169=AXIS2_PLACEMENT_3D('',#14873,#9872,#9873);
#8170=AXIS2_PLACEMENT_3D('',#14882,#9878,#9879);
#8171=AXIS2_PLACEMENT_3D('',#14888,#9883,#9884);
#8172=AXIS2_PLACEMENT_3D('',#14894,#9888,#9889);
#8173=AXIS2_PLACEMENT_3D('',#14897,#9892,#9893);
#8174=AXIS2_PLACEMENT_3D('',#14898,#9894,#9895);
#8175=AXIS2_PLACEMENT_3D('',#14899,#9896,#9897);
#8176=AXIS2_PLACEMENT_3D('',#14908,#9902,#9903);
#8177=AXIS2_PLACEMENT_3D('',#14914,#9907,#9908);
#8178=AXIS2_PLACEMENT_3D('',#14920,#9912,#9913);
#8179=AXIS2_PLACEMENT_3D('',#14923,#9916,#9917);
#8180=AXIS2_PLACEMENT_3D('',#14924,#9918,#9919);
#8181=AXIS2_PLACEMENT_3D('',#14925,#9920,#9921);
#8182=AXIS2_PLACEMENT_3D('',#14934,#9926,#9927);
#8183=AXIS2_PLACEMENT_3D('',#14940,#9931,#9932);
#8184=AXIS2_PLACEMENT_3D('',#14944,#9935,#9936);
#8185=AXIS2_PLACEMENT_3D('',#14960,#9945,#9946);
#8186=AXIS2_PLACEMENT_3D('',#14964,#9949,#9950);
#8187=AXIS2_PLACEMENT_3D('',#14968,#9953,#9954);
#8188=AXIS2_PLACEMENT_3D('',#14970,#9956,#9957);
#8189=AXIS2_PLACEMENT_3D('',#14976,#9961,#9962);
#8190=AXIS2_PLACEMENT_3D('',#14980,#9965,#9966);
#8191=AXIS2_PLACEMENT_3D('',#14984,#9969,#9970);
#8192=AXIS2_PLACEMENT_3D('',#14986,#9972,#9973);
#8193=AXIS2_PLACEMENT_3D('',#14987,#9974,#9975);
#8194=AXIS2_PLACEMENT_3D('',#14996,#9980,#9981);
#8195=AXIS2_PLACEMENT_3D('',#15002,#9985,#9986);
#8196=AXIS2_PLACEMENT_3D('',#15012,#9992,#9993);
#8197=AXIS2_PLACEMENT_3D('',#15018,#9997,#9998);
#8198=AXIS2_PLACEMENT_3D('',#15022,#10001,#10002);
#8199=AXIS2_PLACEMENT_3D('',#15026,#10005,#10006);
#8200=AXIS2_PLACEMENT_3D('',#15028,#10008,#10009);
#8201=AXIS2_PLACEMENT_3D('',#15030,#10011,#10012);
#8202=AXIS2_PLACEMENT_3D('',#15031,#10013,#10014);
#8203=AXIS2_PLACEMENT_3D('',#15040,#10019,#10020);
#8204=AXIS2_PLACEMENT_3D('',#15046,#10024,#10025);
#8205=AXIS2_PLACEMENT_3D('',#15050,#10028,#10029);
#8206=AXIS2_PLACEMENT_3D('',#15054,#10032,#10033);
#8207=AXIS2_PLACEMENT_3D('',#15056,#10035,#10036);
#8208=AXIS2_PLACEMENT_3D('',#15057,#10037,#10038);
#8209=AXIS2_PLACEMENT_3D('',#15066,#10043,#10044);
#8210=AXIS2_PLACEMENT_3D('',#15072,#10048,#10049);
#8211=AXIS2_PLACEMENT_3D('',#15076,#10052,#10053);
#8212=AXIS2_PLACEMENT_3D('',#15080,#10056,#10057);
#8213=AXIS2_PLACEMENT_3D('',#15082,#10059,#10060);
#8214=AXIS2_PLACEMENT_3D('',#15083,#10061,#10062);
#8215=AXIS2_PLACEMENT_3D('',#15092,#10067,#10068);
#8216=AXIS2_PLACEMENT_3D('',#15098,#10072,#10073);
#8217=AXIS2_PLACEMENT_3D('',#15108,#10079,#10080);
#8218=AXIS2_PLACEMENT_3D('',#15114,#10084,#10085);
#8219=AXIS2_PLACEMENT_3D('',#15118,#10088,#10089);
#8220=AXIS2_PLACEMENT_3D('',#15122,#10092,#10093);
#8221=AXIS2_PLACEMENT_3D('',#15124,#10095,#10096);
#8222=AXIS2_PLACEMENT_3D('',#15126,#10098,#10099);
#8223=AXIS2_PLACEMENT_3D('',#15127,#10100,#10101);
#8224=AXIS2_PLACEMENT_3D('',#15136,#10106,#10107);
#8225=AXIS2_PLACEMENT_3D('',#15142,#10111,#10112);
#8226=AXIS2_PLACEMENT_3D('',#15148,#10116,#10117);
#8227=AXIS2_PLACEMENT_3D('',#15151,#10120,#10121);
#8228=AXIS2_PLACEMENT_3D('',#15152,#10122,#10123);
#8229=AXIS2_PLACEMENT_3D('',#15153,#10124,#10125);
#8230=AXIS2_PLACEMENT_3D('',#15162,#10130,#10131);
#8231=AXIS2_PLACEMENT_3D('',#15168,#10135,#10136);
#8232=AXIS2_PLACEMENT_3D('',#15174,#10140,#10141);
#8233=AXIS2_PLACEMENT_3D('',#15177,#10144,#10145);
#8234=AXIS2_PLACEMENT_3D('',#15178,#10146,#10147);
#8235=AXIS2_PLACEMENT_3D('',#15179,#10148,#10149);
#8236=AXIS2_PLACEMENT_3D('',#15188,#10154,#10155);
#8237=AXIS2_PLACEMENT_3D('',#15194,#10159,#10160);
#8238=AXIS2_PLACEMENT_3D('',#15200,#10164,#10165);
#8239=AXIS2_PLACEMENT_3D('',#15203,#10168,#10169);
#8240=AXIS2_PLACEMENT_3D('',#15204,#10170,#10171);
#8241=AXIS2_PLACEMENT_3D('',#15205,#10172,#10173);
#8242=AXIS2_PLACEMENT_3D('',#15214,#10178,#10179);
#8243=AXIS2_PLACEMENT_3D('',#15220,#10183,#10184);
#8244=AXIS2_PLACEMENT_3D('',#15226,#10188,#10189);
#8245=AXIS2_PLACEMENT_3D('',#15229,#10192,#10193);
#8246=AXIS2_PLACEMENT_3D('',#15230,#10194,#10195);
#8247=AXIS2_PLACEMENT_3D('',#15231,#10196,#10197);
#8248=AXIS2_PLACEMENT_3D('',#15240,#10202,#10203);
#8249=AXIS2_PLACEMENT_3D('',#15246,#10207,#10208);
#8250=AXIS2_PLACEMENT_3D('',#15252,#10212,#10213);
#8251=AXIS2_PLACEMENT_3D('',#15255,#10216,#10217);
#8252=AXIS2_PLACEMENT_3D('',#15256,#10218,#10219);
#8253=AXIS2_PLACEMENT_3D('',#15257,#10220,#10221);
#8254=AXIS2_PLACEMENT_3D('',#15258,#10222,#10223);
#8255=AXIS2_PLACEMENT_3D('',#15259,#10224,#10225);
#8256=AXIS2_PLACEMENT_3D('',#15260,#10226,#10227);
#8257=DIRECTION('axis',(0.,0.,1.));
#8258=DIRECTION('refdir',(1.,0.,0.));
#8259=DIRECTION('axis',(0.,0.,1.));
#8260=DIRECTION('refdir',(1.,0.,0.));
#8261=DIRECTION('center_axis',(6.93889390390108E-18,-8.52164558109453E-33,
-1.));
#8262=DIRECTION('ref_axis',(-1.,-4.99600361081344E-16,-6.93889390390108E-18));
#8263=DIRECTION('',(-0.802102779246072,0.597186010825544,-5.56570608521269E-18));
#8264=DIRECTION('',(-1.,-3.15393497850358E-30,-6.93889390390108E-18));
#8265=DIRECTION('',(-0.802102779246073,-0.597186010825543,-5.56570608521268E-18));
#8266=DIRECTION('',(0.40407977965497,-0.914723746097143,2.80386671973757E-18));
#8267=DIRECTION('center_axis',(6.93889390390108E-18,-8.52164558109453E-33,
-1.));
#8268=DIRECTION('ref_axis',(0.545857225080439,0.837878207036967,-1.03276462635647E-32));
#8269=DIRECTION('',(1.,3.15393497850358E-30,6.93889390390108E-18));
#8270=DIRECTION('center_axis',(6.93889390390108E-18,-8.52164558109453E-33,
-1.));
#8271=DIRECTION('ref_axis',(-0.545857225080437,0.837878207036969,-1.03276462635647E-32));
#8272=DIRECTION('',(0.40407977965497,0.914723746097143,2.80386671973755E-18));
#8273=DIRECTION('center_axis',(-3.15393497850358E-30,1.,-1.23259516440783E-32));
#8274=DIRECTION('ref_axis',(-1.,-3.15393497850358E-30,1.94376250168011E-62));
#8275=DIRECTION('',(-1.94376250168011E-62,1.23259516440783E-32,1.));
#8276=DIRECTION('',(1.,3.15393497850358E-30,-1.94376250168011E-62));
#8277=DIRECTION('',(1.94376250168011E-62,-1.23259516440783E-32,-1.));
#8278=DIRECTION('center_axis',(-1.94376250168011E-62,1.23259516440783E-32,
1.));
#8279=DIRECTION('ref_axis',(0.545857225080439,0.837878207036967,-1.03276462635647E-32));
#8280=DIRECTION('',(1.94376250168011E-62,-1.23259516440783E-32,-1.));
#8281=DIRECTION('center_axis',(1.94376250168011E-62,-1.23259516440783E-32,
-1.));
#8282=DIRECTION('ref_axis',(0.914723746097143,0.40407977965497,-4.98066782437697E-33));
#8283=DIRECTION('center_axis',(0.914723746097143,0.40407977965497,-4.98066782437698E-33));
#8284=DIRECTION('ref_axis',(-0.40407977965497,0.914723746097143,-1.12748406620836E-32));
#8285=DIRECTION('',(-1.94376250168011E-62,1.23259516440783E-32,1.));
#8286=DIRECTION('',(0.40407977965497,-0.914723746097143,1.12748406620836E-32));
#8287=DIRECTION('center_axis',(0.597186010825543,-0.802102779246073,9.88668007056791E-33));
#8288=DIRECTION('ref_axis',(0.802102779246073,0.597186010825543,-7.36088589195567E-33));
#8289=DIRECTION('',(-1.94376250168011E-62,1.23259516440783E-32,1.));
#8290=DIRECTION('',(-0.802102779246073,-0.597186010825543,7.36088589195567E-33));
#8291=DIRECTION('center_axis',(-0.597186010825543,0.802102779246073,-9.88668007056791E-33));
#8292=DIRECTION('ref_axis',(0.802102779246073,0.597186010825543,1.53351639360397E-15));
#8293=DIRECTION('center_axis',(-0.597186010825544,-0.802102779246073,9.88668007056791E-33));
#8294=DIRECTION('ref_axis',(0.802102779246072,-0.597186010825544,7.36088589195568E-33));
#8295=DIRECTION('',(-1.94376250168011E-62,1.23259516440783E-32,1.));
#8296=DIRECTION('center_axis',(0.597186010825544,0.802102779246073,-9.88668007056791E-33));
#8297=DIRECTION('ref_axis',(-0.802102779246073,0.597186010825544,1.3531027002388E-15));
#8298=DIRECTION('',(0.802102779246072,-0.597186010825544,7.36088589195568E-33));
#8299=DIRECTION('',(-1.94376250168011E-62,1.23259516440783E-32,1.));
#8300=DIRECTION('center_axis',(-0.914723746097143,0.40407977965497,-4.98066782437698E-33));
#8301=DIRECTION('ref_axis',(-0.40407977965497,-0.914723746097143,1.12748406620836E-32));
#8302=DIRECTION('',(-1.94376250168011E-62,1.23259516440783E-32,1.));
#8303=DIRECTION('',(0.40407977965497,0.914723746097143,-1.12748406620836E-32));
#8304=DIRECTION('center_axis',(-1.94376250168011E-62,1.23259516440783E-32,
1.));
#8305=DIRECTION('ref_axis',(-0.545857225080437,0.837878207036969,-1.03276462635647E-32));
#8306=DIRECTION('center_axis',(1.94376250168011E-62,-1.23259516440783E-32,
-1.));
#8307=DIRECTION('ref_axis',(-3.15393497850358E-30,1.,-1.23259516440783E-32));
#8308=DIRECTION('center_axis',(-0.883335971548441,-0.381804185908114,0.271924851735943));
#8309=DIRECTION('ref_axis',(-0.468740398694812,0.719505663346908,-0.512439302789272));
#8310=DIRECTION('center_axis',(-1.,-3.15393497850358E-30,1.94376250168011E-62));
#8311=DIRECTION('ref_axis',(1.94376250168011E-62,-1.23259516440783E-32,
-1.));
#8312=DIRECTION('center_axis',(0.404079779654969,0.914723746097143,-1.12748406620836E-32));
#8313=DIRECTION('ref_axis',(-0.914723746097143,0.404079779654969,-4.98066782437697E-33));
#8314=DIRECTION('center_axis',(-0.883335971548441,0.381804185908114,-0.271924851735944));
#8315=DIRECTION('ref_axis',(0.468740398694814,0.719505663346907,-0.512439302789271));
#8316=DIRECTION('center_axis',(-0.40407977965497,0.914723746097143,-1.12748406620836E-32));
#8317=DIRECTION('ref_axis',(1.94376250168011E-62,-1.23259516440783E-32,
-1.));
#8318=DIRECTION('center_axis',(1.,3.15393497850358E-30,-2.96059473233375E-15));
#8319=DIRECTION('ref_axis',(-3.15393497850358E-30,1.,-1.23259516440783E-32));
#8320=DIRECTION('center_axis',(0.40407977965497,-0.914723746097143,1.12748406620836E-32));
#8321=DIRECTION('ref_axis',(0.646807363777653,0.285727552334395,-0.707106781186546));
#8322=DIRECTION('',(-0.40407977965497,0.914723746097143,-1.12748406620836E-32));
#8323=DIRECTION('center_axis',(-1.,-3.15393497850358E-30,1.94376250168011E-62));
#8324=DIRECTION('ref_axis',(-2.23016881072133E-30,0.707106781186547,-0.707106781186548));
#8325=DIRECTION('',(-1.,-3.15393497850358E-30,1.94376250168011E-62));
#8326=DIRECTION('center_axis',(-0.40407977965497,-0.914723746097143,1.12748406620836E-32));
#8327=DIRECTION('ref_axis',(-0.646807363777651,0.285727552334394,-0.707106781186549));
#8328=DIRECTION('',(-0.40407977965497,-0.914723746097143,1.12748406620836E-32));
#8329=DIRECTION('center_axis',(3.15393497850358E-30,-1.,1.23259516440783E-32));
#8330=DIRECTION('ref_axis',(1.,3.15393497850358E-30,-1.94376250168011E-62));
#8331=DIRECTION('',(1.,3.15393497850358E-30,-1.94376250168011E-62));
#8332=DIRECTION('center_axis',(-1.94376250168011E-62,1.23259516440783E-32,
1.));
#8333=DIRECTION('ref_axis',(1.,3.15393497850358E-30,-1.94376250168011E-62));
#8334=DIRECTION('axis',(0.,0.,1.));
#8335=DIRECTION('refdir',(1.,0.,0.));
#8336=DIRECTION('center_axis',(1.,-1.50864238046833E-33,1.85954530298599E-65));
#8337=DIRECTION('ref_axis',(-1.50864238046834E-33,-1.,3.69778549322349E-32));
#8338=DIRECTION('center_axis',(1.,-1.50864238046833E-33,1.85954530298599E-65));
#8339=DIRECTION('ref_axis',(-1.50864238046834E-33,-1.,3.69778549322349E-32));
#8340=DIRECTION('',(1.,-1.50864238046834E-33,1.85954530298599E-65));
#8341=DIRECTION('center_axis',(1.,-1.50864238046833E-33,1.85954530298599E-65));
#8342=DIRECTION('ref_axis',(-1.50864238046834E-33,-1.,3.69778549322349E-32));
#8343=DIRECTION('center_axis',(-1.,1.50864238046833E-33,-1.85954530298599E-65));
#8344=DIRECTION('ref_axis',(-1.50864238046833E-33,-1.,3.69778549322349E-32));
#8345=DIRECTION('center_axis',(-1.,1.50864238046833E-33,-1.85954530298599E-65));
#8346=DIRECTION('ref_axis',(1.50864238046834E-33,1.,-3.69778549322349E-32));
#8347=DIRECTION('center_axis',(-1.,1.50864238046833E-33,-1.85954530298599E-65));
#8348=DIRECTION('ref_axis',(1.50864238046834E-33,1.,-3.69778549322349E-32));
#8349=DIRECTION('',(-1.,1.50864238046834E-33,-1.85954530298599E-65));
#8350=DIRECTION('center_axis',(-1.,1.50864238046833E-33,-1.85954530298599E-65));
#8351=DIRECTION('ref_axis',(1.50864238046834E-33,1.,-3.69778549322349E-32));
#8352=DIRECTION('center_axis',(1.,-1.50864238046833E-33,1.85954530298599E-65));
#8353=DIRECTION('ref_axis',(1.50864238046833E-33,1.,-3.69778549322349E-32));
#8354=DIRECTION('center_axis',(-0.91960999592879,-0.392832604792232,1.45261070726591E-32));
#8355=DIRECTION('ref_axis',(-0.392832604792232,0.919609995928791,-3.4005205023688E-32));
#8356=DIRECTION('center_axis',(0.919609995928794,-0.392832604792224,1.45261070726588E-32));
#8357=DIRECTION('ref_axis',(-3.71909060597198E-65,-3.69778549322349E-32,
-1.));
#8358=DIRECTION('center_axis',(-1.,1.50864238046833E-33,-1.85954530298599E-65));
#8359=DIRECTION('ref_axis',(1.06677125761458E-33,0.707106781186548,-0.707106781186547));
#8360=DIRECTION('center_axis',(-1.,1.50864238046833E-33,-1.85954530298599E-65));
#8361=DIRECTION('ref_axis',(1.50864238046833E-33,1.,-3.69778549322349E-32));
#8362=DIRECTION('',(-1.,1.50864238046833E-33,-1.85954530298599E-65));
#8363=DIRECTION('center_axis',(1.,-1.50864238046833E-33,1.85954530298599E-65));
#8364=DIRECTION('ref_axis',(-3.71909060597198E-65,-3.69778549322349E-32,
-1.));
#8365=DIRECTION('',(1.,-1.50864238046833E-33,1.85954530298599E-65));
#8366=DIRECTION('center_axis',(-0.98392636363195,0.158373518911482,-0.0825029663563803));
#8367=DIRECTION('ref_axis',(0.178574664916411,0.872620316163628,-0.45458208595201));
#8368=DIRECTION('center_axis',(-3.71909060597198E-65,-3.69778549322349E-32,
-1.));
#8369=DIRECTION('ref_axis',(1.50864238046833E-33,1.,2.7755575615629E-15));
#8370=DIRECTION('center_axis',(-1.50864238046833E-33,-1.,3.69778549322349E-32));
#8371=DIRECTION('ref_axis',(-0.707106781186546,-2.50805207187012E-32,-0.707106781186549));
#8372=DIRECTION('center_axis',(-1.50864238046833E-33,-1.,3.69778549322349E-32));
#8373=DIRECTION('ref_axis',(-1.,1.50864238046833E-33,-1.85954530298599E-65));
#8374=DIRECTION('',(-1.50864238046833E-33,-1.,3.69778549322349E-32));
#8375=DIRECTION('center_axis',(1.50864238046833E-33,1.,-3.69778549322349E-32));
#8376=DIRECTION('ref_axis',(-3.71909060597198E-65,-3.69778549322349E-32,
-1.));
#8377=DIRECTION('',(1.50864238046833E-33,1.,-3.69778549322349E-32));
#8378=DIRECTION('center_axis',(-0.816496580927728,-0.40824829046386,0.408248290463863));
#8379=DIRECTION('ref_axis',(-0.577350269189622,0.577350269189629,-0.577350269189626));
#8380=DIRECTION('center_axis',(-3.71909060597198E-65,-3.69778549322349E-32,
-1.));
#8381=DIRECTION('ref_axis',(-0.707106781186546,0.707106781186549,-2.61472919763158E-32));
#8382=DIRECTION('center_axis',(1.,-1.50864238046833E-33,1.85954530298599E-65));
#8383=DIRECTION('ref_axis',(-1.06677125761458E-33,-0.707106781186548,-0.707106781186547));
#8384=DIRECTION('center_axis',(1.,-1.50864238046833E-33,1.85954530298599E-65));
#8385=DIRECTION('ref_axis',(-1.50864238046833E-33,-1.,3.69778549322349E-32));
#8386=DIRECTION('',(1.,-1.50864238046833E-33,1.85954530298599E-65));
#8387=DIRECTION('center_axis',(-1.,1.50864238046833E-33,-1.85954530298599E-65));
#8388=DIRECTION('ref_axis',(-3.71909060597198E-65,-3.69778549322349E-32,
-1.));
#8389=DIRECTION('',(-1.,1.50864238046833E-33,-1.85954530298599E-65));
#8390=DIRECTION('center_axis',(-0.816496580927726,0.408248290463863,0.408248290463862));
#8391=DIRECTION('ref_axis',(-0.577350269189623,-0.577350269189627,-0.577350269189627));
#8392=DIRECTION('center_axis',(-3.71909060597198E-65,-3.69778549322349E-32,
-1.));
#8393=DIRECTION('ref_axis',(-0.707106781186546,-0.707106781186549,2.61472919763158E-32));
#8394=DIRECTION('center_axis',(0.997284575785297,0.0736442455371744,-2.72320622806752E-33));
#8395=DIRECTION('ref_axis',(0.0736442455371744,-0.997284575785297,3.68774443695442E-32));
#8396=DIRECTION('center_axis',(-0.877033549571181,0.480429134135905,-1.77652388272967E-32));
#8397=DIRECTION('ref_axis',(-3.71909060597198E-65,-3.69778549322349E-32,
-1.));
#8398=DIRECTION('center_axis',(-0.999456915317499,-0.029465692868884,-0.0147528765936113));
#8399=DIRECTION('ref_axis',(0.0329526087590892,-0.893698302241486,-0.447456668457021));
#8400=DIRECTION('center_axis',(-3.71909060597198E-65,-3.69778549322349E-32,
-1.));
#8401=DIRECTION('ref_axis',(0.0736442455371744,-0.997284575785297,-2.77555756156289E-16));
#8402=DIRECTION('center_axis',(-1.,1.50864238046833E-33,-1.85954530298599E-65));
#8403=DIRECTION('ref_axis',(-1.06677125761458E-33,-0.707106781186548,-0.707106781186547));
#8404=DIRECTION('center_axis',(-1.,1.50864238046833E-33,-1.85954530298599E-65));
#8405=DIRECTION('ref_axis',(-3.71909060597198E-65,-3.69778549322349E-32,
-1.));
#8406=DIRECTION('',(-1.,1.50864238046833E-33,-1.85954530298599E-65));
#8407=DIRECTION('center_axis',(1.,-1.50864238046833E-33,1.85954530298599E-65));
#8408=DIRECTION('ref_axis',(-1.50864238046833E-33,-1.,1.38777878078144E-16));
#8409=DIRECTION('',(1.,-1.50864238046833E-33,1.85954530298599E-65));
#8410=DIRECTION('center_axis',(-0.975422748470991,0.194465777442,0.103602717962302));
#8411=DIRECTION('ref_axis',(-0.220341693206933,-0.860873583910792,-0.458635160840608));
#8412=DIRECTION('center_axis',(-3.71909060597198E-65,-3.69778549322349E-32,
-1.));
#8413=DIRECTION('ref_axis',(2.22044604925031E-15,-1.,2.22044604925031E-15));
#8414=DIRECTION('center_axis',(-0.997284575785297,0.0736442455371745,-2.72320622806753E-33));
#8415=DIRECTION('ref_axis',(-3.71909060597198E-65,-3.69778549322349E-32,
-1.));
#8416=DIRECTION('center_axis',(0.877033549571174,0.480429134135918,-1.77652388272972E-32));
#8417=DIRECTION('ref_axis',(0.480429134135918,-0.877033549571174,1.38777878078145E-16));
#8418=DIRECTION('center_axis',(-0.975422748470988,-0.19446577744201,-0.103602717962307));
#8419=DIRECTION('ref_axis',(0.220341693206944,-0.86087358391079,-0.458635160840607));
#8420=DIRECTION('center_axis',(-3.71909060597198E-65,-3.69778549322349E-32,
-1.));
#8421=DIRECTION('ref_axis',(0.480429134135918,-0.877033549571174,-1.11022302462516E-15));
#8422=DIRECTION('center_axis',(-1.,1.50864238046833E-33,-1.85954530298599E-65));
#8423=DIRECTION('ref_axis',(-1.06677125761457E-33,-0.707106781186547,-0.707106781186548));
#8424=DIRECTION('center_axis',(-1.,1.50864238046833E-33,-1.85954530298599E-65));
#8425=DIRECTION('ref_axis',(-3.71909060597198E-65,-3.69778549322349E-32,
-1.));
#8426=DIRECTION('',(-1.,1.50864238046833E-33,-1.85954530298599E-65));
#8427=DIRECTION('center_axis',(1.,-1.50864238046833E-33,1.85954530298599E-65));
#8428=DIRECTION('ref_axis',(-1.50864238046833E-33,-1.,1.38777878078145E-16));
#8429=DIRECTION('',(1.,-1.50864238046833E-33,1.85954530298599E-65));
#8430=DIRECTION('center_axis',(-0.999456915317499,0.0294656928688752,0.0147528765936078));
#8431=DIRECTION('ref_axis',(-0.0329526087590821,-0.893698302241484,-0.447456668457024));
#8432=DIRECTION('center_axis',(-3.71909060597198E-65,-3.69778549322349E-32,
-1.));
#8433=DIRECTION('ref_axis',(8.88178419700125E-15,-1.,2.22044604925031E-15));
#8434=DIRECTION('center_axis',(-1.50864238046833E-33,-1.,3.69778549322349E-32));
#8435=DIRECTION('ref_axis',(0.707106781186546,-2.72140632339304E-32,-0.707106781186549));
#8436=DIRECTION('center_axis',(-1.50864238046833E-33,-1.,3.69778549322349E-32));
#8437=DIRECTION('ref_axis',(-3.71909060597198E-65,-3.69778549322349E-32,
-1.));
#8438=DIRECTION('',(-1.50864238046833E-33,-1.,3.69778549322349E-32));
#8439=DIRECTION('center_axis',(1.50864238046833E-33,1.,-3.69778549322349E-32));
#8440=DIRECTION('ref_axis',(1.,-1.50864238046833E-33,1.85954530298599E-65));
#8441=DIRECTION('',(1.50864238046833E-33,1.,-3.69778549322349E-32));
#8442=DIRECTION('center_axis',(-0.816496580927727,-0.408248290463863,-0.408248290463862));
#8443=DIRECTION('ref_axis',(0.577350269189623,-0.577350269189628,-0.577350269189626));
#8444=DIRECTION('center_axis',(-3.71909060597198E-65,-3.69778549322349E-32,
-1.));
#8445=DIRECTION('ref_axis',(0.707106781186546,-0.707106781186549,2.61472919763158E-32));
#8446=DIRECTION('center_axis',(1.,-1.50864238046833E-33,1.85954530298599E-65));
#8447=DIRECTION('ref_axis',(1.06677125761458E-33,0.707106781186548,-0.707106781186547));
#8448=DIRECTION('center_axis',(1.,-1.50864238046833E-33,1.85954530298599E-65));
#8449=DIRECTION('ref_axis',(-3.71909060597198E-65,-3.69778549322349E-32,
-1.));
#8450=DIRECTION('',(1.,-1.50864238046833E-33,1.85954530298599E-65));
#8451=DIRECTION('center_axis',(-1.,1.50864238046833E-33,-1.85954530298599E-65));
#8452=DIRECTION('ref_axis',(1.50864238046833E-33,1.,-3.69778549322349E-32));
#8453=DIRECTION('',(-1.,1.50864238046833E-33,-1.85954530298599E-65));
#8454=DIRECTION('center_axis',(-0.816496580927728,0.40824829046386,-0.408248290463863));
#8455=DIRECTION('ref_axis',(0.577350269189622,0.577350269189629,-0.577350269189626));
#8456=DIRECTION('center_axis',(-3.71909060597198E-65,-3.69778549322349E-32,
-1.));
#8457=DIRECTION('ref_axis',(0.707106781186546,0.707106781186549,-2.61472919763158E-32));
#8458=DIRECTION('center_axis',(-0.983926363631949,-0.158373518911489,0.0825029663563811));
#8459=DIRECTION('ref_axis',(-0.178574664916411,0.872620316163632,-0.454582085952004));
#8460=DIRECTION('center_axis',(-3.71909060597198E-65,-3.69778549322349E-32,
-1.));
#8461=DIRECTION('ref_axis',(-0.392832604792232,0.919609995928791,-8.32667268468866E-16));
#8462=DIRECTION('center_axis',(-5.68326001994225E-16,-2.22044604925031E-15,
-1.));
#8463=DIRECTION('ref_axis',(-1.50864238046833E-33,-1.,2.22044604925031E-15));
#8464=DIRECTION('center_axis',(-1.50864238046833E-33,-1.,3.69778549322349E-32));
#8465=DIRECTION('ref_axis',(1.,-1.50864238046833E-33,1.85954530298599E-65));
#8466=DIRECTION('',(1.,-1.50864238046833E-33,1.85954530298599E-65));
#8467=DIRECTION('center_axis',(5.68326001994242E-16,-2.22044604925032E-15,
-1.));
#8468=DIRECTION('ref_axis',(0.480429134135919,-0.877033549571173,2.22044604925032E-15));
#8469=DIRECTION('center_axis',(-8.18726965778715E-17,-2.22044604925031E-15,
-1.));
#8470=DIRECTION('ref_axis',(-1.50864238046833E-33,-1.,2.22044604925031E-15));
#8471=DIRECTION('center_axis',(-1.50864238046833E-33,-1.,3.69778549322349E-32));
#8472=DIRECTION('ref_axis',(1.,-1.50864238046833E-33,1.85954530298599E-65));
#8473=DIRECTION('',(-3.71909060597198E-65,-3.69778549322349E-32,-1.));
#8474=DIRECTION('',(1.,-1.50864238046833E-33,1.85954530298599E-65));
#8475=DIRECTION('center_axis',(3.71909060597198E-65,3.69778549322349E-32,
1.));
#8476=DIRECTION('ref_axis',(0.707106781186546,-0.707106781186549,2.61472919763158E-32));
#8477=DIRECTION('',(3.71909060597198E-65,3.69778549322349E-32,1.));
#8478=DIRECTION('center_axis',(-3.71909060597198E-65,-3.69778549322349E-32,
-1.));
#8479=DIRECTION('ref_axis',(1.,-1.50864238046833E-33,1.85954530298599E-65));
#8480=DIRECTION('center_axis',(1.,-1.50864238046833E-33,1.85954530298599E-65));
#8481=DIRECTION('ref_axis',(1.50864238046833E-33,1.,-3.69778549322349E-32));
#8482=DIRECTION('',(-3.71909060597198E-65,-3.69778549322349E-32,-1.));
#8483=DIRECTION('',(1.50864238046833E-33,1.,-3.69778549322349E-32));
#8484=DIRECTION('center_axis',(3.71909060597198E-65,3.69778549322349E-32,
1.));
#8485=DIRECTION('ref_axis',(0.707106781186546,0.707106781186549,-2.61472919763158E-32));
#8486=DIRECTION('',(3.71909060597198E-65,3.69778549322349E-32,1.));
#8487=DIRECTION('center_axis',(-3.71909060597198E-65,-3.69778549322349E-32,
-1.));
#8488=DIRECTION('ref_axis',(1.50864238046833E-33,1.,-3.69778549322349E-32));
#8489=DIRECTION('center_axis',(1.50864238046833E-33,1.,-3.69778549322349E-32));
#8490=DIRECTION('ref_axis',(-1.,1.50864238046833E-33,-1.85954530298599E-65));
#8491=DIRECTION('',(-1.,1.50864238046833E-33,-1.85954530298599E-65));
#8492=DIRECTION('center_axis',(3.71909060597198E-65,3.69778549322349E-32,
1.));
#8493=DIRECTION('ref_axis',(1.,-1.50864238046833E-33,1.85954530298599E-65));
#8494=DIRECTION('center_axis',(3.71909060597198E-65,3.69778549322349E-32,
1.));
#8495=DIRECTION('ref_axis',(-0.707106781186546,-0.707106781186549,2.61472919763158E-32));
#8496=DIRECTION('',(3.71909060597198E-65,3.69778549322349E-32,1.));
#8497=DIRECTION('center_axis',(-3.71909060597198E-65,-3.69778549322349E-32,
-1.));
#8498=DIRECTION('ref_axis',(-1.50864238046833E-33,-1.,3.69778549322349E-32));
#8499=DIRECTION('',(-3.71909060597198E-65,-3.69778549322349E-32,-1.));
#8500=DIRECTION('center_axis',(0.40824829046386,-0.816496580927727,-0.408248290463865));
#8501=DIRECTION('ref_axis',(-0.577350269189623,-0.577350269189627,0.577350269189627));
#8502=DIRECTION('center_axis',(-1.,1.50864238046833E-33,-1.85954530298599E-65));
#8503=DIRECTION('ref_axis',(-1.06677125761457E-33,-0.707106781186547,0.707106781186548));
#8504=DIRECTION('center_axis',(-1.50864238046833E-33,-1.,3.69778549322349E-32));
#8505=DIRECTION('ref_axis',(-0.707106781186546,2.72140632339304E-32,0.707106781186549));
#8506=DIRECTION('center_axis',(1.,-1.50864238046833E-33,1.85954530298599E-65));
#8507=DIRECTION('ref_axis',(-1.06677125761457E-33,-0.707106781186547,0.707106781186548));
#8508=DIRECTION('',(1.,-1.50864238046833E-33,1.85954530298599E-65));
#8509=DIRECTION('center_axis',(1.,-1.50864238046833E-33,1.85954530298599E-65));
#8510=DIRECTION('ref_axis',(-1.06677125761457E-33,-0.707106781186547,0.707106781186548));
#8511=DIRECTION('',(-1.,1.50864238046833E-33,-1.85954530298599E-65));
#8512=DIRECTION('center_axis',(-1.50864238046833E-33,-1.,3.69778549322349E-32));
#8513=DIRECTION('ref_axis',(1.,-1.50864238046833E-33,1.85954530298599E-65));
#8514=DIRECTION('center_axis',(8.18726965779385E-17,-2.22044604925031E-15,
-1.));
#8515=DIRECTION('ref_axis',(0.0736442455371745,-0.997284575785297,2.22044604925031E-15));
#8516=DIRECTION('center_axis',(-0.999456915317498,-0.0294656928689162,0.0147528765936276));
#8517=DIRECTION('ref_axis',(0.0329526087591247,-0.893698302241485,0.44745666845702));
#8518=DIRECTION('center_axis',(-0.997284575785297,-0.0736442455371738,2.7232062280675E-33));
#8519=DIRECTION('ref_axis',(0.0736442455371832,-0.997284575785297,3.68774443695442E-32));
#8520=DIRECTION('center_axis',(0.877033549571176,-0.480429134135914,1.77652388272971E-32));
#8521=DIRECTION('ref_axis',(-0.48042913413591,-0.877033549571178,3.24308193667461E-32));
#8522=DIRECTION('center_axis',(-0.975422748470992,0.194465777441996,-0.103602717962298));
#8523=DIRECTION('ref_axis',(-0.220341693206926,-0.860873583910797,0.458635160840602));
#8524=DIRECTION('center_axis',(-1.,1.50864238046833E-33,-1.85954530298599E-65));
#8525=DIRECTION('ref_axis',(-1.06677125761458E-33,-0.707106781186548,0.707106781186548));
#8526=DIRECTION('center_axis',(1.,-1.50864238046833E-33,1.85954530298599E-65));
#8527=DIRECTION('ref_axis',(-1.06677125761458E-33,-0.707106781186548,0.707106781186548));
#8528=DIRECTION('center_axis',(1.,-1.50864238046833E-33,1.85954530298599E-65));
#8529=DIRECTION('ref_axis',(-1.06677125761458E-33,-0.707106781186548,0.707106781186548));
#8530=DIRECTION('',(-1.,1.50864238046833E-33,-1.85954530298599E-65));
#8531=DIRECTION('center_axis',(-0.975422748470993,-0.194465777441993,0.103602717962296));
#8532=DIRECTION('ref_axis',(0.220341693206922,-0.860873583910799,0.458635160840601));
#8533=DIRECTION('center_axis',(-0.877033549571184,-0.480429134135899,1.77652388272965E-32));
#8534=DIRECTION('ref_axis',(0.480429134135914,-0.877033549571176,3.2430819366746E-32));
#8535=DIRECTION('center_axis',(0.997284575785298,-0.0736442455371689,2.72320622806732E-33));
#8536=DIRECTION('ref_axis',(-0.0736442455371301,-0.997284575785301,3.68774443695443E-32));
#8537=DIRECTION('center_axis',(-0.999456915317499,0.0294656928688716,-0.0147528765936062));
#8538=DIRECTION('ref_axis',(-0.0329526087590821,-0.893698302241485,0.447456668457022));
#8539=DIRECTION('center_axis',(-1.,1.50864238046833E-33,-1.85954530298599E-65));
#8540=DIRECTION('ref_axis',(-1.06677125761457E-33,-0.707106781186547,0.707106781186548));
#8541=DIRECTION('center_axis',(1.,-1.50864238046833E-33,1.85954530298599E-65));
#8542=DIRECTION('ref_axis',(-1.06677125761457E-33,-0.707106781186547,0.707106781186548));
#8543=DIRECTION('center_axis',(1.,-1.50864238046833E-33,1.85954530298599E-65));
#8544=DIRECTION('ref_axis',(-1.06677125761457E-33,-0.707106781186547,0.707106781186548));
#8545=DIRECTION('',(-1.,1.50864238046833E-33,-1.85954530298599E-65));
#8546=DIRECTION('center_axis',(-0.40824829046386,-0.816496580927727,-0.408248290463864));
#8547=DIRECTION('ref_axis',(0.577350269189623,-0.577350269189626,0.577350269189628));
#8548=DIRECTION('center_axis',(-1.50864238046833E-33,-1.,3.69778549322349E-32));
#8549=DIRECTION('ref_axis',(0.707106781186546,2.50805207187012E-32,0.707106781186549));
#8550=DIRECTION('center_axis',(1.50864238046833E-33,1.,-3.69778549322349E-32));
#8551=DIRECTION('ref_axis',(0.707106781186546,2.50805207187012E-32,0.707106781186549));
#8552=DIRECTION('center_axis',(1.50864238046833E-33,1.,-3.69778549322349E-32));
#8553=DIRECTION('ref_axis',(0.707106781186546,2.50805207187012E-32,0.707106781186549));
#8554=DIRECTION('',(-1.50864238046833E-33,-1.,3.69778549322349E-32));
#8555=DIRECTION('center_axis',(3.71909060597198E-65,3.69778549322349E-32,
1.));
#8556=DIRECTION('ref_axis',(-0.707106781186546,0.707106781186549,-2.61472919763158E-32));
#8557=DIRECTION('',(3.71909060597198E-65,3.69778549322349E-32,1.));
#8558=DIRECTION('center_axis',(-3.71909060597198E-65,-3.69778549322349E-32,
-1.));
#8559=DIRECTION('ref_axis',(-1.,1.50864238046833E-33,-1.85954530298599E-65));
#8560=DIRECTION('',(-3.71909060597198E-65,-3.69778549322349E-32,-1.));
#8561=DIRECTION('center_axis',(-0.40824829046386,-0.816496580927727,0.408248290463865));
#8562=DIRECTION('ref_axis',(-0.577350269189622,0.577350269189629,0.577350269189626));
#8563=DIRECTION('center_axis',(1.50864238046833E-33,1.,-3.69778549322349E-32));
#8564=DIRECTION('ref_axis',(-0.707106781186546,2.72140632339304E-32,0.707106781186549));
#8565=DIRECTION('center_axis',(-1.,1.50864238046833E-33,-1.85954530298599E-65));
#8566=DIRECTION('ref_axis',(1.06677125761458E-33,0.707106781186548,0.707106781186548));
#8567=DIRECTION('center_axis',(-1.,1.50864238046833E-33,-1.85954530298599E-65));
#8568=DIRECTION('ref_axis',(-1.50864238046833E-33,-1.,3.69778549322349E-32));
#8569=DIRECTION('',(-1.50864238046833E-33,-1.,3.69778549322349E-32));
#8570=DIRECTION('center_axis',(1.50864238046833E-33,1.,-3.69778549322349E-32));
#8571=DIRECTION('ref_axis',(-1.,1.50864238046833E-33,-1.85954530298599E-65));
#8572=DIRECTION('',(-1.,1.50864238046833E-33,-1.85954530298599E-65));
#8573=DIRECTION('center_axis',(4.54396261312196E-16,2.22044604925031E-15,
-1.));
#8574=DIRECTION('ref_axis',(1.50864238046833E-33,1.,2.22044604925031E-15));
#8575=DIRECTION('center_axis',(-0.983926363631949,0.158373518911489,0.0825029663563812));
#8576=DIRECTION('ref_axis',(0.178574664916418,0.872620316163631,0.454582085952002));
#8577=DIRECTION('center_axis',(1.,-1.50864238046833E-33,1.85954530298599E-65));
#8578=DIRECTION('ref_axis',(1.06677125761458E-33,0.707106781186548,0.707106781186548));
#8579=DIRECTION('center_axis',(-0.919609995928794,0.392832604792223,-1.45261070726588E-32));
#8580=DIRECTION('ref_axis',(0.392832604792221,0.919609995928796,-3.40052050236882E-32));
#8581=DIRECTION('center_axis',(-1.,1.50864238046833E-33,-1.85954530298599E-65));
#8582=DIRECTION('ref_axis',(1.06677125761458E-33,0.707106781186548,0.707106781186548));
#8583=DIRECTION('',(1.,-1.50864238046833E-33,1.85954530298599E-65));
#8584=DIRECTION('center_axis',(0.40824829046386,-0.816496580927727,0.408248290463865));
#8585=DIRECTION('ref_axis',(0.577350269189622,0.577350269189629,0.577350269189626));
#8586=DIRECTION('center_axis',(1.,-1.50864238046833E-33,1.85954530298599E-65));
#8587=DIRECTION('ref_axis',(1.06677125761458E-33,0.707106781186548,0.707106781186548));
#8588=DIRECTION('center_axis',(-1.,1.50864238046833E-33,-1.85954530298599E-65));
#8589=DIRECTION('ref_axis',(1.06677125761458E-33,0.707106781186548,0.707106781186548));
#8590=DIRECTION('center_axis',(-1.,1.50864238046833E-33,-1.85954530298599E-65));
#8591=DIRECTION('ref_axis',(1.06677125761458E-33,0.707106781186548,0.707106781186548));
#8592=DIRECTION('',(1.,-1.50864238046833E-33,1.85954530298599E-65));
#8593=DIRECTION('center_axis',(-4.54396261312222E-16,2.22044604925032E-15,
-1.));
#8594=DIRECTION('ref_axis',(-0.392832604792225,0.919609995928794,2.22044604925032E-15));
#8595=DIRECTION('center_axis',(-0.983926363631951,-0.158373518911482,-0.082502966356376));
#8596=DIRECTION('ref_axis',(-0.178574664916404,0.872620316163634,0.454582085952003));
#8597=DIRECTION('center_axis',(0.91960999592879,0.392832604792234,-1.45261070726592E-32));
#8598=DIRECTION('ref_axis',(-0.392832604792241,0.919609995928787,-3.40052050236878E-32));
#8599=DIRECTION('',(3.71909060597198E-65,3.69778549322349E-32,1.));
#8600=DIRECTION('center_axis',(-1.50864238046833E-33,-1.,3.69778549322349E-32));
#8601=DIRECTION('ref_axis',(-0.707106781186546,2.72140632339304E-32,0.707106781186549));
#8602=DIRECTION('',(1.50864238046833E-33,1.,-3.69778549322349E-32));
#8603=DIRECTION('center_axis',(3.71909060597198E-65,3.69778549322349E-32,
1.));
#8604=DIRECTION('ref_axis',(1.,-1.50864238046833E-33,1.85954530298599E-65));
#8605=DIRECTION('axis',(0.,0.,1.));
#8606=DIRECTION('refdir',(1.,0.,0.));
#8607=DIRECTION('center_axis',(1.,4.67679137945632E-32,2.22044604925031E-16));
#8608=DIRECTION('ref_axis',(-2.22044604925031E-16,-1.23259516440783E-32,
1.));
#8609=DIRECTION('center_axis',(-1.,-4.67679137945632E-32,-2.22044604925031E-16));
#8610=DIRECTION('ref_axis',(-2.22044604925031E-16,-1.23259516440783E-32,
1.));
#8611=DIRECTION('center_axis',(1.,4.67679137945632E-32,2.22044604925031E-16));
#8612=DIRECTION('ref_axis',(-2.22044604925031E-16,-1.23259516440783E-32,
1.));
#8613=DIRECTION('',(-1.,-4.67679137945632E-32,-2.22044604925031E-16));
#8614=DIRECTION('center_axis',(-1.,-4.67679137945632E-32,-2.22044604925031E-16));
#8615=DIRECTION('ref_axis',(-2.22044604925031E-16,-1.23259516440783E-32,
1.));
#8616=DIRECTION('center_axis',(-1.,-4.67679137945632E-32,-2.22044604925031E-16));
#8617=DIRECTION('ref_axis',(-2.22044604925031E-16,-1.23259516440783E-32,
1.));
#8618=DIRECTION('',(1.,4.67679137945632E-32,2.22044604925031E-16));
#8619=DIRECTION('center_axis',(-1.,-4.67679137945632E-32,-2.22044604925031E-16));
#8620=DIRECTION('ref_axis',(-2.22044604925031E-16,-1.23259516440783E-32,
1.));
#8621=DIRECTION('center_axis',(-1.,-4.67679137945632E-32,-2.22044604925031E-16));
#8622=DIRECTION('ref_axis',(-2.22044604925031E-16,-1.23259516440783E-32,
1.));
#8623=DIRECTION('center_axis',(-1.,-4.67679137945632E-32,-2.22044604925031E-16));
#8624=DIRECTION('ref_axis',(-2.22044604925031E-16,-1.23259516440783E-32,
1.));
#8625=DIRECTION('center_axis',(1.,4.67679137945632E-32,2.22044604925031E-16));
#8626=DIRECTION('ref_axis',(0.,0.,-1.));
#8627=DIRECTION('center_axis',(9.34460738668124E-32,-1.,-2.10219744307722E-16));
#8628=DIRECTION('ref_axis',(0.,-2.10219744307722E-16,1.));
#8629=DIRECTION('center_axis',(1.,4.67679137945632E-32,2.22044604925031E-16));
#8630=DIRECTION('ref_axis',(-2.22044604925031E-16,-1.23259516440783E-32,
1.));
#8631=DIRECTION('center_axis',(1.,4.67679137945632E-32,2.22044604925031E-16));
#8632=DIRECTION('ref_axis',(-2.22044604925031E-16,-1.23259516440783E-32,
1.));
#8633=DIRECTION('center_axis',(-1.,-4.67679137945632E-32,-2.22044604925031E-16));
#8634=DIRECTION('ref_axis',(-2.22044604925031E-16,-1.23259516440783E-32,
1.));
#8635=DIRECTION('',(1.,4.67679137945632E-32,2.22044604925031E-16));
#8636=DIRECTION('center_axis',(1.,4.67679137945632E-32,2.22044604925031E-16));
#8637=DIRECTION('ref_axis',(-2.22044604925031E-16,-1.23259516440783E-32,
1.));
#8638=DIRECTION('',(-1.,-4.67679137945632E-32,-2.22044604925031E-16));
#8639=DIRECTION('center_axis',(0.707106781186549,0.657728397696473,0.259602301345018));
#8640=DIRECTION('ref_axis',(-0.707106781186547,0.657728397696475,0.259602301345018));
#8641=DIRECTION('center_axis',(1.,4.67679137945632E-32,2.22044604925031E-16));
#8642=DIRECTION('ref_axis',(-2.22044604925031E-16,-1.23259516440783E-32,
1.));
#8643=DIRECTION('center_axis',(0.707106781186539,-0.65772839769648,-0.259602301345025));
#8644=DIRECTION('ref_axis',(0.707106781186556,0.657728397696464,0.25960230134502));
#8645=DIRECTION('',(1.,4.67679137945632E-32,2.22044604925031E-16));
#8646=DIRECTION('center_axis',(1.,4.67679137945632E-32,2.22044604925031E-16));
#8647=DIRECTION('ref_axis',(-2.22044604925031E-16,-1.23259516440783E-32,
1.));
#8648=DIRECTION('',(-1.,-4.67679137945632E-32,-2.22044604925031E-16));
#8649=DIRECTION('center_axis',(0.707106781186551,0.104785316983579,0.699299676351023));
#8650=DIRECTION('ref_axis',(-0.707106781186544,0.10478531698358,0.69929967635103));
#8651=DIRECTION('center_axis',(1.,4.67679137945632E-32,2.22044604925031E-16));
#8652=DIRECTION('ref_axis',(-2.22044604925031E-16,-1.23259516440783E-32,
1.));
#8653=DIRECTION('center_axis',(0.707106781186551,-0.111336521127391,-0.698286602379886));
#8654=DIRECTION('ref_axis',(0.707106781186544,0.111336521127392,0.698286602379893));
#8655=DIRECTION('',(1.,4.67679137945632E-32,2.22044604925031E-16));
#8656=DIRECTION('center_axis',(1.,4.67679137945632E-32,2.22044604925031E-16));
#8657=DIRECTION('ref_axis',(-2.22044604925031E-16,-1.23259516440783E-32,
1.));
#8658=DIRECTION('',(-1.,-4.67679137945632E-32,-2.22044604925031E-16));
#8659=DIRECTION('center_axis',(0.707106781186555,-0.55307348036867,0.440578852548413));
#8660=DIRECTION('ref_axis',(-0.70710678118654,-0.553073480368682,0.440578852548422));
#8661=DIRECTION('center_axis',(1.,4.67679137945632E-32,2.22044604925031E-16));
#8662=DIRECTION('ref_axis',(-2.22044604925031E-16,-1.23259516440783E-32,
1.));
#8663=DIRECTION('center_axis',(0.70710678118655,0.54976461202303,-0.444700878532036));
#8664=DIRECTION('ref_axis',(0.707106781186545,-0.549764612023033,0.444700878532039));
#8665=DIRECTION('',(1.,4.67679137945632E-32,2.22044604925031E-16));
#8666=DIRECTION('center_axis',(1.,4.67679137945632E-32,2.22044604925031E-16));
#8667=DIRECTION('ref_axis',(-2.22044604925031E-16,-1.23259516440783E-32,
1.));
#8668=DIRECTION('',(-1.,-4.67679137945632E-32,-2.22044604925031E-16));
#8669=DIRECTION('center_axis',(0.70710678118655,-0.658119275062026,-0.258609782861806));
#8670=DIRECTION('ref_axis',(0.707106781186545,0.65811927506203,0.258609782861808));
#8671=DIRECTION('center_axis',(1.,4.67679137945632E-32,2.22044604925031E-16));
#8672=DIRECTION('ref_axis',(-2.22044604925031E-16,-1.23259516440783E-32,
1.));
#8673=DIRECTION('center_axis',(0.707106781186547,0.65772839769647,0.259602301345027));
#8674=DIRECTION('ref_axis',(-0.707106781186548,0.65772839769647,0.259602301345026));
#8675=DIRECTION('',(1.,4.67679137945632E-32,2.22044604925031E-16));
#8676=DIRECTION('center_axis',(1.,4.67679137945632E-32,2.22044604925031E-16));
#8677=DIRECTION('ref_axis',(-2.22044604925031E-16,-1.23259516440783E-32,
1.));
#8678=DIRECTION('',(-1.,-4.67679137945632E-32,-2.22044604925031E-16));
#8679=DIRECTION('center_axis',(0.707106781186552,-0.104042011002545,-0.699410651868085));
#8680=DIRECTION('ref_axis',(0.707106781186543,0.104042011002546,0.699410651868094));
#8681=DIRECTION('center_axis',(1.,4.67679137945632E-32,2.22044604925031E-16));
#8682=DIRECTION('ref_axis',(-2.22044604925031E-16,-1.23259516440783E-32,
1.));
#8683=DIRECTION('center_axis',(0.707106781186552,0.104042011002544,0.699410651868086));
#8684=DIRECTION('ref_axis',(-0.707106781186544,0.104042011002545,0.699410651868094));
#8685=DIRECTION('',(1.,4.67679137945632E-32,2.22044604925031E-16));
#8686=DIRECTION('center_axis',(1.,4.67679137945632E-32,2.22044604925031E-16));
#8687=DIRECTION('ref_axis',(-2.22044604925031E-16,-1.23259516440783E-32,
1.));
#8688=DIRECTION('',(-1.,-4.67679137945632E-32,-2.22044604925031E-16));
#8689=DIRECTION('center_axis',(0.707106781186547,0.553686386693929,-0.439808350523068));
#8690=DIRECTION('ref_axis',(0.707106781186549,-0.553686386693927,0.439808350523067));
#8691=DIRECTION('center_axis',(1.,4.67679137945632E-32,2.22044604925031E-16));
#8692=DIRECTION('ref_axis',(-2.22044604925031E-16,-1.23259516440783E-32,
1.));
#8693=DIRECTION('center_axis',(0.707106781186542,-0.55368638669393,0.439808350523074));
#8694=DIRECTION('ref_axis',(-0.707106781186553,-0.553686386693922,0.439808350523067));
#8695=DIRECTION('',(1.,4.67679137945632E-32,2.22044604925031E-16));
#8696=DIRECTION('center_axis',(1.,4.67679137945632E-32,2.22044604925031E-16));
#8697=DIRECTION('ref_axis',(-2.22044604925031E-16,-1.23259516440783E-32,
1.));
#8698=DIRECTION('center_axis',(1.,4.67679137945632E-32,2.22044604925031E-16));
#8699=DIRECTION('ref_axis',(2.22044604925031E-16,1.23259516440783E-32,-1.));
#8700=DIRECTION('center_axis',(1.,4.67679137945632E-32,2.22044604925031E-16));
#8701=DIRECTION('ref_axis',(2.22044604925031E-16,1.23259516440783E-32,-1.));
#8702=DIRECTION('',(0.707106781186551,8.65956056235489E-17,0.707106781186544));
#8703=DIRECTION('center_axis',(-1.,-4.67679137945632E-32,-2.22044604925031E-16));
#8704=DIRECTION('ref_axis',(2.22044604925031E-16,1.23259516440783E-32,-1.));
#8705=DIRECTION('center_axis',(-1.,-4.67679137945632E-32,-2.22044604925031E-16));
#8706=DIRECTION('ref_axis',(2.22044604925031E-16,1.23259516440783E-32,-1.));
#8707=DIRECTION('center_axis',(-1.,-4.67679137945632E-32,-2.22044604925031E-16));
#8708=DIRECTION('ref_axis',(2.22044604925031E-16,1.23259516440783E-32,-1.));
#8709=DIRECTION('center_axis',(-1.,-4.67679137945632E-32,-2.22044604925031E-16));
#8710=DIRECTION('ref_axis',(2.22044604925031E-16,1.23259516440783E-32,-1.));
#8711=DIRECTION('center_axis',(-1.,-4.67679137945632E-32,-2.22044604925031E-16));
#8712=DIRECTION('ref_axis',(2.22044604925031E-16,1.23259516440783E-32,-1.));
#8713=DIRECTION('center_axis',(-1.,-4.67679137945632E-32,-2.22044604925031E-16));
#8714=DIRECTION('ref_axis',(2.22044604925031E-16,1.23259516440783E-32,-1.));
#8715=DIRECTION('center_axis',(-1.,-4.67679137945632E-32,-2.22044604925031E-16));
#8716=DIRECTION('ref_axis',(2.22044604925031E-16,1.23259516440783E-32,-1.));
#8717=DIRECTION('center_axis',(-1.,-4.67679137945632E-32,-2.22044604925031E-16));
#8718=DIRECTION('ref_axis',(2.22044604925031E-16,1.23259516440783E-32,-1.));
#8719=DIRECTION('center_axis',(-1.,-4.67679137945632E-32,-2.22044604925031E-16));
#8720=DIRECTION('ref_axis',(2.22044604925031E-16,1.23259516440783E-32,-1.));
#8721=DIRECTION('center_axis',(-1.,-4.67679137945632E-32,-2.22044604925031E-16));
#8722=DIRECTION('ref_axis',(2.22044604925031E-16,1.23259516440783E-32,-1.));
#8723=DIRECTION('center_axis',(-1.,-4.67679137945632E-32,-2.22044604925031E-16));
#8724=DIRECTION('ref_axis',(2.22044604925031E-16,1.23259516440783E-32,-1.));
#8725=DIRECTION('center_axis',(-1.,-4.67679137945632E-32,-2.22044604925031E-16));
#8726=DIRECTION('ref_axis',(2.22044604925031E-16,1.23259516440783E-32,-1.));
#8727=DIRECTION('center_axis',(-1.,-4.67679137945632E-32,-2.22044604925031E-16));
#8728=DIRECTION('ref_axis',(2.22044604925031E-16,1.23259516440783E-32,-1.));
#8729=DIRECTION('center_axis',(-1.,-4.67679137945632E-32,-2.22044604925031E-16));
#8730=DIRECTION('ref_axis',(2.22044604925031E-16,1.23259516440783E-32,-1.));
#8731=DIRECTION('',(1.,4.67679137945632E-32,2.22044604925031E-16));
#8732=DIRECTION('center_axis',(1.,4.67679137945632E-32,2.22044604925031E-16));
#8733=DIRECTION('ref_axis',(2.22044604925031E-16,1.23259516440783E-32,-1.));
#8734=DIRECTION('',(-1.,-4.67679137945632E-32,-2.22044604925031E-16));
#8735=DIRECTION('center_axis',(-1.,-4.67679137945632E-32,-2.22044604925031E-16));
#8736=DIRECTION('ref_axis',(-2.13874228730409E-16,0.268771749187884,0.963203896814421));
#8737=DIRECTION('',(1.,4.67679137945632E-32,2.22044604925031E-16));
#8738=DIRECTION('center_axis',(1.,4.67679137945632E-32,2.22044604925031E-16));
#8739=DIRECTION('ref_axis',(2.22044604925031E-16,1.23259516440783E-32,-1.));
#8740=DIRECTION('',(-1.,-4.67679137945632E-32,-2.22044604925031E-16));
#8741=DIRECTION('center_axis',(-1.,-4.67679137945632E-32,-2.22044604925031E-16));
#8742=DIRECTION('ref_axis',(2.22044604925031E-16,1.23259516440783E-32,-1.));
#8743=DIRECTION('',(1.,4.67679137945632E-32,2.22044604925031E-16));
#8744=DIRECTION('center_axis',(1.,4.67679137945632E-32,2.22044604925031E-16));
#8745=DIRECTION('ref_axis',(2.22044604925031E-16,1.23259516440783E-32,-1.));
#8746=DIRECTION('',(-1.,-4.67679137945632E-32,-2.22044604925031E-16));
#8747=DIRECTION('center_axis',(-1.,-4.67679137945632E-32,-2.22044604925031E-16));
#8748=DIRECTION('ref_axis',(2.22044604925031E-16,1.23259516440783E-32,-1.));
#8749=DIRECTION('',(1.,4.67679137945632E-32,2.22044604925031E-16));
#8750=DIRECTION('center_axis',(1.,4.67679137945632E-32,2.22044604925031E-16));
#8751=DIRECTION('ref_axis',(2.22044604925031E-16,1.23259516440783E-32,-1.));
#8752=DIRECTION('',(-1.,-4.67679137945632E-32,-2.22044604925031E-16));
#8753=DIRECTION('center_axis',(-1.,-4.67679137945632E-32,-2.22044604925031E-16));
#8754=DIRECTION('ref_axis',(2.22044604925031E-16,1.23259516440783E-32,-1.));
#8755=DIRECTION('',(1.,4.67679137945632E-32,2.22044604925031E-16));
#8756=DIRECTION('center_axis',(1.,4.67679137945632E-32,2.22044604925031E-16));
#8757=DIRECTION('ref_axis',(2.22044604925031E-16,1.23259516440783E-32,-1.));
#8758=DIRECTION('',(-1.,-4.67679137945632E-32,-2.22044604925031E-16));
#8759=DIRECTION('center_axis',(-1.,-4.67679137945632E-32,-2.22044604925031E-16));
#8760=DIRECTION('ref_axis',(2.22044604925031E-16,1.23259516440783E-32,-1.));
#8761=DIRECTION('',(1.,4.67679137945632E-32,2.22044604925031E-16));
#8762=DIRECTION('center_axis',(1.,4.67679137945632E-32,2.22044604925031E-16));
#8763=DIRECTION('ref_axis',(2.22044604925031E-16,1.23259516440783E-32,-1.));
#8764=DIRECTION('',(-1.,-4.67679137945632E-32,-2.22044604925031E-16));
#8765=DIRECTION('center_axis',(-1.,-4.67679137945632E-32,-2.22044604925031E-16));
#8766=DIRECTION('ref_axis',(2.22044604925031E-16,1.23259516440783E-32,-1.));
#8767=DIRECTION('center_axis',(-0.707106781186547,-0.553686386693929,0.439808350523068));
#8768=DIRECTION('ref_axis',(0.528155399181864,1.42341722699632E-32,0.849147734092864));
#8769=DIRECTION('',(1.73867764044801E-16,-0.621982934154663,-0.783030797363908));
#8770=DIRECTION('',(-1.73867764044801E-16,0.621982934154663,0.783030797363908));
#8771=DIRECTION('',(-1.,-4.67679137945632E-32,-2.22044604925031E-16));
#8772=DIRECTION('center_axis',(-1.38107954884484E-16,-0.783030797363908,
0.621982934154663));
#8773=DIRECTION('ref_axis',(-1.73867764044801E-16,0.621982934154663,0.783030797363908));
#8774=DIRECTION('',(1.73867764044801E-16,-0.621982934154663,-0.783030797363908));
#8775=DIRECTION('center_axis',(-0.707106781186542,0.55368638669393,-0.439808350523074));
#8776=DIRECTION('ref_axis',(-0.528155399181871,-3.51672800881781E-32,0.84914773409286));
#8777=DIRECTION('',(1.738677640448E-16,-0.621982934154667,-0.783030797363904));
#8778=DIRECTION('',(-1.738677640448E-16,0.621982934154667,0.783030797363904));
#8779=DIRECTION('center_axis',(1.38107954884485E-16,0.783030797363904,-0.621982934154667));
#8780=DIRECTION('ref_axis',(1.738677640448E-16,-0.621982934154667,-0.783030797363904));
#8781=DIRECTION('',(-1.,-4.67679137945632E-32,-2.22044604925031E-16));
#8782=DIRECTION('',(-1.738677640448E-16,0.621982934154667,0.783030797363904));
#8783=DIRECTION('center_axis',(-0.707106781186549,-0.657728397696473,-0.259602301345018));
#8784=DIRECTION('ref_axis',(-0.344640582408853,-2.76889197769313E-32,0.93873471702973));
#8785=DIRECTION('',(2.06538879417079E-16,0.367133095385391,-0.930168420380278));
#8786=DIRECTION('',(-2.06538879417079E-16,-0.367133095385391,0.930168420380278));
#8787=DIRECTION('',(-1.,-4.67679137945632E-32,-2.22044604925031E-16));
#8788=DIRECTION('center_axis',(8.15199231197531E-17,-0.930168420380278,
-0.367133095385391));
#8789=DIRECTION('ref_axis',(-2.06538879417079E-16,-0.367133095385391,0.930168420380278));
#8790=DIRECTION('',(2.06538879417079E-16,0.367133095385391,-0.930168420380278));
#8791=DIRECTION('center_axis',(-0.707106781186539,0.65772839769648,0.259602301345025));
#8792=DIRECTION('ref_axis',(0.344640582408867,4.54732231948E-33,0.938734717029725));
#8793=DIRECTION('',(2.06538879417079E-16,0.367133095385398,-0.930168420380275));
#8794=DIRECTION('',(-2.06538879417079E-16,-0.367133095385398,0.930168420380275));
#8795=DIRECTION('center_axis',(-1.,-4.67679137945632E-32,-2.22044604925031E-16));
#8796=DIRECTION('ref_axis',(2.22044604925031E-16,1.23259516440783E-32,-1.));
#8797=DIRECTION('center_axis',(-0.707106781186551,-0.104785316983579,-0.699299676351023));
#8798=DIRECTION('ref_axis',(-0.703170725830174,-4.16498389409047E-32,0.711021047744345));
#8799=DIRECTION('',(3.29045271953414E-17,0.988959086458738,-0.148188816415742));
#8800=DIRECTION('',(-3.29045271953414E-17,-0.988959086458738,0.148188816415742));
#8801=DIRECTION('',(-1.,-4.67679137945632E-32,-2.22044604925031E-16));
#8802=DIRECTION('center_axis',(2.1959302963975E-16,-0.148188816415742,-0.988959086458738));
#8803=DIRECTION('ref_axis',(-3.29045271953414E-17,-0.988959086458738,0.148188816415742));
#8804=DIRECTION('',(3.29045271953414E-17,0.988959086458738,-0.148188816415742));
#8805=DIRECTION('center_axis',(-0.707106781186551,0.111336521127391,0.698286602379886));
#8806=DIRECTION('ref_axis',(0.702655176485233,2.40914257472237E-32,0.711530535506739));
#8807=DIRECTION('',(3.49617264396408E-17,0.987526383509069,-0.157453618165796));
#8808=DIRECTION('',(-3.49617264396408E-17,-0.987526383509069,0.157453618165796));
#8809=DIRECTION('center_axis',(-1.,-4.67679137945632E-32,-2.22044604925031E-16));
#8810=DIRECTION('ref_axis',(2.22044604925031E-16,1.23259516440783E-32,-1.));
#8811=DIRECTION('center_axis',(-0.707106781186555,0.55307348036867,-0.440578852548413));
#8812=DIRECTION('ref_axis',(-0.528822083364086,-3.51933438851776E-32,0.848732704770158));
#8813=DIRECTION('',(-1.73675300124969E-16,0.623072588568747,0.782164016926271));
#8814=DIRECTION('',(1.73675300124969E-16,-0.623072588568747,-0.782164016926271));
#8815=DIRECTION('',(-1.,-4.67679137945632E-32,-2.22044604925031E-16));
#8816=DIRECTION('center_axis',(1.38349906768364E-16,0.782164016926271,-0.623072588568747));
#8817=DIRECTION('ref_axis',(1.73675300124969E-16,-0.623072588568747,-0.782164016926271));
#8818=DIRECTION('',(-1.73675300124969E-16,0.623072588568747,0.782164016926271));
#8819=DIRECTION('center_axis',(-0.70710678118655,-0.54976461202303,0.444700878532036));
#8820=DIRECTION('ref_axis',(0.532372120408061,1.44638866814355E-32,0.846510440226359));
#8821=DIRECTION('',(-1.72636254277715E-16,0.628902013619238,0.777484570435753));
#8822=DIRECTION('',(1.72636254277715E-16,-0.628902013619238,-0.777484570435753));
#8823=DIRECTION('center_axis',(-1.3964429915064E-16,-0.777484570435753,
0.628902013619238));
#8824=DIRECTION('ref_axis',(-1.72636254277715E-16,0.628902013619238,0.777484570435753));
#8825=DIRECTION('',(-1.,-4.67679137945632E-32,-2.22044604925031E-16));
#8826=DIRECTION('',(1.72636254277715E-16,-0.628902013619238,-0.777484570435753));
#8827=DIRECTION('center_axis',(-0.70710678118655,0.658119275062026,0.258609782861806));
#8828=DIRECTION('ref_axis',(0.343478658166161,4.4877335853786E-33,0.939160482231005));
#8829=DIRECTION('',(-2.06661622137865E-16,-0.365729462285529,0.930721204451869));
#8830=DIRECTION('',(2.06661622137865E-16,0.365729462285529,-0.930721204451869));
#8831=DIRECTION('',(-1.,-4.67679137945632E-32,-2.22044604925031E-16));
#8832=DIRECTION('center_axis',(-8.12082539626344E-17,0.930721204451869,
0.365729462285529));
#8833=DIRECTION('ref_axis',(2.06661622137865E-16,0.365729462285529,-0.930721204451869));
#8834=DIRECTION('',(-2.06661622137865E-16,-0.365729462285529,0.930721204451869));
#8835=DIRECTION('center_axis',(-0.707106781186547,-0.65772839769647,-0.259602301345027));
#8836=DIRECTION('ref_axis',(-0.344640582408865,-2.76889197769318E-32,0.938734717029725));
#8837=DIRECTION('',(-2.06538879417078E-16,-0.367133095385404,0.930168420380273));
#8838=DIRECTION('',(2.06538879417078E-16,0.367133095385404,-0.930168420380273));
#8839=DIRECTION('center_axis',(-1.,-4.67679137945632E-32,-2.22044604925031E-16));
#8840=DIRECTION('ref_axis',(2.22044604925031E-16,1.23259516440783E-32,-1.));
#8841=DIRECTION('center_axis',(-0.707106781186552,0.104042011002545,0.699410651868085));
#8842=DIRECTION('ref_axis',(0.703227133535174,2.41251425634423E-32,0.710965258405714));
#8843=DIRECTION('',(-3.26711153722781E-17,-0.98911602954006,0.147137623016371));
#8844=DIRECTION('',(3.26711153722781E-17,0.98911602954006,-0.147137623016371));
#8845=DIRECTION('',(-1.,-4.67679137945632E-32,-2.22044604925031E-16));
#8846=DIRECTION('center_axis',(-2.19627878004238E-16,0.147137623016371,
0.98911602954006));
#8847=DIRECTION('ref_axis',(3.26711153722781E-17,0.98911602954006,-0.147137623016371));
#8848=DIRECTION('',(-3.26711153722781E-17,-0.98911602954006,0.147137623016371));
#8849=DIRECTION('center_axis',(-0.707106781186552,-0.104042011002544,-0.699410651868086));
#8850=DIRECTION('ref_axis',(-0.703227133535174,-4.16517893548992E-32,0.710965258405713));
#8851=DIRECTION('',(-3.26711153722778E-17,-0.98911602954006,0.147137623016369));
#8852=DIRECTION('',(3.26711153722778E-17,0.98911602954006,-0.147137623016369));
#8853=DIRECTION('center_axis',(-1.,-4.67679137945632E-32,-2.22044604925031E-16));
#8854=DIRECTION('ref_axis',(2.22044604925031E-16,1.23259516440783E-32,-1.));
#8855=DIRECTION('center_axis',(-1.,-4.67679137945632E-32,-2.22044604925031E-16));
#8856=DIRECTION('ref_axis',(2.22044604925031E-16,1.23259516440783E-32,-1.));
#8857=DIRECTION('center_axis',(-1.,-4.67679137945632E-32,-2.22044604925031E-16));
#8858=DIRECTION('ref_axis',(2.22044604925031E-16,1.23259516440783E-32,-1.));
#8859=DIRECTION('center_axis',(8.15199231197559E-17,-0.930168420380273,
-0.367133095385404));
#8860=DIRECTION('ref_axis',(-2.06538879417078E-16,-0.367133095385404,0.930168420380273));
#8861=DIRECTION('',(-1.,-4.67679137945632E-32,-2.22044604925031E-16));
#8862=DIRECTION('',(2.06538879417078E-16,0.367133095385404,-0.930168420380273));
#8863=DIRECTION('center_axis',(-1.,-4.67679137945632E-32,-2.22044604925031E-16));
#8864=DIRECTION('ref_axis',(-2.22044604925031E-16,-1.23259516440783E-32,
1.));
#8865=DIRECTION('center_axis',(-1.,-4.67679137945632E-32,-2.22044604925031E-16));
#8866=DIRECTION('ref_axis',(-2.22044604925031E-16,-1.23259516440783E-32,
1.));
#8867=DIRECTION('',(3.26711153722778E-17,0.98911602954006,-0.147137623016369));
#8868=DIRECTION('center_axis',(-8.15199231197546E-17,0.930168420380275,
0.367133095385398));
#8869=DIRECTION('ref_axis',(2.06538879417079E-16,0.367133095385398,-0.930168420380275));
#8870=DIRECTION('',(-1.,-4.67679137945632E-32,-2.22044604925031E-16));
#8871=DIRECTION('',(-2.06538879417079E-16,-0.367133095385398,0.930168420380275));
#8872=DIRECTION('center_axis',(-1.,-4.67679137945632E-32,-2.22044604925031E-16));
#8873=DIRECTION('ref_axis',(-2.22044604925031E-16,-1.23259516440783E-32,
1.));
#8874=DIRECTION('center_axis',(-1.,-4.67679137945632E-32,-2.22044604925031E-16));
#8875=DIRECTION('ref_axis',(-2.22044604925031E-16,-1.23259516440783E-32,
1.));
#8876=DIRECTION('center_axis',(-1.,-4.67679137945632E-32,-2.22044604925031E-16));
#8877=DIRECTION('ref_axis',(-2.22044604925031E-16,-1.23259516440783E-32,
1.));
#8878=DIRECTION('center_axis',(2.19627878004238E-16,-0.147137623016369,
-0.98911602954006));
#8879=DIRECTION('ref_axis',(-3.26711153722778E-17,-0.98911602954006,0.147137623016369));
#8880=DIRECTION('',(-1.,-4.67679137945632E-32,-2.22044604925031E-16));
#8881=DIRECTION('center_axis',(-2.19274905679316E-16,0.157453618165796,
0.987526383509069));
#8882=DIRECTION('ref_axis',(3.49617264396408E-17,0.987526383509069,-0.157453618165796));
#8883=DIRECTION('',(-1.,-4.67679137945632E-32,-2.22044604925031E-16));
#8884=DIRECTION('',(-3.49617264396408E-17,-0.987526383509069,0.157453618165796));
#8885=DIRECTION('center_axis',(-1.,-4.67679137945632E-32,-2.22044604925031E-16));
#8886=DIRECTION('ref_axis',(-2.22044604925031E-16,-1.23259516440783E-32,
1.));
#8887=DIRECTION('center_axis',(1.,-7.54321190234082E-34,0.));
#8888=DIRECTION('ref_axis',(7.54321190234082E-34,1.,1.23259516440783E-32));
#8889=DIRECTION('',(-7.54321190234082E-34,-1.,-1.23259516440783E-32));
#8890=DIRECTION('',(-9.29772651492889E-66,-1.23259516440783E-32,1.));
#8891=DIRECTION('',(7.54321190234082E-34,1.,1.23259516440783E-32));
#8892=DIRECTION('',(-9.29772651492889E-66,-1.23259516440783E-32,1.));
#8893=DIRECTION('center_axis',(-7.54321190234082E-34,-1.,-1.23259516440783E-32));
#8894=DIRECTION('ref_axis',(1.,-7.54321190234082E-34,0.));
#8895=DIRECTION('',(-1.,7.54321190234082E-34,0.));
#8896=DIRECTION('',(1.,-7.54321190234082E-34,0.));
#8897=DIRECTION('',(-9.29772651492889E-66,-1.23259516440783E-32,1.));
#8898=DIRECTION('center_axis',(-1.,7.54321190234082E-34,0.));
#8899=DIRECTION('ref_axis',(-7.54321190234082E-34,-1.,-1.23259516440783E-32));
#8900=DIRECTION('',(7.54321190234082E-34,1.,1.23259516440783E-32));
#8901=DIRECTION('',(-7.54321190234082E-34,-1.,-1.23259516440783E-32));
#8902=DIRECTION('',(-9.29772651492889E-66,-1.23259516440783E-32,1.));
#8903=DIRECTION('center_axis',(7.54321190234082E-34,1.,1.23259516440783E-32));
#8904=DIRECTION('ref_axis',(-1.,7.54321190234082E-34,0.));
#8905=DIRECTION('',(1.,-7.54321190234082E-34,0.));
#8906=DIRECTION('',(-1.,7.54321190234082E-34,0.));
#8907=DIRECTION('center_axis',(-9.29772651492889E-66,-1.23259516440783E-32,
1.));
#8908=DIRECTION('ref_axis',(1.,-7.54321190234082E-34,0.));
#8909=DIRECTION('center_axis',(-9.29772651492889E-66,-1.23259516440783E-32,
1.));
#8910=DIRECTION('ref_axis',(1.,-7.54321190234082E-34,0.));
#8911=DIRECTION('center_axis',(1.,0.,6.16297582203915E-33));
#8912=DIRECTION('ref_axis',(1.21501607761066E-63,1.,-1.97147630088973E-31));
#8913=DIRECTION('',(-1.21501607761066E-63,-1.,1.97147630088973E-31));
#8914=DIRECTION('',(-6.16297582203915E-33,1.97147630088973E-31,1.));
#8915=DIRECTION('',(1.21501607761066E-63,1.,-1.97147630088973E-31));
#8916=DIRECTION('',(-6.16297582203915E-33,1.97147630088973E-31,1.));
#8917=DIRECTION('center_axis',(-1.21501607761066E-63,-1.,1.97147630088973E-31));
#8918=DIRECTION('ref_axis',(1.,0.,6.16297582203915E-33));
#8919=DIRECTION('',(-1.,0.,-6.16297582203915E-33));
#8920=DIRECTION('',(1.,0.,6.16297582203915E-33));
#8921=DIRECTION('',(-6.16297582203915E-33,1.97147630088973E-31,1.));
#8922=DIRECTION('center_axis',(-1.,0.,-6.16297582203915E-33));
#8923=DIRECTION('ref_axis',(-1.21501607761066E-63,-1.,1.97147630088973E-31));
#8924=DIRECTION('',(1.21501607761066E-63,1.,-1.97147630088973E-31));
#8925=DIRECTION('',(-1.21501607761066E-63,-1.,1.97147630088973E-31));
#8926=DIRECTION('',(-6.16297582203915E-33,1.97147630088973E-31,1.));
#8927=DIRECTION('center_axis',(1.21501607761066E-63,1.,-1.97147630088973E-31));
#8928=DIRECTION('ref_axis',(-1.,0.,-6.16297582203915E-33));
#8929=DIRECTION('',(1.,0.,6.16297582203915E-33));
#8930=DIRECTION('',(-1.,0.,-6.16297582203915E-33));
#8931=DIRECTION('center_axis',(-6.16297582203915E-33,1.97147630088973E-31,
1.));
#8932=DIRECTION('ref_axis',(1.,0.,6.16297582203915E-33));
#8933=DIRECTION('center_axis',(-6.16297582203915E-33,1.97147630088973E-31,
1.));
#8934=DIRECTION('ref_axis',(1.,0.,6.16297582203915E-33));
#8935=DIRECTION('center_axis',(0.,0.,1.));
#8936=DIRECTION('ref_axis',(1.,0.,0.));
#8937=DIRECTION('',(0.,1.,0.));
#8938=DIRECTION('',(1.,0.,0.));
#8939=DIRECTION('',(0.,-1.,0.));
#8940=DIRECTION('',(-1.,0.,0.));
#8941=DIRECTION('center_axis',(-0.408248290463863,-0.816496580927727,-0.408248290463863));
#8942=DIRECTION('ref_axis',(-0.577350269189626,0.577350269189626,-0.577350269189626));
#8943=DIRECTION('center_axis',(0.,0.,-1.));
#8944=DIRECTION('ref_axis',(0.,1.,0.));
#8945=DIRECTION('center_axis',(-1.,0.,0.));
#8946=DIRECTION('ref_axis',(0.,0.,-1.));
#8947=DIRECTION('center_axis',(0.,1.,0.));
#8948=DIRECTION('ref_axis',(-1.,0.,0.));
#8949=DIRECTION('center_axis',(0.408248290463863,-0.816496580927726,0.408248290463863));
#8950=DIRECTION('ref_axis',(-0.577350269189625,-0.577350269189628,-0.577350269189625));
#8951=DIRECTION('center_axis',(0.,0.,-1.));
#8952=DIRECTION('ref_axis',(-1.,0.,0.));
#8953=DIRECTION('center_axis',(0.,-1.,0.));
#8954=DIRECTION('ref_axis',(0.,0.,-1.));
#8955=DIRECTION('center_axis',(-1.,0.,0.));
#8956=DIRECTION('ref_axis',(0.,-1.,0.));
#8957=DIRECTION('center_axis',(0.,1.,0.));
#8958=DIRECTION('ref_axis',(-0.707106781186547,0.,-0.707106781186547));
#8959=DIRECTION('',(0.,1.,0.));
#8960=DIRECTION('center_axis',(0.408248290463863,-0.816496580927727,-0.408248290463863));
#8961=DIRECTION('ref_axis',(0.577350269189626,0.577350269189626,-0.577350269189626));
#8962=DIRECTION('center_axis',(0.,1.,0.));
#8963=DIRECTION('ref_axis',(0.,0.,-1.));
#8964=DIRECTION('center_axis',(1.,0.,0.));
#8965=DIRECTION('ref_axis',(0.,1.,0.));
#8966=DIRECTION('center_axis',(0.,0.,-1.));
#8967=DIRECTION('ref_axis',(1.,0.,0.));
#8968=DIRECTION('center_axis',(1.,0.,0.));
#8969=DIRECTION('ref_axis',(0.,0.707106781186547,-0.707106781186547));
#8970=DIRECTION('',(1.,0.,0.));
#8971=DIRECTION('center_axis',(-0.408248290463862,-0.816496580927726,0.408248290463865));
#8972=DIRECTION('ref_axis',(-0.577350269189625,0.577350269189625,0.577350269189628));
#8973=DIRECTION('center_axis',(-1.,0.,0.));
#8974=DIRECTION('ref_axis',(0.,1.,0.));
#8975=DIRECTION('center_axis',(0.,0.,1.));
#8976=DIRECTION('ref_axis',(-1.,0.,0.));
#8977=DIRECTION('center_axis',(0.,1.,0.));
#8978=DIRECTION('ref_axis',(0.,0.,1.));
#8979=DIRECTION('center_axis',(0.,0.,1.));
#8980=DIRECTION('ref_axis',(-0.707106781186547,0.707106781186547,0.));
#8981=DIRECTION('',(0.,0.,-1.));
#8982=DIRECTION('',(0.,0.,1.));
#8983=DIRECTION('center_axis',(-0.408248290463863,-0.816496580927726,0.408248290463863));
#8984=DIRECTION('ref_axis',(0.577350269189625,-0.577350269189628,-0.577350269189625));
#8985=DIRECTION('center_axis',(0.,0.,-1.));
#8986=DIRECTION('ref_axis',(0.,-1.,0.));
#8987=DIRECTION('center_axis',(1.,0.,0.));
#8988=DIRECTION('ref_axis',(0.,0.,-1.));
#8989=DIRECTION('center_axis',(0.,-1.,0.));
#8990=DIRECTION('ref_axis',(1.,0.,0.));
#8991=DIRECTION('center_axis',(-1.,0.,0.));
#8992=DIRECTION('ref_axis',(0.,-0.707106781186547,-0.707106781186547));
#8993=DIRECTION('',(-1.,0.,0.));
#8994=DIRECTION('center_axis',(0.,-1.,0.));
#8995=DIRECTION('ref_axis',(0.707106781186547,0.,-0.707106781186547));
#8996=DIRECTION('',(0.,-1.,0.));
#8997=DIRECTION('center_axis',(0.408248290463863,-0.816496580927725,-0.408248290463865));
#8998=DIRECTION('ref_axis',(-0.577350269189624,-0.577350269189627,0.577350269189627));
#8999=DIRECTION('center_axis',(0.,-1.,0.));
#9000=DIRECTION('ref_axis',(-1.,0.,0.));
#9001=DIRECTION('center_axis',(0.,0.,1.));
#9002=DIRECTION('ref_axis',(0.,-1.,0.));
#9003=DIRECTION('center_axis',(-1.,0.,0.));
#9004=DIRECTION('ref_axis',(0.,0.,1.));
#9005=DIRECTION('center_axis',(0.,0.,1.));
#9006=DIRECTION('ref_axis',(-0.707106781186547,-0.707106781186547,0.));
#9007=DIRECTION('',(0.,0.,-1.));
#9008=DIRECTION('',(0.,0.,1.));
#9009=DIRECTION('center_axis',(0.408248290463862,-0.816496580927726,0.408248290463865));
#9010=DIRECTION('ref_axis',(0.577350269189625,0.577350269189625,0.577350269189628));
#9011=DIRECTION('center_axis',(0.,1.,0.));
#9012=DIRECTION('ref_axis',(1.,0.,0.));
#9013=DIRECTION('center_axis',(0.,0.,1.));
#9014=DIRECTION('ref_axis',(0.,1.,0.));
#9015=DIRECTION('center_axis',(1.,0.,0.));
#9016=DIRECTION('ref_axis',(0.,0.,1.));
#9017=DIRECTION('center_axis',(0.,0.,1.));
#9018=DIRECTION('ref_axis',(0.707106781186547,0.707106781186547,0.));
#9019=DIRECTION('',(0.,0.,-1.));
#9020=DIRECTION('',(0.,0.,1.));
#9021=DIRECTION('center_axis',(-1.,0.,0.));
#9022=DIRECTION('ref_axis',(0.,0.707106781186547,0.707106781186547));
#9023=DIRECTION('',(1.,0.,0.));
#9024=DIRECTION('',(-1.,0.,0.));
#9025=DIRECTION('center_axis',(-0.408248290463863,-0.816496580927725,-0.408248290463865));
#9026=DIRECTION('ref_axis',(0.577350269189624,-0.577350269189627,0.577350269189627));
#9027=DIRECTION('center_axis',(1.,0.,0.));
#9028=DIRECTION('ref_axis',(0.,-1.,0.));
#9029=DIRECTION('center_axis',(0.,0.,1.));
#9030=DIRECTION('ref_axis',(1.,0.,0.));
#9031=DIRECTION('center_axis',(0.,-1.,0.));
#9032=DIRECTION('ref_axis',(0.,0.,1.));
#9033=DIRECTION('center_axis',(0.,0.,1.));
#9034=DIRECTION('ref_axis',(0.707106781186547,-0.707106781186547,0.));
#9035=DIRECTION('',(0.,0.,-1.));
#9036=DIRECTION('',(0.,0.,1.));
#9037=DIRECTION('center_axis',(0.,1.,0.));
#9038=DIRECTION('ref_axis',(0.707106781186547,0.,0.707106781186547));
#9039=DIRECTION('',(0.,-1.,0.));
#9040=DIRECTION('',(0.,1.,0.));
#9041=DIRECTION('center_axis',(1.,0.,0.));
#9042=DIRECTION('ref_axis',(0.,-0.707106781186547,0.707106781186547));
#9043=DIRECTION('',(-1.,0.,0.));
#9044=DIRECTION('',(1.,0.,0.));
#9045=DIRECTION('center_axis',(0.,-1.,0.));
#9046=DIRECTION('ref_axis',(-0.707106781186547,0.,0.707106781186547));
#9047=DIRECTION('',(0.,1.,0.));
#9048=DIRECTION('',(0.,-1.,0.));
#9049=DIRECTION('center_axis',(-1.,0.,0.));
#9050=DIRECTION('ref_axis',(0.,-1.,0.));
#9051=DIRECTION('center_axis',(0.,1.,0.));
#9052=DIRECTION('ref_axis',(-1.,0.,0.));
#9053=DIRECTION('center_axis',(0.,-1.,0.));
#9054=DIRECTION('ref_axis',(1.,0.,0.));
#9055=DIRECTION('center_axis',(1.,0.,0.));
#9056=DIRECTION('ref_axis',(0.,1.,0.));
#9057=DIRECTION('center_axis',(0.,0.,1.));
#9058=DIRECTION('ref_axis',(1.,0.,0.));
#9059=DIRECTION('center_axis',(0.,-1.,0.));
#9060=DIRECTION('ref_axis',(1.,0.,0.));
#9061=DIRECTION('',(-1.,0.,0.));
#9062=DIRECTION('',(0.,0.,1.));
#9063=DIRECTION('',(1.,0.,0.));
#9064=DIRECTION('',(0.,0.,1.));
#9065=DIRECTION('center_axis',(-1.,0.,0.));
#9066=DIRECTION('ref_axis',(0.,-1.,0.));
#9067=DIRECTION('',(0.,1.,0.));
#9068=DIRECTION('',(0.,-1.,0.));
#9069=DIRECTION('',(0.,0.,1.));
#9070=DIRECTION('center_axis',(0.,1.,0.));
#9071=DIRECTION('ref_axis',(-1.,0.,0.));
#9072=DIRECTION('',(1.,0.,0.));
#9073=DIRECTION('',(-1.,0.,0.));
#9074=DIRECTION('',(0.,0.,1.));
#9075=DIRECTION('center_axis',(1.,0.,0.));
#9076=DIRECTION('ref_axis',(0.,1.,0.));
#9077=DIRECTION('',(0.,-1.,0.));
#9078=DIRECTION('',(0.,1.,0.));
#9079=DIRECTION('center_axis',(0.,0.,-1.));
#9080=DIRECTION('ref_axis',(1.,0.,0.));
#9081=DIRECTION('center_axis',(0.,0.,1.));
#9082=DIRECTION('ref_axis',(1.,0.,0.));
#9083=DIRECTION('center_axis',(0.,-1.,0.));
#9084=DIRECTION('ref_axis',(1.,0.,0.));
#9085=DIRECTION('',(-1.,0.,0.));
#9086=DIRECTION('',(0.,0.,1.));
#9087=DIRECTION('',(1.,0.,0.));
#9088=DIRECTION('',(0.,0.,1.));
#9089=DIRECTION('center_axis',(-1.,0.,0.));
#9090=DIRECTION('ref_axis',(0.,-1.,0.));
#9091=DIRECTION('',(0.,1.,0.));
#9092=DIRECTION('',(0.,-1.,0.));
#9093=DIRECTION('',(0.,0.,1.));
#9094=DIRECTION('center_axis',(0.,1.,0.));
#9095=DIRECTION('ref_axis',(-1.,0.,0.));
#9096=DIRECTION('',(1.,0.,0.));
#9097=DIRECTION('',(-1.,0.,0.));
#9098=DIRECTION('',(0.,0.,1.));
#9099=DIRECTION('center_axis',(1.,0.,0.));
#9100=DIRECTION('ref_axis',(0.,1.,0.));
#9101=DIRECTION('',(0.,-1.,0.));
#9102=DIRECTION('',(0.,1.,0.));
#9103=DIRECTION('center_axis',(0.,0.,-1.));
#9104=DIRECTION('ref_axis',(1.,0.,0.));
#9105=DIRECTION('center_axis',(0.,0.,1.));
#9106=DIRECTION('ref_axis',(1.,0.,0.));
#9107=DIRECTION('center_axis',(-1.,-1.22464679914735E-16,0.));
#9108=DIRECTION('ref_axis',(0.,0.741001728020479,-0.671503119181634));
#9109=DIRECTION('center_axis',(-1.,-1.22464679914735E-16,0.));
#9110=DIRECTION('ref_axis',(-9.07465394382938E-17,0.741001728020479,-0.671503119181634));
#9111=DIRECTION('center_axis',(1.,1.22464679914735E-16,0.));
#9112=DIRECTION('ref_axis',(-9.07465394382938E-17,0.741001728020479,-0.671503119181634));
#9113=DIRECTION('center_axis',(-1.,-1.22464679914735E-16,0.));
#9114=DIRECTION('ref_axis',(-9.07465394382938E-17,0.74100172802048,-0.671503119181634));
#9115=DIRECTION('',(-1.,-1.22464679914735E-16,0.));
#9116=DIRECTION('center_axis',(1.,1.22464679914735E-16,0.));
#9117=DIRECTION('ref_axis',(-9.07465394382938E-17,0.741001728020479,-0.671503119181634));
#9118=DIRECTION('',(-1.,-1.22464679914735E-16,0.));
#9119=DIRECTION('center_axis',(1.,1.22464679914735E-16,0.));
#9120=DIRECTION('ref_axis',(0.,0.741001728020479,-0.671503119181634));
#9121=DIRECTION('center_axis',(-1.,-1.22464679914735E-16,0.));
#9122=DIRECTION('ref_axis',(-9.07465394382938E-17,0.741001728020479,-0.671503119181634));
#9123=DIRECTION('center_axis',(-8.08858533896066E-17,0.660483115996567,
-0.750840897583147));
#9124=DIRECTION('ref_axis',(9.19514901894126E-17,-0.750840897583147,-0.660483115996567));
#9125=DIRECTION('',(9.19514901894126E-17,-0.750840897583147,-0.660483115996567));
#9126=DIRECTION('',(-1.,-1.22464679914735E-16,0.));
#9127=DIRECTION('',(-9.19514901894126E-17,0.750840897583147,0.660483115996567));
#9128=DIRECTION('',(-1.,-1.22464679914735E-16,0.));
#9129=DIRECTION('center_axis',(8.08858533896067E-17,-0.660483115996568,
0.750840897583146));
#9130=DIRECTION('ref_axis',(-9.19514901894125E-17,0.750840897583146,0.660483115996568));
#9131=DIRECTION('',(-9.19514901894125E-17,0.750840897583146,0.660483115996568));
#9132=DIRECTION('',(-1.,-1.22464679914735E-16,0.));
#9133=DIRECTION('',(9.19514901894125E-17,-0.750840897583146,-0.660483115996568));
#9134=DIRECTION('',(-1.,-1.22464679914735E-16,0.));
#9135=DIRECTION('center_axis',(8.08858533896067E-17,-0.660483115996568,
0.750840897583146));
#9136=DIRECTION('ref_axis',(-9.19514901894125E-17,0.750840897583146,0.660483115996568));
#9137=DIRECTION('',(9.19514901894125E-17,-0.750840897583146,-0.660483115996568));
#9138=DIRECTION('',(-1.,-1.22464679914735E-16,0.));
#9139=DIRECTION('',(-9.19514901894125E-17,0.750840897583146,0.660483115996568));
#9140=DIRECTION('',(-1.,-1.22464679914735E-16,0.));
#9141=DIRECTION('center_axis',(-1.,-1.22464679914735E-16,0.));
#9142=DIRECTION('ref_axis',(1.22464679914735E-16,-1.,0.));
#9143=DIRECTION('',(8.0885853389607E-17,-0.660483115996571,0.750840897583143));
#9144=DIRECTION('center_axis',(1.,1.22464679914735E-16,0.));
#9145=DIRECTION('ref_axis',(1.22464679914735E-16,-1.,0.));
#9146=DIRECTION('',(-1.2240291940541E-16,0.999495687169817,0.0317548630753668));
#9147=DIRECTION('',(-1.22464679914735E-16,1.,0.));
#9148=DIRECTION('',(0.,0.,1.));
#9149=DIRECTION('',(-1.22464679914735E-16,1.,8.18177165994448E-16));
#9150=DIRECTION('',(0.,0.,1.));
#9151=DIRECTION('',(1.22464679914735E-16,-1.,0.));
#9152=DIRECTION('',(0.,0.,-1.));
#9153=DIRECTION('',(-1.22464679914735E-16,1.,-7.48991893527994E-16));
#9154=DIRECTION('',(0.,0.,-1.));
#9155=DIRECTION('',(1.2240291940541E-16,-0.999495687169817,-0.0317548630753682));
#9156=DIRECTION('center_axis',(1.,1.22464679914735E-16,0.));
#9157=DIRECTION('ref_axis',(1.22464679914735E-16,-1.,0.));
#9158=DIRECTION('',(9.19514901894109E-17,-0.750840897583132,-0.660483115996583));
#9159=DIRECTION('',(-8.0885853389607E-17,0.66048311599657,-0.750840897583144));
#9160=DIRECTION('center_axis',(1.,1.22464679914735E-16,0.));
#9161=DIRECTION('ref_axis',(1.22464679914735E-16,-1.,0.));
#9162=DIRECTION('',(-8.0885853389607E-17,0.66048311599657,-0.750840897583144));
#9163=DIRECTION('',(8.08858533896058E-17,-0.660483115996561,0.750840897583153));
#9164=DIRECTION('',(9.19514901894139E-17,-0.750840897583158,-0.660483115996555));
#9165=DIRECTION('',(-8.0885853389606E-17,0.660483115996562,-0.750840897583151));
#9166=DIRECTION('center_axis',(-1.,-1.22464679914735E-16,0.));
#9167=DIRECTION('ref_axis',(1.22464679914735E-16,-1.,0.));
#9168=DIRECTION('',(8.0885853389607E-17,-0.660483115996571,0.750840897583143));
#9169=DIRECTION('center_axis',(-8.08858533896066E-17,0.660483115996567,
-0.750840897583147));
#9170=DIRECTION('ref_axis',(9.19514901894126E-17,-0.750840897583147,-0.660483115996567));
#9171=DIRECTION('',(-9.19514901894126E-17,0.750840897583147,0.660483115996567));
#9172=DIRECTION('',(-1.,-1.22464679914735E-16,0.));
#9173=DIRECTION('',(9.19514901894126E-17,-0.750840897583147,-0.660483115996567));
#9174=DIRECTION('',(-1.,-1.22464679914735E-16,0.));
#9175=DIRECTION('center_axis',(-1.,-1.22464679914735E-16,0.));
#9176=DIRECTION('ref_axis',(1.22464679914735E-16,-1.,0.));
#9177=DIRECTION('',(-8.0885853389607E-17,0.660483115996571,-0.750840897583143));
#9178=DIRECTION('',(8.0885853389606E-17,-0.660483115996562,0.750840897583151));
#9179=DIRECTION('',(-9.19514901894139E-17,0.750840897583158,0.660483115996555));
#9180=DIRECTION('',(-8.08858533896058E-17,0.660483115996561,-0.750840897583153));
#9181=DIRECTION('',(8.0885853389607E-17,-0.66048311599657,0.750840897583144));
#9182=DIRECTION('center_axis',(-1.,-1.22464679914735E-16,0.));
#9183=DIRECTION('ref_axis',(1.22464679914735E-16,-1.,0.));
#9184=DIRECTION('',(8.0885853389607E-17,-0.66048311599657,0.750840897583144));
#9185=DIRECTION('',(-9.19514901894109E-17,0.750840897583132,0.660483115996583));
#9186=DIRECTION('center_axis',(-1.,-1.22464679914735E-16,0.));
#9187=DIRECTION('ref_axis',(1.22464679914735E-16,-1.,0.));
#9188=DIRECTION('',(-1.2240291940541E-16,0.999495687169817,0.0317548630753682));
#9189=DIRECTION('',(0.,0.,1.));
#9190=DIRECTION('',(1.22464679914735E-16,-1.,7.48991893527994E-16));
#9191=DIRECTION('',(0.,0.,1.));
#9192=DIRECTION('',(-1.22464679914735E-16,1.,0.));
#9193=DIRECTION('',(0.,0.,-1.));
#9194=DIRECTION('',(1.22464679914735E-16,-1.,-8.18177165994448E-16));
#9195=DIRECTION('',(0.,0.,-1.));
#9196=DIRECTION('',(1.22464679914735E-16,-1.,0.));
#9197=DIRECTION('',(1.2240291940541E-16,-0.999495687169817,-0.0317548630753668));
#9198=DIRECTION('center_axis',(-1.,-1.22464679914735E-16,0.));
#9199=DIRECTION('ref_axis',(1.22464679914735E-16,-1.,0.));
#9200=DIRECTION('center_axis',(1.,1.22464679914735E-16,0.));
#9201=DIRECTION('ref_axis',(1.22464679914735E-16,-1.,0.));
#9202=DIRECTION('',(-8.0885853389607E-17,0.660483115996571,-0.750840897583143));
#9203=DIRECTION('center_axis',(-1.,-1.22464679914735E-16,0.));
#9204=DIRECTION('ref_axis',(1.22464679914735E-16,-1.,0.));
#9205=DIRECTION('',(8.0885853389607E-17,-0.660483115996571,0.750840897583144));
#9206=DIRECTION('center_axis',(-1.,-1.22464679914735E-16,0.));
#9207=DIRECTION('ref_axis',(1.22464679914735E-16,-1.,0.));
#9208=DIRECTION('',(-8.0885853389606E-17,0.660483115996562,-0.750840897583151));
#9209=DIRECTION('center_axis',(-1.,-1.22464679914735E-16,0.));
#9210=DIRECTION('ref_axis',(1.22464679914735E-16,-1.,0.));
#9211=DIRECTION('',(-8.0885853389607E-17,0.66048311599657,-0.750840897583144));
#9212=DIRECTION('',(8.08858533896058E-17,-0.660483115996561,0.750840897583153));
#9213=DIRECTION('center_axis',(-1.,-1.22464679914735E-16,0.));
#9214=DIRECTION('ref_axis',(1.22464679914735E-16,-1.,0.));
#9215=DIRECTION('',(-8.0885853389607E-17,0.660483115996571,-0.750840897583144));
#9216=DIRECTION('',(8.0885853389606E-17,-0.660483115996562,0.750840897583151));
#9217=DIRECTION('center_axis',(1.,1.22464679914735E-16,0.));
#9218=DIRECTION('ref_axis',(1.22464679914735E-16,-1.,0.));
#9219=DIRECTION('center_axis',(-1.,-1.22464679914735E-16,0.));
#9220=DIRECTION('ref_axis',(1.22464679914735E-16,-1.,0.));
#9221=DIRECTION('',(-8.08858533896058E-17,0.660483115996561,-0.750840897583153));
#9222=DIRECTION('',(8.0885853389607E-17,-0.66048311599657,0.750840897583144));
#9223=DIRECTION('center_axis',(-9.19514901894122E-17,0.750840897583144,
0.660483115996571));
#9224=DIRECTION('ref_axis',(-8.0885853389607E-17,0.660483115996571,-0.750840897583144));
#9225=DIRECTION('',(1.,1.22464679914735E-16,0.));
#9226=DIRECTION('',(-1.,-1.22464679914735E-16,0.));
#9227=DIRECTION('center_axis',(-1.,-1.22464679914735E-16,0.));
#9228=DIRECTION('ref_axis',(-9.19514901894127E-17,0.750840897583147,0.660483115996567));
#9229=DIRECTION('center_axis',(-1.,-1.22464679914735E-16,0.));
#9230=DIRECTION('ref_axis',(-1.14541380902925E-16,0.935301353685591,-0.353852197667192));
#9231=DIRECTION('',(1.,1.22464679914735E-16,0.));
#9232=DIRECTION('',(-1.,-1.22464679914735E-16,0.));
#9233=DIRECTION('center_axis',(-3.88884914226105E-18,0.0317548630753669,
-0.999495687169817));
#9234=DIRECTION('ref_axis',(1.2240291940541E-16,-0.999495687169817,-0.0317548630753668));
#9235=DIRECTION('',(-1.,-1.22464679914735E-16,0.));
#9236=DIRECTION('center_axis',(0.,0.,-1.));
#9237=DIRECTION('ref_axis',(1.22464679914735E-16,-1.,0.));
#9238=DIRECTION('',(-1.,-1.22464679914735E-16,0.));
#9239=DIRECTION('center_axis',(-1.22464679914735E-16,1.,0.));
#9240=DIRECTION('ref_axis',(0.,0.,-1.));
#9241=DIRECTION('',(-1.,-1.22464679914735E-16,0.));
#9242=DIRECTION('center_axis',(-1.00197804747055E-31,8.18177165994448E-16,
-1.));
#9243=DIRECTION('ref_axis',(1.22464679914735E-16,-1.,-8.18177165994448E-16));
#9244=DIRECTION('',(-1.,-1.22464679914735E-16,0.));
#9245=DIRECTION('center_axis',(-1.22464679914735E-16,1.,0.));
#9246=DIRECTION('ref_axis',(0.,0.,-1.));
#9247=DIRECTION('',(-1.,-1.22464679914735E-16,0.));
#9248=DIRECTION('center_axis',(0.,0.,1.));
#9249=DIRECTION('ref_axis',(-1.22464679914735E-16,1.,0.));
#9250=DIRECTION('',(-1.,-1.22464679914735E-16,0.));
#9251=DIRECTION('center_axis',(1.22464679914735E-16,-1.,0.));
#9252=DIRECTION('ref_axis',(0.,0.,1.));
#9253=DIRECTION('',(-1.,-1.22464679914735E-16,0.));
#9254=DIRECTION('center_axis',(9.17250524996374E-32,-7.48991893527994E-16,
-1.));
#9255=DIRECTION('ref_axis',(1.22464679914735E-16,-1.,7.48991893527994E-16));
#9256=DIRECTION('',(-1.,-1.22464679914735E-16,0.));
#9257=DIRECTION('center_axis',(1.22464679914735E-16,-1.,0.));
#9258=DIRECTION('ref_axis',(0.,0.,1.));
#9259=DIRECTION('',(-1.,-1.22464679914735E-16,0.));
#9260=DIRECTION('center_axis',(3.88884914226121E-18,-0.0317548630753682,
0.999495687169817));
#9261=DIRECTION('ref_axis',(-1.2240291940541E-16,0.999495687169817,0.0317548630753682));
#9262=DIRECTION('',(-1.,-1.22464679914735E-16,0.));
#9263=DIRECTION('center_axis',(-1.,-1.22464679914735E-16,0.));
#9264=DIRECTION('ref_axis',(1.22464679914735E-16,-1.,0.));
#9265=DIRECTION('',(-1.,-1.22464679914735E-16,0.));
#9266=DIRECTION('center_axis',(8.08858533896086E-17,-0.660483115996583,
0.750840897583132));
#9267=DIRECTION('ref_axis',(-9.19514901894109E-17,0.750840897583132,0.660483115996583));
#9268=DIRECTION('',(-1.,-1.22464679914735E-16,0.));
#9269=DIRECTION('center_axis',(9.19514901894123E-17,-0.750840897583144,
-0.66048311599657));
#9270=DIRECTION('ref_axis',(8.0885853389607E-17,-0.66048311599657,0.750840897583144));
#9271=DIRECTION('',(-1.,-1.22464679914735E-16,0.));
#9272=DIRECTION('center_axis',(-1.,-1.22464679914735E-16,0.));
#9273=DIRECTION('ref_axis',(1.22464679914735E-16,-1.,0.));
#9274=DIRECTION('',(-1.,-1.22464679914735E-16,0.));
#9275=DIRECTION('center_axis',(9.19514901894123E-17,-0.750840897583144,
-0.66048311599657));
#9276=DIRECTION('ref_axis',(8.0885853389607E-17,-0.66048311599657,0.750840897583144));
#9277=DIRECTION('center_axis',(-9.19514901894133E-17,0.750840897583153,
0.660483115996561));
#9278=DIRECTION('ref_axis',(-8.08858533896058E-17,0.660483115996561,-0.750840897583153));
#9279=DIRECTION('',(-1.,-1.22464679914735E-16,0.));
#9280=DIRECTION('center_axis',(8.08858533896051E-17,-0.660483115996555,
0.750840897583158));
#9281=DIRECTION('ref_axis',(-9.1951490189414E-17,0.750840897583158,0.660483115996555));
#9282=DIRECTION('',(-1.,-1.22464679914735E-16,0.));
#9283=DIRECTION('center_axis',(9.19514901894131E-17,-0.750840897583151,
-0.660483115996562));
#9284=DIRECTION('ref_axis',(8.0885853389606E-17,-0.660483115996562,0.750840897583151));
#9285=DIRECTION('',(-1.,-1.22464679914735E-16,0.));
#9286=DIRECTION('center_axis',(-1.,-1.22464679914735E-16,0.));
#9287=DIRECTION('ref_axis',(1.22464679914735E-16,-1.,0.));
#9288=DIRECTION('',(-1.,-1.22464679914735E-16,0.));
#9289=DIRECTION('center_axis',(-9.19514901894122E-17,0.750840897583144,
0.660483115996571));
#9290=DIRECTION('ref_axis',(-8.0885853389607E-17,0.660483115996571,-0.750840897583144));
#9291=DIRECTION('center_axis',(-1.,-1.22464679914735E-16,0.));
#9292=DIRECTION('ref_axis',(0.,0.741001728020479,-0.671503119181634));
#9293=DIRECTION('center_axis',(-1.,-1.22464679914735E-16,0.));
#9294=DIRECTION('ref_axis',(-9.07465394382938E-17,0.741001728020479,-0.671503119181634));
#9295=DIRECTION('center_axis',(1.,1.22464679914735E-16,0.));
#9296=DIRECTION('ref_axis',(-9.07465394382938E-17,0.741001728020479,-0.671503119181634));
#9297=DIRECTION('center_axis',(-1.,-1.22464679914735E-16,0.));
#9298=DIRECTION('ref_axis',(-9.07465394382938E-17,0.74100172802048,-0.671503119181634));
#9299=DIRECTION('',(-1.,-1.22464679914735E-16,0.));
#9300=DIRECTION('center_axis',(1.,1.22464679914735E-16,0.));
#9301=DIRECTION('ref_axis',(-9.07465394382938E-17,0.741001728020479,-0.671503119181634));
#9302=DIRECTION('',(-1.,-1.22464679914735E-16,0.));
#9303=DIRECTION('center_axis',(1.,1.22464679914735E-16,0.));
#9304=DIRECTION('ref_axis',(0.,0.74100172802048,-0.671503119181634));
#9305=DIRECTION('center_axis',(-1.,-1.22464679914735E-16,0.));
#9306=DIRECTION('ref_axis',(-9.07465394382938E-17,0.741001728020479,-0.671503119181634));
#9307=DIRECTION('center_axis',(-8.08858533896066E-17,0.660483115996567,
-0.750840897583147));
#9308=DIRECTION('ref_axis',(9.19514901894126E-17,-0.750840897583147,-0.660483115996567));
#9309=DIRECTION('',(9.19514901894126E-17,-0.750840897583147,-0.660483115996567));
#9310=DIRECTION('',(-1.,-1.22464679914735E-16,0.));
#9311=DIRECTION('',(-9.19514901894126E-17,0.750840897583147,0.660483115996567));
#9312=DIRECTION('',(-1.,-1.22464679914735E-16,0.));
#9313=DIRECTION('center_axis',(8.08858533896067E-17,-0.660483115996568,
0.750840897583146));
#9314=DIRECTION('ref_axis',(-9.19514901894125E-17,0.750840897583146,0.660483115996568));
#9315=DIRECTION('',(-9.19514901894125E-17,0.750840897583146,0.660483115996568));
#9316=DIRECTION('',(-1.,-1.22464679914735E-16,0.));
#9317=DIRECTION('',(9.19514901894125E-17,-0.750840897583146,-0.660483115996568));
#9318=DIRECTION('',(-1.,-1.22464679914735E-16,0.));
#9319=DIRECTION('center_axis',(8.08858533896067E-17,-0.660483115996568,
0.750840897583146));
#9320=DIRECTION('ref_axis',(-9.19514901894125E-17,0.750840897583146,0.660483115996568));
#9321=DIRECTION('',(9.19514901894125E-17,-0.750840897583146,-0.660483115996568));
#9322=DIRECTION('',(-1.,-1.22464679914735E-16,0.));
#9323=DIRECTION('',(-9.19514901894125E-17,0.750840897583146,0.660483115996568));
#9324=DIRECTION('',(-1.,-1.22464679914735E-16,0.));
#9325=DIRECTION('center_axis',(-1.,-1.22464679914735E-16,0.));
#9326=DIRECTION('ref_axis',(1.22464679914735E-16,-1.,0.));
#9327=DIRECTION('',(8.0885853389607E-17,-0.660483115996571,0.750840897583143));
#9328=DIRECTION('center_axis',(1.,1.22464679914735E-16,0.));
#9329=DIRECTION('ref_axis',(1.22464679914735E-16,-1.,0.));
#9330=DIRECTION('',(-1.2240291940541E-16,0.999495687169817,0.0317548630753668));
#9331=DIRECTION('',(-1.22464679914735E-16,1.,0.));
#9332=DIRECTION('',(0.,0.,1.));
#9333=DIRECTION('',(-1.22464679914735E-16,1.,8.18177165994448E-16));
#9334=DIRECTION('',(0.,0.,1.));
#9335=DIRECTION('',(1.22464679914735E-16,-1.,0.));
#9336=DIRECTION('',(0.,0.,-1.));
#9337=DIRECTION('',(-1.22464679914735E-16,1.,-7.48991893527994E-16));
#9338=DIRECTION('',(0.,0.,-1.));
#9339=DIRECTION('',(1.2240291940541E-16,-0.999495687169817,-0.0317548630753682));
#9340=DIRECTION('center_axis',(1.,1.22464679914735E-16,0.));
#9341=DIRECTION('ref_axis',(1.22464679914735E-16,-1.,0.));
#9342=DIRECTION('',(9.19514901894109E-17,-0.750840897583132,-0.660483115996583));
#9343=DIRECTION('',(-8.0885853389607E-17,0.66048311599657,-0.750840897583144));
#9344=DIRECTION('center_axis',(1.,1.22464679914735E-16,0.));
#9345=DIRECTION('ref_axis',(1.22464679914735E-16,-1.,0.));
#9346=DIRECTION('',(-8.0885853389607E-17,0.66048311599657,-0.750840897583144));
#9347=DIRECTION('',(8.08858533896058E-17,-0.660483115996561,0.750840897583153));
#9348=DIRECTION('',(9.19514901894139E-17,-0.750840897583158,-0.660483115996555));
#9349=DIRECTION('',(-8.0885853389606E-17,0.660483115996562,-0.750840897583151));
#9350=DIRECTION('center_axis',(-1.,-1.22464679914735E-16,0.));
#9351=DIRECTION('ref_axis',(1.22464679914735E-16,-1.,0.));
#9352=DIRECTION('',(8.0885853389607E-17,-0.660483115996571,0.750840897583143));
#9353=DIRECTION('center_axis',(-8.08858533896066E-17,0.660483115996567,
-0.750840897583147));
#9354=DIRECTION('ref_axis',(9.19514901894126E-17,-0.750840897583147,-0.660483115996567));
#9355=DIRECTION('',(-9.19514901894126E-17,0.750840897583147,0.660483115996567));
#9356=DIRECTION('',(-1.,-1.22464679914735E-16,0.));
#9357=DIRECTION('',(9.19514901894126E-17,-0.750840897583147,-0.660483115996567));
#9358=DIRECTION('',(-1.,-1.22464679914735E-16,0.));
#9359=DIRECTION('center_axis',(-1.,-1.22464679914735E-16,0.));
#9360=DIRECTION('ref_axis',(1.22464679914735E-16,-1.,0.));
#9361=DIRECTION('',(-8.0885853389607E-17,0.660483115996571,-0.750840897583143));
#9362=DIRECTION('',(8.0885853389606E-17,-0.660483115996562,0.750840897583151));
#9363=DIRECTION('',(-9.19514901894139E-17,0.750840897583158,0.660483115996555));
#9364=DIRECTION('',(-8.08858533896058E-17,0.660483115996561,-0.750840897583153));
#9365=DIRECTION('',(8.0885853389607E-17,-0.66048311599657,0.750840897583144));
#9366=DIRECTION('center_axis',(-1.,-1.22464679914735E-16,0.));
#9367=DIRECTION('ref_axis',(1.22464679914735E-16,-1.,0.));
#9368=DIRECTION('',(8.0885853389607E-17,-0.66048311599657,0.750840897583144));
#9369=DIRECTION('',(-9.19514901894109E-17,0.750840897583132,0.660483115996583));
#9370=DIRECTION('center_axis',(-1.,-1.22464679914735E-16,0.));
#9371=DIRECTION('ref_axis',(1.22464679914735E-16,-1.,0.));
#9372=DIRECTION('',(-1.2240291940541E-16,0.999495687169817,0.0317548630753682));
#9373=DIRECTION('',(0.,0.,1.));
#9374=DIRECTION('',(1.22464679914735E-16,-1.,7.48991893527994E-16));
#9375=DIRECTION('',(0.,0.,1.));
#9376=DIRECTION('',(-1.22464679914735E-16,1.,0.));
#9377=DIRECTION('',(0.,0.,-1.));
#9378=DIRECTION('',(1.22464679914735E-16,-1.,-8.18177165994448E-16));
#9379=DIRECTION('',(0.,0.,-1.));
#9380=DIRECTION('',(1.22464679914735E-16,-1.,0.));
#9381=DIRECTION('',(1.2240291940541E-16,-0.999495687169817,-0.0317548630753668));
#9382=DIRECTION('center_axis',(-1.,-1.22464679914735E-16,0.));
#9383=DIRECTION('ref_axis',(1.22464679914735E-16,-1.,0.));
#9384=DIRECTION('center_axis',(1.,1.22464679914735E-16,0.));
#9385=DIRECTION('ref_axis',(1.22464679914735E-16,-1.,0.));
#9386=DIRECTION('',(-8.0885853389607E-17,0.660483115996571,-0.750840897583143));
#9387=DIRECTION('center_axis',(-1.,-1.22464679914735E-16,0.));
#9388=DIRECTION('ref_axis',(1.22464679914735E-16,-1.,0.));
#9389=DIRECTION('',(8.0885853389607E-17,-0.660483115996571,0.750840897583144));
#9390=DIRECTION('center_axis',(-1.,-1.22464679914735E-16,0.));
#9391=DIRECTION('ref_axis',(1.22464679914735E-16,-1.,0.));
#9392=DIRECTION('',(-8.0885853389606E-17,0.660483115996562,-0.750840897583151));
#9393=DIRECTION('center_axis',(-1.,-1.22464679914735E-16,0.));
#9394=DIRECTION('ref_axis',(1.22464679914735E-16,-1.,0.));
#9395=DIRECTION('',(-8.0885853389607E-17,0.66048311599657,-0.750840897583144));
#9396=DIRECTION('',(8.08858533896058E-17,-0.660483115996561,0.750840897583153));
#9397=DIRECTION('center_axis',(-1.,-1.22464679914735E-16,0.));
#9398=DIRECTION('ref_axis',(1.22464679914735E-16,-1.,0.));
#9399=DIRECTION('',(-8.0885853389607E-17,0.660483115996571,-0.750840897583144));
#9400=DIRECTION('',(8.0885853389606E-17,-0.660483115996562,0.750840897583151));
#9401=DIRECTION('center_axis',(1.,1.22464679914735E-16,0.));
#9402=DIRECTION('ref_axis',(1.22464679914735E-16,-1.,0.));
#9403=DIRECTION('center_axis',(-1.,-1.22464679914735E-16,0.));
#9404=DIRECTION('ref_axis',(1.22464679914735E-16,-1.,0.));
#9405=DIRECTION('',(-8.08858533896058E-17,0.660483115996561,-0.750840897583153));
#9406=DIRECTION('',(8.0885853389607E-17,-0.66048311599657,0.750840897583144));
#9407=DIRECTION('center_axis',(-9.19514901894122E-17,0.750840897583144,
0.660483115996571));
#9408=DIRECTION('ref_axis',(-8.0885853389607E-17,0.660483115996571,-0.750840897583144));
#9409=DIRECTION('',(1.,1.22464679914735E-16,0.));
#9410=DIRECTION('',(-1.,-1.22464679914735E-16,0.));
#9411=DIRECTION('center_axis',(-1.,-1.22464679914735E-16,0.));
#9412=DIRECTION('ref_axis',(-9.19514901894127E-17,0.750840897583147,0.660483115996567));
#9413=DIRECTION('center_axis',(-1.,-1.22464679914735E-16,0.));
#9414=DIRECTION('ref_axis',(-1.14541380902925E-16,0.935301353685591,-0.353852197667192));
#9415=DIRECTION('',(1.,1.22464679914735E-16,0.));
#9416=DIRECTION('',(-1.,-1.22464679914735E-16,0.));
#9417=DIRECTION('center_axis',(-3.88884914226105E-18,0.0317548630753669,
-0.999495687169817));
#9418=DIRECTION('ref_axis',(1.2240291940541E-16,-0.999495687169817,-0.0317548630753668));
#9419=DIRECTION('',(-1.,-1.22464679914735E-16,0.));
#9420=DIRECTION('center_axis',(0.,0.,-1.));
#9421=DIRECTION('ref_axis',(1.22464679914735E-16,-1.,0.));
#9422=DIRECTION('',(-1.,-1.22464679914735E-16,0.));
#9423=DIRECTION('center_axis',(-1.22464679914735E-16,1.,0.));
#9424=DIRECTION('ref_axis',(0.,0.,-1.));
#9425=DIRECTION('',(-1.,-1.22464679914735E-16,0.));
#9426=DIRECTION('center_axis',(-1.00197804747055E-31,8.18177165994448E-16,
-1.));
#9427=DIRECTION('ref_axis',(1.22464679914735E-16,-1.,-8.18177165994448E-16));
#9428=DIRECTION('',(-1.,-1.22464679914735E-16,0.));
#9429=DIRECTION('center_axis',(-1.22464679914735E-16,1.,0.));
#9430=DIRECTION('ref_axis',(0.,0.,-1.));
#9431=DIRECTION('',(-1.,-1.22464679914735E-16,0.));
#9432=DIRECTION('center_axis',(0.,0.,1.));
#9433=DIRECTION('ref_axis',(-1.22464679914735E-16,1.,0.));
#9434=DIRECTION('',(-1.,-1.22464679914735E-16,0.));
#9435=DIRECTION('center_axis',(1.22464679914735E-16,-1.,0.));
#9436=DIRECTION('ref_axis',(0.,0.,1.));
#9437=DIRECTION('',(-1.,-1.22464679914735E-16,0.));
#9438=DIRECTION('center_axis',(9.17250524996374E-32,-7.48991893527994E-16,
-1.));
#9439=DIRECTION('ref_axis',(1.22464679914735E-16,-1.,7.48991893527994E-16));
#9440=DIRECTION('',(-1.,-1.22464679914735E-16,0.));
#9441=DIRECTION('center_axis',(1.22464679914735E-16,-1.,0.));
#9442=DIRECTION('ref_axis',(0.,0.,1.));
#9443=DIRECTION('',(-1.,-1.22464679914735E-16,0.));
#9444=DIRECTION('center_axis',(3.88884914226121E-18,-0.0317548630753682,
0.999495687169817));
#9445=DIRECTION('ref_axis',(-1.2240291940541E-16,0.999495687169817,0.0317548630753682));
#9446=DIRECTION('',(-1.,-1.22464679914735E-16,0.));
#9447=DIRECTION('center_axis',(-1.,-1.22464679914735E-16,0.));
#9448=DIRECTION('ref_axis',(1.22464679914735E-16,-1.,0.));
#9449=DIRECTION('',(-1.,-1.22464679914735E-16,0.));
#9450=DIRECTION('center_axis',(8.08858533896086E-17,-0.660483115996583,
0.750840897583132));
#9451=DIRECTION('ref_axis',(-9.19514901894109E-17,0.750840897583132,0.660483115996583));
#9452=DIRECTION('',(-1.,-1.22464679914735E-16,0.));
#9453=DIRECTION('center_axis',(9.19514901894123E-17,-0.750840897583144,
-0.66048311599657));
#9454=DIRECTION('ref_axis',(8.0885853389607E-17,-0.66048311599657,0.750840897583144));
#9455=DIRECTION('',(-1.,-1.22464679914735E-16,0.));
#9456=DIRECTION('center_axis',(-1.,-1.22464679914735E-16,0.));
#9457=DIRECTION('ref_axis',(1.22464679914735E-16,-1.,0.));
#9458=DIRECTION('',(-1.,-1.22464679914735E-16,0.));
#9459=DIRECTION('center_axis',(9.19514901894123E-17,-0.750840897583144,
-0.66048311599657));
#9460=DIRECTION('ref_axis',(8.0885853389607E-17,-0.66048311599657,0.750840897583144));
#9461=DIRECTION('center_axis',(-9.19514901894133E-17,0.750840897583153,
0.660483115996561));
#9462=DIRECTION('ref_axis',(-8.08858533896058E-17,0.660483115996561,-0.750840897583153));
#9463=DIRECTION('',(-1.,-1.22464679914735E-16,0.));
#9464=DIRECTION('center_axis',(8.08858533896051E-17,-0.660483115996555,
0.750840897583158));
#9465=DIRECTION('ref_axis',(-9.1951490189414E-17,0.750840897583158,0.660483115996555));
#9466=DIRECTION('',(-1.,-1.22464679914735E-16,0.));
#9467=DIRECTION('center_axis',(9.19514901894131E-17,-0.750840897583151,
-0.660483115996562));
#9468=DIRECTION('ref_axis',(8.0885853389606E-17,-0.660483115996562,0.750840897583151));
#9469=DIRECTION('',(-1.,-1.22464679914735E-16,0.));
#9470=DIRECTION('center_axis',(-1.,-1.22464679914735E-16,0.));
#9471=DIRECTION('ref_axis',(1.22464679914735E-16,-1.,0.));
#9472=DIRECTION('',(-1.,-1.22464679914735E-16,0.));
#9473=DIRECTION('center_axis',(-9.19514901894122E-17,0.750840897583144,
0.660483115996571));
#9474=DIRECTION('ref_axis',(-8.0885853389607E-17,0.660483115996571,-0.750840897583144));
#9475=DIRECTION('center_axis',(-1.,0.,0.));
#9476=DIRECTION('ref_axis',(0.,0.342020143325669,-0.939692620785908));
#9477=DIRECTION('',(0.,-0.342020143325669,0.939692620785908));
#9478=DIRECTION('',(0.,-0.939692620785911,-0.342020143325663));
#9479=DIRECTION('',(0.,0.342020143325669,-0.939692620785908));
#9480=DIRECTION('',(0.,-0.939692620785911,-0.342020143325663));
#9481=DIRECTION('center_axis',(0.,-0.342020143325663,0.939692620785911));
#9482=DIRECTION('ref_axis',(-1.,0.,0.));
#9483=DIRECTION('',(1.,0.,0.));
#9484=DIRECTION('',(-1.,0.,0.));
#9485=DIRECTION('',(0.,-0.939692620785911,-0.342020143325663));
#9486=DIRECTION('center_axis',(1.,0.,0.));
#9487=DIRECTION('ref_axis',(0.,-0.342020143325669,0.939692620785908));
#9488=DIRECTION('',(0.,0.342020143325669,-0.939692620785908));
#9489=DIRECTION('',(0.,-0.342020143325669,0.939692620785908));
#9490=DIRECTION('',(0.,-0.939692620785911,-0.342020143325663));
#9491=DIRECTION('center_axis',(0.,0.342020143325663,-0.939692620785911));
#9492=DIRECTION('ref_axis',(1.,0.,0.));
#9493=DIRECTION('',(-1.,0.,0.));
#9494=DIRECTION('',(1.,0.,0.));
#9495=DIRECTION('center_axis',(0.,-0.939692620785911,-0.342020143325663));
#9496=DIRECTION('ref_axis',(0.,0.342020143325663,-0.939692620785911));
#9497=DIRECTION('center_axis',(0.,-0.939692620785908,-0.342020143325669));
#9498=DIRECTION('ref_axis',(1.,0.,0.));
#9499=DIRECTION('center_axis',(2.22044604925031E-16,0.,-1.));
#9500=DIRECTION('ref_axis',(0.,-1.,0.));
#9501=DIRECTION('',(0.,1.,0.));
#9502=DIRECTION('',(-1.,0.,-2.22044604925031E-16));
#9503=DIRECTION('',(0.,-1.,0.));
#9504=DIRECTION('',(-1.,0.,-2.22044604925031E-16));
#9505=DIRECTION('center_axis',(0.,1.,0.));
#9506=DIRECTION('ref_axis',(2.22044604925031E-16,0.,-1.));
#9507=DIRECTION('',(-2.22044604925031E-16,0.,1.));
#9508=DIRECTION('',(2.22044604925031E-16,0.,-1.));
#9509=DIRECTION('',(-1.,0.,-2.22044604925031E-16));
#9510=DIRECTION('center_axis',(-2.22044604925031E-16,0.,1.));
#9511=DIRECTION('ref_axis',(0.,1.,0.));
#9512=DIRECTION('',(0.,-1.,0.));
#9513=DIRECTION('',(0.,1.,0.));
#9514=DIRECTION('',(-1.,0.,-2.22044604925031E-16));
#9515=DIRECTION('center_axis',(0.,-1.,0.));
#9516=DIRECTION('ref_axis',(-2.22044604925031E-16,0.,1.));
#9517=DIRECTION('',(2.22044604925031E-16,0.,-1.));
#9518=DIRECTION('',(-2.22044604925031E-16,0.,1.));
#9519=DIRECTION('center_axis',(-1.,0.,-2.22044604925031E-16));
#9520=DIRECTION('ref_axis',(-2.22044604925031E-16,0.,1.));
#9521=DIRECTION('center_axis',(-1.,0.,-2.22044604925031E-16));
#9522=DIRECTION('ref_axis',(-2.22044604925031E-16,0.,1.));
#9523=DIRECTION('center_axis',(4.93038065763132E-32,1.,1.4791141972894E-31));
#9524=DIRECTION('ref_axis',(-5.66553889764798E-16,1.5170402023481E-31,-1.));
#9525=DIRECTION('center_axis',(4.93038065763132E-32,1.,1.4791141972894E-31));
#9526=DIRECTION('ref_axis',(-5.66553889764798E-16,1.5170402023481E-31,-1.));
#9527=DIRECTION('',(4.93038065763132E-32,1.,1.4791141972894E-31));
#9528=DIRECTION('center_axis',(-4.93038065763132E-32,-1.,-1.4791141972894E-31));
#9529=DIRECTION('ref_axis',(-5.66553889764798E-16,1.5170402023481E-31,-1.));
#9530=DIRECTION('center_axis',(-5.66553889764798E-16,1.4791141972894E-31,
-1.));
#9531=DIRECTION('ref_axis',(-7.5852010117406E-32,-1.,-1.13778015176109E-31));
#9532=DIRECTION('center_axis',(-5.66553889764798E-16,1.4791141972894E-31,
-1.));
#9533=DIRECTION('ref_axis',(-7.5852010117406E-32,-1.,-1.13778015176109E-31));
#9534=DIRECTION('',(-5.66553889764798E-16,1.4791141972894E-31,-1.));
#9535=DIRECTION('center_axis',(5.66553889764798E-16,-1.4791141972894E-31,
1.));
#9536=DIRECTION('ref_axis',(-7.5852010117406E-32,-1.,-1.13778015176109E-31));
#9537=DIRECTION('center_axis',(1.,-2.46519032881566E-32,-5.66553889764798E-16));
#9538=DIRECTION('ref_axis',(-4.93038065763132E-32,-1.,-1.4791141972894E-31));
#9539=DIRECTION('',(-4.00614097360304E-16,-0.707106781186548,-0.707106781186548));
#9540=DIRECTION('',(-5.66553889764798E-16,1.4791141972894E-31,-1.));
#9541=DIRECTION('',(-4.93038065763132E-32,-1.,-1.4791141972894E-31));
#9542=DIRECTION('',(-5.66553889764798E-16,1.4791141972894E-31,-1.));
#9543=DIRECTION('center_axis',(-4.93038065763132E-32,-1.,-1.4791141972894E-31));
#9544=DIRECTION('ref_axis',(-1.,2.46519032881566E-32,5.66553889764798E-16));
#9545=DIRECTION('',(-1.,2.46519032881566E-32,5.66553889764798E-16));
#9546=DIRECTION('',(-1.,2.46519032881566E-32,5.66553889764798E-16));
#9547=DIRECTION('',(-5.66553889764798E-16,1.4791141972894E-31,-1.));
#9548=DIRECTION('center_axis',(4.93038065763132E-32,1.,1.4791141972894E-31));
#9549=DIRECTION('ref_axis',(1.,-2.46519032881566E-32,-5.66553889764798E-16));
#9550=DIRECTION('',(1.,-2.46519032881566E-32,-5.66553889764798E-16));
#9551=DIRECTION('',(-5.66553889764798E-16,1.4791141972894E-31,-1.));
#9552=DIRECTION('',(1.,-2.46519032881566E-32,-5.66553889764798E-16));
#9553=DIRECTION('center_axis',(-1.,-2.46779464680349E-17,5.66553889764798E-16));
#9554=DIRECTION('ref_axis',(-2.46779464680349E-17,1.,1.4791141972894E-31));
#9555=DIRECTION('',(3.83164154066998E-16,0.707106781186548,0.707106781186548));
#9556=DIRECTION('',(-2.46779464680349E-17,1.,1.4791141972894E-31));
#9557=DIRECTION('center_axis',(-5.66553889764798E-16,1.4791141972894E-31,
-1.));
#9558=DIRECTION('ref_axis',(-1.,2.46519032881566E-32,5.66553889764798E-16));
#9559=DIRECTION('center_axis',(-4.93038065763132E-32,-1.,-1.4791141972894E-31));
#9560=DIRECTION('ref_axis',(-5.66553889764798E-16,1.4791141972894E-31,-1.));
#9561=DIRECTION('',(5.66553889764798E-16,-1.4791141972894E-31,1.));
#9562=DIRECTION('',(1.,-2.46519032881566E-32,-5.66553889764798E-16));
#9563=DIRECTION('',(-5.66553889764798E-16,1.4791141972894E-31,-1.));
#9564=DIRECTION('',(1.,-2.46519032881566E-32,-5.66553889764798E-16));
#9565=DIRECTION('center_axis',(4.00614097360304E-16,-0.707106781186548,
0.707106781186548));
#9566=DIRECTION('ref_axis',(-4.00614097360304E-16,-0.707106781186548,-0.707106781186548));
#9567=DIRECTION('',(1.,-2.46519032881566E-32,-5.66553889764798E-16));
#9568=DIRECTION('',(4.00614097360304E-16,0.707106781186548,0.707106781186548));
#9569=DIRECTION('',(-4.00614097360304E-16,-0.707106781186548,-0.707106781186548));
#9570=DIRECTION('',(1.,-2.46519032881566E-32,-5.66553889764798E-16));
#9571=DIRECTION('center_axis',(5.66553889764798E-16,-1.4791141972894E-31,
1.));
#9572=DIRECTION('ref_axis',(-4.93038065763132E-32,-1.,-1.4791141972894E-31));
#9573=DIRECTION('',(-4.93038065763132E-32,-1.,-1.4791141972894E-31));
#9574=DIRECTION('',(-4.93038065763132E-32,-1.,-1.4791141972894E-31));
#9575=DIRECTION('',(1.,-2.46519032881566E-32,-5.66553889764798E-16));
#9576=DIRECTION('center_axis',(4.93038065763132E-32,1.,1.4791141972894E-31));
#9577=DIRECTION('ref_axis',(5.66553889764798E-16,-1.4791141972894E-31,1.));
#9578=DIRECTION('',(5.66553889764798E-16,-1.4791141972894E-31,1.));
#9579=DIRECTION('',(5.66553889764798E-16,-1.4791141972894E-31,1.));
#9580=DIRECTION('',(1.,-2.46519032881566E-32,-5.66553889764798E-16));
#9581=DIRECTION('center_axis',(-5.66553889764798E-16,1.4791141972894E-31,
-1.));
#9582=DIRECTION('ref_axis',(4.93038065763132E-32,1.,1.4791141972894E-31));
#9583=DIRECTION('',(4.93038065763132E-32,1.,1.4791141972894E-31));
#9584=DIRECTION('',(4.93038065763132E-32,1.,1.4791141972894E-31));
#9585=DIRECTION('center_axis',(1.,-2.46519032881566E-32,-5.66553889764798E-16));
#9586=DIRECTION('ref_axis',(4.93038065763132E-32,1.,1.4791141972894E-31));
#9587=DIRECTION('center_axis',(1.,-2.46519032881566E-32,-5.66553889764798E-16));
#9588=DIRECTION('ref_axis',(4.93038065763132E-32,1.,1.4791141972894E-31));
#9589=DIRECTION('center_axis',(1.,-4.44089209850063E-16,-2.957552432416E-31));
#9590=DIRECTION('ref_axis',(-1.97147630088973E-31,2.22044604925031E-16,
-1.));
#9591=DIRECTION('',(1.97147630088973E-31,-2.22044604925031E-16,1.));
#9592=DIRECTION('',(4.44089209850063E-16,1.,2.22044604925031E-16));
#9593=DIRECTION('',(-1.97147630088973E-31,2.22044604925031E-16,-1.));
#9594=DIRECTION('',(4.44089209850063E-16,1.,2.22044604925031E-16));
#9595=DIRECTION('center_axis',(1.97147630088973E-31,-2.22044604925031E-16,
1.));
#9596=DIRECTION('ref_axis',(1.,-4.44089209850063E-16,-2.957552432416E-31));
#9597=DIRECTION('',(-1.,4.44089209850063E-16,2.957552432416E-31));
#9598=DIRECTION('',(1.,-4.44089209850063E-16,-2.957552432416E-31));
#9599=DIRECTION('',(4.44089209850063E-16,1.,2.22044604925031E-16));
#9600=DIRECTION('center_axis',(-1.,4.44089209850063E-16,2.957552432416E-31));
#9601=DIRECTION('ref_axis',(1.97147630088973E-31,-2.22044604925031E-16,
1.));
#9602=DIRECTION('',(-1.97147630088973E-31,2.22044604925031E-16,-1.));
#9603=DIRECTION('',(1.97147630088973E-31,-2.22044604925031E-16,1.));
#9604=DIRECTION('',(4.44089209850063E-16,1.,2.22044604925031E-16));
#9605=DIRECTION('center_axis',(-1.97147630088973E-31,2.22044604925031E-16,
-1.));
#9606=DIRECTION('ref_axis',(-1.,4.44089209850063E-16,2.957552432416E-31));
#9607=DIRECTION('',(1.,-4.44089209850063E-16,-2.957552432416E-31));
#9608=DIRECTION('',(-1.,4.44089209850063E-16,2.957552432416E-31));
#9609=DIRECTION('center_axis',(4.44089209850063E-16,1.,2.22044604925031E-16));
#9610=DIRECTION('ref_axis',(-1.,4.44089209850063E-16,2.957552432416E-31));
#9611=DIRECTION('center_axis',(4.44089209850063E-16,1.,2.22044604925031E-16));
#9612=DIRECTION('ref_axis',(-1.,4.44089209850063E-16,2.957552432416E-31));
#9613=DIRECTION('center_axis',(1.,-4.44089209850063E-16,-2.957552432416E-31));
#9614=DIRECTION('ref_axis',(-1.97147630088973E-31,2.22044604925031E-16,
-1.));
#9615=DIRECTION('',(1.97147630088973E-31,-2.22044604925031E-16,1.));
#9616=DIRECTION('',(4.44089209850063E-16,1.,2.22044604925031E-16));
#9617=DIRECTION('',(-1.97147630088973E-31,2.22044604925031E-16,-1.));
#9618=DIRECTION('',(4.44089209850063E-16,1.,2.22044604925031E-16));
#9619=DIRECTION('center_axis',(1.97147630088973E-31,-2.22044604925031E-16,
1.));
#9620=DIRECTION('ref_axis',(1.,-4.44089209850063E-16,-2.957552432416E-31));
#9621=DIRECTION('',(-1.,4.44089209850063E-16,2.957552432416E-31));
#9622=DIRECTION('',(1.,-4.44089209850063E-16,-2.957552432416E-31));
#9623=DIRECTION('',(4.44089209850063E-16,1.,2.22044604925031E-16));
#9624=DIRECTION('center_axis',(-1.,4.44089209850063E-16,2.957552432416E-31));
#9625=DIRECTION('ref_axis',(1.97147630088973E-31,-2.22044604925031E-16,
1.));
#9626=DIRECTION('',(-1.97147630088973E-31,2.22044604925031E-16,-1.));
#9627=DIRECTION('',(1.97147630088973E-31,-2.22044604925031E-16,1.));
#9628=DIRECTION('',(4.44089209850063E-16,1.,2.22044604925031E-16));
#9629=DIRECTION('center_axis',(-1.97147630088973E-31,2.22044604925031E-16,
-1.));
#9630=DIRECTION('ref_axis',(-1.,4.44089209850063E-16,2.957552432416E-31));
#9631=DIRECTION('',(1.,-4.44089209850063E-16,-2.957552432416E-31));
#9632=DIRECTION('',(-1.,4.44089209850063E-16,2.957552432416E-31));
#9633=DIRECTION('center_axis',(4.44089209850063E-16,1.,2.22044604925031E-16));
#9634=DIRECTION('ref_axis',(-1.,4.44089209850063E-16,2.957552432416E-31));
#9635=DIRECTION('center_axis',(4.44089209850063E-16,1.,2.22044604925031E-16));
#9636=DIRECTION('ref_axis',(-1.,4.44089209850063E-16,2.957552432416E-31));
#9637=DIRECTION('center_axis',(1.,-7.54321190234082E-34,0.));
#9638=DIRECTION('ref_axis',(7.54321190234082E-34,1.,1.23259516440783E-32));
#9639=DIRECTION('',(-7.54321190234082E-34,-1.,-1.23259516440783E-32));
#9640=DIRECTION('',(-9.29772651492889E-66,-1.23259516440783E-32,1.));
#9641=DIRECTION('',(7.54321190234082E-34,1.,1.23259516440783E-32));
#9642=DIRECTION('',(-9.29772651492889E-66,-1.23259516440783E-32,1.));
#9643=DIRECTION('center_axis',(-7.54321190234082E-34,-1.,-1.23259516440783E-32));
#9644=DIRECTION('ref_axis',(1.,-7.54321190234082E-34,0.));
#9645=DIRECTION('',(-1.,7.54321190234082E-34,0.));
#9646=DIRECTION('',(1.,-7.54321190234082E-34,0.));
#9647=DIRECTION('',(-9.29772651492889E-66,-1.23259516440783E-32,1.));
#9648=DIRECTION('center_axis',(-1.,7.54321190234082E-34,0.));
#9649=DIRECTION('ref_axis',(-7.54321190234082E-34,-1.,-1.23259516440783E-32));
#9650=DIRECTION('',(7.54321190234082E-34,1.,1.23259516440783E-32));
#9651=DIRECTION('',(-7.54321190234082E-34,-1.,-1.23259516440783E-32));
#9652=DIRECTION('',(-9.29772651492889E-66,-1.23259516440783E-32,1.));
#9653=DIRECTION('center_axis',(7.54321190234082E-34,1.,1.23259516440783E-32));
#9654=DIRECTION('ref_axis',(-1.,7.54321190234082E-34,0.));
#9655=DIRECTION('',(1.,-7.54321190234082E-34,0.));
#9656=DIRECTION('',(-1.,7.54321190234082E-34,0.));
#9657=DIRECTION('center_axis',(-9.29772651492889E-66,-1.23259516440783E-32,
1.));
#9658=DIRECTION('ref_axis',(1.,-7.54321190234082E-34,0.));
#9659=DIRECTION('center_axis',(-9.29772651492889E-66,-1.23259516440783E-32,
1.));
#9660=DIRECTION('ref_axis',(1.,-7.54321190234082E-34,0.));
#9661=DIRECTION('center_axis',(1.,0.,6.16297582203915E-33));
#9662=DIRECTION('ref_axis',(1.21501607761066E-63,1.,-1.97147630088973E-31));
#9663=DIRECTION('',(-1.21501607761066E-63,-1.,1.97147630088973E-31));
#9664=DIRECTION('',(-6.16297582203915E-33,1.97147630088973E-31,1.));
#9665=DIRECTION('',(1.21501607761066E-63,1.,-1.97147630088973E-31));
#9666=DIRECTION('',(-6.16297582203915E-33,1.97147630088973E-31,1.));
#9667=DIRECTION('center_axis',(-1.21501607761066E-63,-1.,1.97147630088973E-31));
#9668=DIRECTION('ref_axis',(1.,0.,6.16297582203915E-33));
#9669=DIRECTION('',(-1.,0.,-6.16297582203915E-33));
#9670=DIRECTION('',(1.,0.,6.16297582203915E-33));
#9671=DIRECTION('',(-6.16297582203915E-33,1.97147630088973E-31,1.));
#9672=DIRECTION('center_axis',(-1.,0.,-6.16297582203915E-33));
#9673=DIRECTION('ref_axis',(-1.21501607761066E-63,-1.,1.97147630088973E-31));
#9674=DIRECTION('',(1.21501607761066E-63,1.,-1.97147630088973E-31));
#9675=DIRECTION('',(-1.21501607761066E-63,-1.,1.97147630088973E-31));
#9676=DIRECTION('',(-6.16297582203915E-33,1.97147630088973E-31,1.));
#9677=DIRECTION('center_axis',(1.21501607761066E-63,1.,-1.97147630088973E-31));
#9678=DIRECTION('ref_axis',(-1.,0.,-6.16297582203915E-33));
#9679=DIRECTION('',(1.,0.,6.16297582203915E-33));
#9680=DIRECTION('',(-1.,0.,-6.16297582203915E-33));
#9681=DIRECTION('center_axis',(-6.16297582203915E-33,1.97147630088973E-31,
1.));
#9682=DIRECTION('ref_axis',(1.,0.,6.16297582203915E-33));
#9683=DIRECTION('center_axis',(-6.16297582203915E-33,1.97147630088973E-31,
1.));
#9684=DIRECTION('ref_axis',(1.,0.,6.16297582203915E-33));
#9685=DIRECTION('center_axis',(-1.,0.,0.));
#9686=DIRECTION('ref_axis',(0.,-1.,0.));
#9687=DIRECTION('',(0.,1.,0.));
#9688=DIRECTION('',(0.,0.,1.));
#9689=DIRECTION('',(0.,-1.,0.));
#9690=DIRECTION('',(0.,0.,1.));
#9691=DIRECTION('center_axis',(0.,1.,0.));
#9692=DIRECTION('ref_axis',(-1.,0.,0.));
#9693=DIRECTION('',(1.,0.,0.));
#9694=DIRECTION('',(-1.,0.,0.));
#9695=DIRECTION('',(0.,0.,1.));
#9696=DIRECTION('center_axis',(-1.,0.,0.));
#9697=DIRECTION('ref_axis',(0.,-1.,0.));
#9698=DIRECTION('',(0.,-1.,0.));
#9699=DIRECTION('',(0.,-1.,0.));
#9700=DIRECTION('',(0.,0.,1.));
#9701=DIRECTION('center_axis',(0.,1.,0.));
#9702=DIRECTION('ref_axis',(-1.,0.,0.));
#9703=DIRECTION('',(-1.,0.,0.));
#9704=DIRECTION('',(-1.,0.,0.));
#9705=DIRECTION('',(0.,0.,1.));
#9706=DIRECTION('center_axis',(1.,0.,0.));
#9707=DIRECTION('ref_axis',(0.,1.,0.));
#9708=DIRECTION('',(0.,1.,0.));
#9709=DIRECTION('',(0.,1.,0.));
#9710=DIRECTION('',(0.,0.,1.));
#9711=DIRECTION('center_axis',(0.,-1.,0.));
#9712=DIRECTION('ref_axis',(1.,0.,0.));
#9713=DIRECTION('',(1.,0.,0.));
#9714=DIRECTION('',(1.,0.,0.));
#9715=DIRECTION('center_axis',(0.,0.,1.));
#9716=DIRECTION('ref_axis',(1.,0.,0.));
#9717=DIRECTION('center_axis',(0.,0.,1.));
#9718=DIRECTION('ref_axis',(1.,0.,0.));
#9719=DIRECTION('center_axis',(0.,0.,1.));
#9720=DIRECTION('ref_axis',(1.,0.,0.));
#9721=DIRECTION('center_axis',(0.,0.,1.));
#9722=DIRECTION('ref_axis',(1.,0.,0.));
#9723=DIRECTION('',(0.,0.,-1.));
#9724=DIRECTION('center_axis',(0.,0.,-1.));
#9725=DIRECTION('ref_axis',(1.,0.,0.));
#9726=DIRECTION('center_axis',(0.,0.,1.));
#9727=DIRECTION('ref_axis',(1.,0.,0.));
#9728=DIRECTION('center_axis',(1.,0.,0.));
#9729=DIRECTION('ref_axis',(0.,1.,0.));
#9730=DIRECTION('',(0.,-1.,0.));
#9731=DIRECTION('',(0.,0.,1.));
#9732=DIRECTION('',(0.,1.,0.));
#9733=DIRECTION('',(0.,0.,1.));
#9734=DIRECTION('center_axis',(0.,-1.,0.));
#9735=DIRECTION('ref_axis',(1.,0.,0.));
#9736=DIRECTION('',(-1.,0.,0.));
#9737=DIRECTION('',(1.,0.,0.));
#9738=DIRECTION('',(0.,0.,1.));
#9739=DIRECTION('center_axis',(-1.,0.,0.));
#9740=DIRECTION('ref_axis',(0.,-1.,0.));
#9741=DIRECTION('',(0.,1.,0.));
#9742=DIRECTION('',(0.,-1.,0.));
#9743=DIRECTION('',(0.,0.,1.));
#9744=DIRECTION('center_axis',(0.,1.,0.));
#9745=DIRECTION('ref_axis',(-1.,0.,0.));
#9746=DIRECTION('',(1.,0.,0.));
#9747=DIRECTION('',(-1.,0.,0.));
#9748=DIRECTION('center_axis',(0.,0.,1.));
#9749=DIRECTION('ref_axis',(1.,0.,0.));
#9750=DIRECTION('center_axis',(0.,0.,1.));
#9751=DIRECTION('ref_axis',(1.,0.,0.));
#9752=DIRECTION('center_axis',(-1.,0.,0.));
#9753=DIRECTION('ref_axis',(0.,-1.,0.));
#9754=DIRECTION('',(0.,1.,0.));
#9755=DIRECTION('',(0.,0.,1.));
#9756=DIRECTION('',(0.,-1.,0.));
#9757=DIRECTION('',(0.,0.,1.));
#9758=DIRECTION('center_axis',(0.,1.,0.));
#9759=DIRECTION('ref_axis',(-1.,0.,0.));
#9760=DIRECTION('',(1.,0.,0.));
#9761=DIRECTION('',(-1.,0.,0.));
#9762=DIRECTION('',(0.,0.,1.));
#9763=DIRECTION('center_axis',(1.,0.,0.));
#9764=DIRECTION('ref_axis',(0.,1.,0.));
#9765=DIRECTION('',(0.,-1.,0.));
#9766=DIRECTION('',(0.,1.,0.));
#9767=DIRECTION('',(0.,0.,1.));
#9768=DIRECTION('center_axis',(0.,-1.,0.));
#9769=DIRECTION('ref_axis',(1.,0.,0.));
#9770=DIRECTION('',(-1.,0.,0.));
#9771=DIRECTION('',(1.,0.,0.));
#9772=DIRECTION('center_axis',(0.,0.,1.));
#9773=DIRECTION('ref_axis',(1.,0.,0.));
#9774=DIRECTION('center_axis',(0.,0.,1.));
#9775=DIRECTION('ref_axis',(1.,0.,0.));
#9776=DIRECTION('center_axis',(2.22044604925031E-16,0.,-1.));
#9777=DIRECTION('ref_axis',(0.,-1.,0.));
#9778=DIRECTION('',(0.,1.,0.));
#9779=DIRECTION('',(-1.,0.,-2.22044604925031E-16));
#9780=DIRECTION('',(0.,-1.,0.));
#9781=DIRECTION('',(-1.,0.,-2.22044604925031E-16));
#9782=DIRECTION('center_axis',(0.,1.,0.));
#9783=DIRECTION('ref_axis',(2.22044604925031E-16,0.,-1.));
#9784=DIRECTION('',(-2.22044604925031E-16,0.,1.));
#9785=DIRECTION('',(2.22044604925031E-16,0.,-1.));
#9786=DIRECTION('',(-1.,0.,-2.22044604925031E-16));
#9787=DIRECTION('center_axis',(-2.22044604925031E-16,0.,1.));
#9788=DIRECTION('ref_axis',(0.,1.,0.));
#9789=DIRECTION('',(0.,-1.,0.));
#9790=DIRECTION('',(0.,1.,0.));
#9791=DIRECTION('',(-1.,0.,-2.22044604925031E-16));
#9792=DIRECTION('center_axis',(0.,-1.,0.));
#9793=DIRECTION('ref_axis',(-2.22044604925031E-16,0.,1.));
#9794=DIRECTION('',(2.22044604925031E-16,0.,-1.));
#9795=DIRECTION('',(-2.22044604925031E-16,0.,1.));
#9796=DIRECTION('center_axis',(-1.,0.,-2.22044604925031E-16));
#9797=DIRECTION('ref_axis',(-2.22044604925031E-16,0.,1.));
#9798=DIRECTION('center_axis',(-1.,0.,-2.22044604925031E-16));
#9799=DIRECTION('ref_axis',(-2.22044604925031E-16,0.,1.));
#9800=DIRECTION('center_axis',(2.22044604925031E-16,0.,-1.));
#9801=DIRECTION('ref_axis',(0.,-1.,0.));
#9802=DIRECTION('',(0.,1.,0.));
#9803=DIRECTION('',(-1.,0.,-2.22044604925031E-16));
#9804=DIRECTION('',(0.,-1.,0.));
#9805=DIRECTION('',(-1.,0.,-2.22044604925031E-16));
#9806=DIRECTION('center_axis',(0.,1.,0.));
#9807=DIRECTION('ref_axis',(2.22044604925031E-16,0.,-1.));
#9808=DIRECTION('',(-2.22044604925031E-16,0.,1.));
#9809=DIRECTION('',(2.22044604925031E-16,0.,-1.));
#9810=DIRECTION('',(-1.,0.,-2.22044604925031E-16));
#9811=DIRECTION('center_axis',(-2.22044604925031E-16,0.,1.));
#9812=DIRECTION('ref_axis',(0.,1.,0.));
#9813=DIRECTION('',(0.,-1.,0.));
#9814=DIRECTION('',(0.,1.,0.));
#9815=DIRECTION('',(-1.,0.,-2.22044604925031E-16));
#9816=DIRECTION('center_axis',(0.,-1.,0.));
#9817=DIRECTION('ref_axis',(-2.22044604925031E-16,0.,1.));
#9818=DIRECTION('',(2.22044604925031E-16,0.,-1.));
#9819=DIRECTION('',(-2.22044604925031E-16,0.,1.));
#9820=DIRECTION('center_axis',(-1.,0.,-2.22044604925031E-16));
#9821=DIRECTION('ref_axis',(-2.22044604925031E-16,0.,1.));
#9822=DIRECTION('center_axis',(-1.,0.,-2.22044604925031E-16));
#9823=DIRECTION('ref_axis',(-2.22044604925031E-16,0.,1.));
#9824=DIRECTION('center_axis',(2.22044604925031E-16,0.,-1.));
#9825=DIRECTION('ref_axis',(0.,-1.,0.));
#9826=DIRECTION('',(0.,1.,0.));
#9827=DIRECTION('',(-1.,0.,-2.22044604925031E-16));
#9828=DIRECTION('',(0.,-1.,0.));
#9829=DIRECTION('',(-1.,0.,-2.22044604925031E-16));
#9830=DIRECTION('center_axis',(0.,1.,0.));
#9831=DIRECTION('ref_axis',(2.22044604925031E-16,0.,-1.));
#9832=DIRECTION('',(-2.22044604925031E-16,0.,1.));
#9833=DIRECTION('',(2.22044604925031E-16,0.,-1.));
#9834=DIRECTION('',(-1.,0.,-2.22044604925031E-16));
#9835=DIRECTION('center_axis',(-2.22044604925031E-16,0.,1.));
#9836=DIRECTION('ref_axis',(0.,1.,0.));
#9837=DIRECTION('',(0.,-1.,0.));
#9838=DIRECTION('',(0.,1.,0.));
#9839=DIRECTION('',(-1.,0.,-2.22044604925031E-16));
#9840=DIRECTION('center_axis',(0.,-1.,0.));
#9841=DIRECTION('ref_axis',(-2.22044604925031E-16,0.,1.));
#9842=DIRECTION('',(2.22044604925031E-16,0.,-1.));
#9843=DIRECTION('',(-2.22044604925031E-16,0.,1.));
#9844=DIRECTION('center_axis',(-1.,0.,-2.22044604925031E-16));
#9845=DIRECTION('ref_axis',(-2.22044604925031E-16,0.,1.));
#9846=DIRECTION('center_axis',(-1.,0.,-2.22044604925031E-16));
#9847=DIRECTION('ref_axis',(-2.22044604925031E-16,0.,1.));
#9848=DIRECTION('center_axis',(1.,-4.44089209850063E-16,-2.957552432416E-31));
#9849=DIRECTION('ref_axis',(-1.97147630088973E-31,2.22044604925031E-16,
-1.));
#9850=DIRECTION('',(1.97147630088973E-31,-2.22044604925031E-16,1.));
#9851=DIRECTION('',(4.44089209850063E-16,1.,2.22044604925031E-16));
#9852=DIRECTION('',(-1.97147630088973E-31,2.22044604925031E-16,-1.));
#9853=DIRECTION('',(4.44089209850063E-16,1.,2.22044604925031E-16));
#9854=DIRECTION('center_axis',(1.97147630088973E-31,-2.22044604925031E-16,
1.));
#9855=DIRECTION('ref_axis',(1.,-4.44089209850063E-16,-2.957552432416E-31));
#9856=DIRECTION('',(-1.,4.44089209850063E-16,2.957552432416E-31));
#9857=DIRECTION('',(1.,-4.44089209850063E-16,-2.957552432416E-31));
#9858=DIRECTION('',(4.44089209850063E-16,1.,2.22044604925031E-16));
#9859=DIRECTION('center_axis',(-1.,4.44089209850063E-16,2.957552432416E-31));
#9860=DIRECTION('ref_axis',(1.97147630088973E-31,-2.22044604925031E-16,
1.));
#9861=DIRECTION('',(-1.97147630088973E-31,2.22044604925031E-16,-1.));
#9862=DIRECTION('',(1.97147630088973E-31,-2.22044604925031E-16,1.));
#9863=DIRECTION('',(4.44089209850063E-16,1.,2.22044604925031E-16));
#9864=DIRECTION('center_axis',(-1.97147630088973E-31,2.22044604925031E-16,
-1.));
#9865=DIRECTION('ref_axis',(-1.,4.44089209850063E-16,2.957552432416E-31));
#9866=DIRECTION('',(1.,-4.44089209850063E-16,-2.957552432416E-31));
#9867=DIRECTION('',(-1.,4.44089209850063E-16,2.957552432416E-31));
#9868=DIRECTION('center_axis',(4.44089209850063E-16,1.,2.22044604925031E-16));
#9869=DIRECTION('ref_axis',(-1.,4.44089209850063E-16,2.957552432416E-31));
#9870=DIRECTION('center_axis',(4.44089209850063E-16,1.,2.22044604925031E-16));
#9871=DIRECTION('ref_axis',(-1.,4.44089209850063E-16,2.957552432416E-31));
#9872=DIRECTION('center_axis',(1.,-4.44089209850063E-16,-2.957552432416E-31));
#9873=DIRECTION('ref_axis',(-1.97147630088973E-31,2.22044604925031E-16,
-1.));
#9874=DIRECTION('',(1.97147630088973E-31,-2.22044604925031E-16,1.));
#9875=DIRECTION('',(4.44089209850063E-16,1.,2.22044604925031E-16));
#9876=DIRECTION('',(-1.97147630088973E-31,2.22044604925031E-16,-1.));
#9877=DIRECTION('',(4.44089209850063E-16,1.,2.22044604925031E-16));
#9878=DIRECTION('center_axis',(1.97147630088973E-31,-2.22044604925031E-16,
1.));
#9879=DIRECTION('ref_axis',(1.,-4.44089209850063E-16,-2.957552432416E-31));
#9880=DIRECTION('',(-1.,4.44089209850063E-16,2.957552432416E-31));
#9881=DIRECTION('',(1.,-4.44089209850063E-16,-2.957552432416E-31));
#9882=DIRECTION('',(4.44089209850063E-16,1.,2.22044604925031E-16));
#9883=DIRECTION('center_axis',(-1.,4.44089209850063E-16,2.957552432416E-31));
#9884=DIRECTION('ref_axis',(1.97147630088973E-31,-2.22044604925031E-16,
1.));
#9885=DIRECTION('',(-1.97147630088973E-31,2.22044604925031E-16,-1.));
#9886=DIRECTION('',(1.97147630088973E-31,-2.22044604925031E-16,1.));
#9887=DIRECTION('',(4.44089209850063E-16,1.,2.22044604925031E-16));
#9888=DIRECTION('center_axis',(-1.97147630088973E-31,2.22044604925031E-16,
-1.));
#9889=DIRECTION('ref_axis',(-1.,4.44089209850063E-16,2.957552432416E-31));
#9890=DIRECTION('',(1.,-4.44089209850063E-16,-2.957552432416E-31));
#9891=DIRECTION('',(-1.,4.44089209850063E-16,2.957552432416E-31));
#9892=DIRECTION('center_axis',(4.44089209850063E-16,1.,2.22044604925031E-16));
#9893=DIRECTION('ref_axis',(-1.,4.44089209850063E-16,2.957552432416E-31));
#9894=DIRECTION('center_axis',(4.44089209850063E-16,1.,2.22044604925031E-16));
#9895=DIRECTION('ref_axis',(-1.,4.44089209850063E-16,2.957552432416E-31));
#9896=DIRECTION('center_axis',(-2.22044604925031E-16,1.,0.));
#9897=DIRECTION('ref_axis',(-1.,-2.22044604925031E-16,0.));
#9898=DIRECTION('',(1.,2.22044604925031E-16,0.));
#9899=DIRECTION('',(0.,0.,1.));
#9900=DIRECTION('',(-1.,-2.22044604925031E-16,0.));
#9901=DIRECTION('',(0.,0.,1.));
#9902=DIRECTION('center_axis',(1.,2.22044604925031E-16,0.));
#9903=DIRECTION('ref_axis',(-2.22044604925031E-16,1.,0.));
#9904=DIRECTION('',(2.22044604925031E-16,-1.,0.));
#9905=DIRECTION('',(-2.22044604925031E-16,1.,0.));
#9906=DIRECTION('',(0.,0.,1.));
#9907=DIRECTION('center_axis',(2.22044604925031E-16,-1.,0.));
#9908=DIRECTION('ref_axis',(1.,2.22044604925031E-16,0.));
#9909=DIRECTION('',(-1.,-2.22044604925031E-16,0.));
#9910=DIRECTION('',(1.,2.22044604925031E-16,0.));
#9911=DIRECTION('',(0.,0.,1.));
#9912=DIRECTION('center_axis',(-1.,-2.22044604925031E-16,0.));
#9913=DIRECTION('ref_axis',(2.22044604925031E-16,-1.,0.));
#9914=DIRECTION('',(-2.22044604925031E-16,1.,0.));
#9915=DIRECTION('',(2.22044604925031E-16,-1.,0.));
#9916=DIRECTION('center_axis',(0.,0.,1.));
#9917=DIRECTION('ref_axis',(-2.22044604925031E-16,1.,0.));
#9918=DIRECTION('center_axis',(0.,0.,1.));
#9919=DIRECTION('ref_axis',(-2.22044604925031E-16,1.,0.));
#9920=DIRECTION('center_axis',(-0.996194698091746,-1.93524624653514E-17,
-0.087155742747658));
#9921=DIRECTION('ref_axis',(-3.85576410060051E-17,1.,2.18671248444704E-16));
#9922=DIRECTION('',(0.087155742747658,1.93524624653514E-17,-0.996194698091746));
#9923=DIRECTION('',(3.85576410060051E-17,-1.,-2.18671248444704E-16));
#9924=DIRECTION('',(0.087155742747658,1.77635683940025E-16,-0.996194698091746));
#9925=DIRECTION('',(1.94263857280328E-17,-1.,0.));
#9926=DIRECTION('center_axis',(3.47607904752837E-17,-1.,-1.7527304829279E-16));
#9927=DIRECTION('ref_axis',(-0.996194698091746,-1.93524624653514E-17,-0.087155742747658));
#9928=DIRECTION('',(1.,3.47607904752837E-17,0.));
#9929=DIRECTION('',(-0.996194698091746,-1.93524624653514E-17,-0.087155742747658));
#9930=DIRECTION('',(3.89184347621785E-32,-1.7527304829279E-16,1.));
#9931=DIRECTION('center_axis',(-0.087155742747658,-2.21199658166192E-16,
0.996194698091746));
#9932=DIRECTION('ref_axis',(-0.996194698091746,-1.93524624653514E-17,-0.087155742747658));
#9933=DIRECTION('',(-0.996194698091746,-2.21199658166192E-16,-0.087155742747658));
#9934=DIRECTION('',(-2.22044604925031E-16,1.,2.02618219196998E-16));
#9935=DIRECTION('center_axis',(0.,0.,1.));
#9936=DIRECTION('ref_axis',(-2.22044604925031E-16,1.,0.));
#9937=DIRECTION('',(2.22044604925031E-16,-1.,0.));
#9938=DIRECTION('',(-1.,-1.92788205030026E-17,0.));
#9939=DIRECTION('',(2.53798144783909E-15,-1.,0.));
#9940=DIRECTION('',(1.,1.92788205030026E-17,0.));
#9941=DIRECTION('',(2.22044604925031E-16,-1.,0.));
#9942=DIRECTION('',(-1.,-2.22044604925031E-16,0.));
#9943=DIRECTION('',(-2.22044604925031E-16,1.,0.));
#9944=DIRECTION('',(1.,2.22044604925031E-16,0.));
#9945=DIRECTION('center_axis',(1.92788205030026E-17,-1.,1.68667824016387E-18));
#9946=DIRECTION('ref_axis',(-0.996194698091746,-1.93524624653514E-17,-0.087155742747658));
#9947=DIRECTION('',(-0.996194698091746,-1.93524624653514E-17,-0.087155742747658));
#9948=DIRECTION('',(-3.74517803472835E-34,1.68667824016387E-18,1.));
#9949=DIRECTION('center_axis',(-1.92788205030026E-17,1.,-1.68667824016387E-18));
#9950=DIRECTION('ref_axis',(0.996194698091746,1.93524624653514E-17,0.087155742747658));
#9951=DIRECTION('',(3.74517803472835E-34,-1.68667824016387E-18,-1.));
#9952=DIRECTION('',(0.996194698091746,1.93524624653514E-17,0.087155742747658));
#9953=DIRECTION('center_axis',(-0.087155742747658,-2.21199658166192E-16,
0.996194698091746));
#9954=DIRECTION('ref_axis',(-0.996194698091746,-1.93524624653514E-17,-0.087155742747658));
#9955=DIRECTION('',(-2.22044604925031E-16,1.,2.02618219196998E-16));
#9956=DIRECTION('center_axis',(1.,2.22044604925031E-16,0.));
#9957=DIRECTION('ref_axis',(-2.22044604925031E-16,1.,0.));
#9958=DIRECTION('',(0.,0.,1.));
#9959=DIRECTION('',(-2.22044604925031E-16,1.,0.));
#9960=DIRECTION('',(0.,0.,1.));
#9961=DIRECTION('center_axis',(-2.22044604925031E-16,1.,0.));
#9962=DIRECTION('ref_axis',(-1.,-2.22044604925031E-16,0.));
#9963=DIRECTION('',(0.,0.,1.));
#9964=DIRECTION('',(-1.,-2.22044604925031E-16,0.));
#9965=DIRECTION('center_axis',(2.22044604925031E-16,-1.,0.));
#9966=DIRECTION('ref_axis',(1.,2.22044604925031E-16,0.));
#9967=DIRECTION('',(1.,2.22044604925031E-16,0.));
#9968=DIRECTION('',(0.,0.,1.));
#9969=DIRECTION('center_axis',(-1.,-2.22044604925031E-16,0.));
#9970=DIRECTION('ref_axis',(2.22044604925031E-16,-1.,0.));
#9971=DIRECTION('',(2.22044604925031E-16,-1.,0.));
#9972=DIRECTION('center_axis',(0.,0.,1.));
#9973=DIRECTION('ref_axis',(-2.22044604925031E-16,1.,0.));
#9974=DIRECTION('center_axis',(-0.104528463267654,0.,-0.994521895368273));
#9975=DIRECTION('ref_axis',(-0.994521895368273,0.,0.104528463267654));
#9976=DIRECTION('',(0.994521895368273,1.93524624653514E-17,-0.104528463267654));
#9977=DIRECTION('',(-1.92464476510846E-17,1.,2.02288316194813E-18));
#9978=DIRECTION('',(-0.994521895368273,-1.93524624653514E-17,0.104528463267654));
#9979=DIRECTION('',(1.92464476510846E-17,-1.,-2.02288316194813E-18));
#9980=DIRECTION('center_axis',(0.994521895368273,1.93524624653514E-17,-0.104528463267653));
#9981=DIRECTION('ref_axis',(0.104528463267653,-2.21199658166192E-16,0.994521895368273));
#9982=DIRECTION('',(0.104528463267653,-2.21199658166192E-16,0.994521895368273));
#9983=DIRECTION('',(-3.87521269235769E-18,-1.,-2.22010786456204E-16));
#9984=DIRECTION('',(-0.104528463267653,2.21199658166192E-16,-0.994521895368273));
#9985=DIRECTION('center_axis',(-3.87521269235769E-18,-1.,-2.22010786456204E-16));
#9986=DIRECTION('ref_axis',(0.994521895368273,1.93524624653514E-17,-0.104528463267653));
#9987=DIRECTION('',(-0.104528463267653,2.21199658166192E-16,-0.994521895368273));
#9988=DIRECTION('',(-0.0174524064372835,2.22044604925031E-16,-0.999847695156391));
#9989=DIRECTION('',(-0.999847695156391,3.06976191919151E-33,0.0174524064372835));
#9990=DIRECTION('',(-0.104528463267653,2.21199658166192E-16,-0.994521895368273));
#9991=DIRECTION('',(0.994521895368273,1.93524624653514E-17,-0.104528463267653));
#9992=DIRECTION('center_axis',(0.999847695156391,0.,-0.0174524064372835));
#9993=DIRECTION('ref_axis',(0.,1.,0.));
#9994=DIRECTION('',(0.0174524064372835,-2.22044604925031E-16,0.999847695156391));
#9995=DIRECTION('',(0.,-1.,0.));
#9996=DIRECTION('',(-3.87521269235769E-18,-1.,-2.22010786456204E-16));
#9997=DIRECTION('center_axis',(-0.0174524064372835,0.,-0.999847695156391));
#9998=DIRECTION('ref_axis',(-0.999847695156391,0.,0.0174524064372835));
#9999=DIRECTION('',(0.999847695156391,-3.06976191919151E-33,-0.0174524064372835));
#10000=DIRECTION('',(-1.94234269953926E-17,1.,3.39037179333072E-19));
#10001=DIRECTION('center_axis',(-0.994521895368273,-1.93524624653514E-17,
0.104528463267653));
#10002=DIRECTION('ref_axis',(-0.104528463267653,2.21199658166192E-16,-0.994521895368273));
#10003=DIRECTION('',(0.104528463267653,-2.21199658166192E-16,0.994521895368273));
#10004=DIRECTION('',(-3.87521269235769E-18,-1.,-2.22010786456204E-16));
#10005=DIRECTION('center_axis',(-0.994521895368273,-1.93524624653514E-17,
0.104528463267653));
#10006=DIRECTION('ref_axis',(-0.104528463267653,2.21199658166192E-16,-0.994521895368273));
#10007=DIRECTION('',(0.104528463267653,-2.21199658166192E-16,0.994521895368273));
#10008=DIRECTION('center_axis',(-0.104528463267653,2.21199658166192E-16,
-0.994521895368273));
#10009=DIRECTION('ref_axis',(0.994521895368273,1.93524624653514E-17,-0.104528463267653));
#10010=DIRECTION('',(-0.994521895368273,-1.93524624653514E-17,0.104528463267653));
#10011=DIRECTION('center_axis',(3.87521269235769E-18,1.,2.22010786456204E-16));
#10012=DIRECTION('ref_axis',(0.994521895368273,1.93524624653514E-17,-0.104528463267653));
#10013=DIRECTION('center_axis',(0.104528463267653,3.04057261164332E-19,
-0.994521895368273));
#10014=DIRECTION('ref_axis',(-0.994521895368273,3.8634138118738E-18,-0.104528463267653));
#10015=DIRECTION('',(0.994521895368273,1.54890486534776E-17,0.104528463267653));
#10016=DIRECTION('',(-1.54359806625628E-17,1.,-1.31665484955229E-18));
#10017=DIRECTION('',(-0.994521895368273,-1.54890486534776E-17,-0.104528463267653));
#10018=DIRECTION('',(1.54359806625628E-17,-1.,1.31665484955229E-18));
#10019=DIRECTION('center_axis',(3.85576410060052E-17,-1.,-2.18671248444704E-16));
#10020=DIRECTION('ref_axis',(0.994521895368273,1.54890486534776E-17,0.104528463267653));
#10021=DIRECTION('',(0.104528463267653,2.21503715427357E-16,-0.994521895368273));
#10022=DIRECTION('',(0.994521895368273,1.54890486534776E-17,0.104528463267653));
#10023=DIRECTION('',(-0.104528463267653,-2.21503715427357E-16,0.994521895368273));
#10024=DIRECTION('center_axis',(-0.994521895368273,-1.54890486534776E-17,
-0.104528463267653));
#10025=DIRECTION('ref_axis',(0.104528463267653,2.21503715427357E-16,-0.994521895368273));
#10026=DIRECTION('',(-0.104528463267653,-2.21503715427357E-16,0.994521895368273));
#10027=DIRECTION('',(3.85576410060052E-17,-1.,-2.18671248444704E-16));
#10028=DIRECTION('center_axis',(0.104528463267653,2.21503715427357E-16,
-0.994521895368273));
#10029=DIRECTION('ref_axis',(0.994521895368273,1.54890486534776E-17,0.104528463267653));
#10030=DIRECTION('',(-0.994521895368273,-1.54890486534776E-17,-0.104528463267653));
#10031=DIRECTION('',(3.85576410060052E-17,-1.,-2.18671248444704E-16));
#10032=DIRECTION('center_axis',(0.994521895368273,1.54890486534776E-17,
0.104528463267653));
#10033=DIRECTION('ref_axis',(-0.104528463267653,-2.21503715427357E-16,0.994521895368273));
#10034=DIRECTION('',(0.104528463267653,2.21503715427357E-16,-0.994521895368273));
#10035=DIRECTION('center_axis',(-3.85576410060052E-17,1.,2.18671248444704E-16));
#10036=DIRECTION('ref_axis',(0.994521895368273,1.54890486534776E-17,0.104528463267653));
#10037=DIRECTION('center_axis',(0.104528463267653,1.77939741201189E-16,
-0.994521895368273));
#10038=DIRECTION('ref_axis',(-0.994521895368273,3.8634138118738E-18,-0.104528463267653));
#10039=DIRECTION('',(0.994521895368273,1.54890486534776E-17,0.104528463267653));
#10040=DIRECTION('',(-3.40039657263122E-17,1.,1.75345922227521E-16));
#10041=DIRECTION('',(-0.994521895368273,-1.54890486534776E-17,-0.104528463267653));
#10042=DIRECTION('',(3.40039657263122E-17,-1.,-1.75345922227521E-16));
#10043=DIRECTION('center_axis',(3.85576410060052E-17,-1.,-2.18671248444704E-16));
#10044=DIRECTION('ref_axis',(0.994521895368273,1.54890486534776E-17,0.104528463267653));
#10045=DIRECTION('',(0.104528463267653,2.21503715427357E-16,-0.994521895368273));
#10046=DIRECTION('',(0.994521895368273,1.54890486534776E-17,0.104528463267653));
#10047=DIRECTION('',(-0.104528463267653,-2.21503715427357E-16,0.994521895368273));
#10048=DIRECTION('center_axis',(-0.994521895368273,-1.54890486534776E-17,
-0.104528463267653));
#10049=DIRECTION('ref_axis',(0.104528463267653,2.21503715427357E-16,-0.994521895368273));
#10050=DIRECTION('',(-0.104528463267653,-2.21503715427357E-16,0.994521895368273));
#10051=DIRECTION('',(3.85576410060052E-17,-1.,-2.18671248444704E-16));
#10052=DIRECTION('center_axis',(0.104528463267653,2.21503715427357E-16,
-0.994521895368273));
#10053=DIRECTION('ref_axis',(0.994521895368273,1.54890486534776E-17,0.104528463267653));
#10054=DIRECTION('',(-0.994521895368273,-1.54890486534776E-17,-0.104528463267653));
#10055=DIRECTION('',(3.85576410060052E-17,-1.,-2.18671248444704E-16));
#10056=DIRECTION('center_axis',(0.994521895368273,1.54890486534776E-17,
0.104528463267653));
#10057=DIRECTION('ref_axis',(-0.104528463267653,-2.21503715427357E-16,0.994521895368273));
#10058=DIRECTION('',(0.104528463267653,2.21503715427357E-16,-0.994521895368273));
#10059=DIRECTION('center_axis',(-3.85576410060052E-17,1.,2.18671248444704E-16));
#10060=DIRECTION('ref_axis',(0.994521895368273,1.54890486534776E-17,0.104528463267653));
#10061=DIRECTION('center_axis',(-0.104528463267654,1.77635683940025E-16,
-0.994521895368273));
#10062=DIRECTION('ref_axis',(-0.994521895368273,0.,0.104528463267654));
#10063=DIRECTION('',(0.994521895368273,1.93524624653514E-17,-0.104528463267654));
#10064=DIRECTION('',(-6.7846258733523E-19,1.,1.78685460239022E-16));
#10065=DIRECTION('',(-0.994521895368273,-1.93524624653514E-17,0.104528463267654));
#10066=DIRECTION('',(6.7846258733523E-19,-1.,-1.78685460239022E-16));
#10067=DIRECTION('center_axis',(0.994521895368273,1.93524624653514E-17,
-0.104528463267653));
#10068=DIRECTION('ref_axis',(0.104528463267653,-2.21199658166192E-16,0.994521895368273));
#10069=DIRECTION('',(0.104528463267653,-2.21199658166192E-16,0.994521895368273));
#10070=DIRECTION('',(-3.87521269235769E-18,-1.,-2.22010786456204E-16));
#10071=DIRECTION('',(-0.104528463267653,2.21199658166192E-16,-0.994521895368273));
#10072=DIRECTION('center_axis',(-3.87521269235769E-18,-1.,-2.22010786456204E-16));
#10073=DIRECTION('ref_axis',(0.994521895368273,1.93524624653514E-17,-0.104528463267653));
#10074=DIRECTION('',(-0.104528463267653,2.21199658166192E-16,-0.994521895368273));
#10075=DIRECTION('',(-0.0174524064372835,2.22044604925031E-16,-0.999847695156391));
#10076=DIRECTION('',(-0.999847695156391,3.06976191919151E-33,0.0174524064372835));
#10077=DIRECTION('',(-0.104528463267653,2.21199658166192E-16,-0.994521895368273));
#10078=DIRECTION('',(0.994521895368273,1.93524624653514E-17,-0.104528463267653));
#10079=DIRECTION('center_axis',(0.999847695156391,0.,-0.0174524064372835));
#10080=DIRECTION('ref_axis',(0.,1.,0.));
#10081=DIRECTION('',(0.0174524064372835,-2.22044604925031E-16,0.999847695156391));
#10082=DIRECTION('',(0.,1.,0.));
#10083=DIRECTION('',(-3.87521269235769E-18,-1.,-2.22010786456204E-16));
#10084=DIRECTION('center_axis',(-0.0174524064372835,0.,-0.999847695156391));
#10085=DIRECTION('ref_axis',(-0.999847695156391,0.,0.0174524064372835));
#10086=DIRECTION('',(0.999847695156391,-3.06976191919151E-33,-0.0174524064372835));
#10087=DIRECTION('',(-1.94234269953926E-17,1.,3.39037179333072E-19));
#10088=DIRECTION('center_axis',(-0.994521895368273,-1.93524624653514E-17,
0.104528463267653));
#10089=DIRECTION('ref_axis',(-0.104528463267653,2.21199658166192E-16,-0.994521895368273));
#10090=DIRECTION('',(0.104528463267653,-2.21199658166192E-16,0.994521895368273));
#10091=DIRECTION('',(-3.87521269235769E-18,-1.,-2.22010786456204E-16));
#10092=DIRECTION('center_axis',(-0.994521895368273,-1.93524624653514E-17,
0.104528463267653));
#10093=DIRECTION('ref_axis',(-0.104528463267653,2.21199658166192E-16,-0.994521895368273));
#10094=DIRECTION('',(0.104528463267653,-2.21199658166192E-16,0.994521895368273));
#10095=DIRECTION('center_axis',(-0.104528463267653,2.21199658166192E-16,
-0.994521895368273));
#10096=DIRECTION('ref_axis',(0.994521895368273,1.93524624653514E-17,-0.104528463267653));
#10097=DIRECTION('',(-0.994521895368273,-1.93524624653514E-17,0.104528463267653));
#10098=DIRECTION('center_axis',(3.87521269235769E-18,1.,2.22010786456204E-16));
#10099=DIRECTION('ref_axis',(0.994521895368273,1.93524624653514E-17,-0.104528463267653));
#10100=DIRECTION('center_axis',(1.,0.,6.16297582203915E-33));
#10101=DIRECTION('ref_axis',(1.21501607761066E-63,1.,-1.97147630088973E-31));
#10102=DIRECTION('',(-1.21501607761066E-63,-1.,1.97147630088973E-31));
#10103=DIRECTION('',(-6.16297582203915E-33,1.97147630088973E-31,1.));
#10104=DIRECTION('',(1.21501607761066E-63,1.,-1.97147630088973E-31));
#10105=DIRECTION('',(-6.16297582203915E-33,1.97147630088973E-31,1.));
#10106=DIRECTION('center_axis',(-1.21501607761066E-63,-1.,1.97147630088973E-31));
#10107=DIRECTION('ref_axis',(1.,0.,6.16297582203915E-33));
#10108=DIRECTION('',(-1.,0.,-6.16297582203915E-33));
#10109=DIRECTION('',(1.,0.,6.16297582203915E-33));
#10110=DIRECTION('',(-6.16297582203915E-33,1.97147630088973E-31,1.));
#10111=DIRECTION('center_axis',(-1.,0.,-6.16297582203915E-33));
#10112=DIRECTION('ref_axis',(-1.21501607761066E-63,-1.,1.97147630088973E-31));
#10113=DIRECTION('',(1.21501607761066E-63,1.,-1.97147630088973E-31));
#10114=DIRECTION('',(-1.21501607761066E-63,-1.,1.97147630088973E-31));
#10115=DIRECTION('',(-6.16297582203915E-33,1.97147630088973E-31,1.));
#10116=DIRECTION('center_axis',(1.21501607761066E-63,1.,-1.97147630088973E-31));
#10117=DIRECTION('ref_axis',(-1.,0.,-6.16297582203915E-33));
#10118=DIRECTION('',(1.,0.,6.16297582203915E-33));
#10119=DIRECTION('',(-1.,0.,-6.16297582203915E-33));
#10120=DIRECTION('center_axis',(-6.16297582203915E-33,1.97147630088973E-31,
1.));
#10121=DIRECTION('ref_axis',(1.,0.,6.16297582203915E-33));
#10122=DIRECTION('center_axis',(-6.16297582203915E-33,1.97147630088973E-31,
1.));
#10123=DIRECTION('ref_axis',(1.,0.,6.16297582203915E-33));
#10124=DIRECTION('center_axis',(1.,-7.54321190234082E-34,0.));
#10125=DIRECTION('ref_axis',(7.54321190234082E-34,1.,1.23259516440783E-32));
#10126=DIRECTION('',(-7.54321190234082E-34,-1.,-1.23259516440783E-32));
#10127=DIRECTION('',(-9.29772651492889E-66,-1.23259516440783E-32,1.));
#10128=DIRECTION('',(7.54321190234082E-34,1.,1.23259516440783E-32));
#10129=DIRECTION('',(-9.29772651492889E-66,-1.23259516440783E-32,1.));
#10130=DIRECTION('center_axis',(-7.54321190234082E-34,-1.,-1.23259516440783E-32));
#10131=DIRECTION('ref_axis',(1.,-7.54321190234082E-34,0.));
#10132=DIRECTION('',(-1.,7.54321190234082E-34,0.));
#10133=DIRECTION('',(1.,-7.54321190234082E-34,0.));
#10134=DIRECTION('',(-9.29772651492889E-66,-1.23259516440783E-32,1.));
#10135=DIRECTION('center_axis',(-1.,7.54321190234082E-34,0.));
#10136=DIRECTION('ref_axis',(-7.54321190234082E-34,-1.,-1.23259516440783E-32));
#10137=DIRECTION('',(7.54321190234082E-34,1.,1.23259516440783E-32));
#10138=DIRECTION('',(-7.54321190234082E-34,-1.,-1.23259516440783E-32));
#10139=DIRECTION('',(-9.29772651492889E-66,-1.23259516440783E-32,1.));
#10140=DIRECTION('center_axis',(7.54321190234082E-34,1.,1.23259516440783E-32));
#10141=DIRECTION('ref_axis',(-1.,7.54321190234082E-34,0.));
#10142=DIRECTION('',(1.,-7.54321190234082E-34,0.));
#10143=DIRECTION('',(-1.,7.54321190234082E-34,0.));
#10144=DIRECTION('center_axis',(-9.29772651492889E-66,-1.23259516440783E-32,
1.));
#10145=DIRECTION('ref_axis',(1.,-7.54321190234082E-34,0.));
#10146=DIRECTION('center_axis',(-9.29772651492889E-66,-1.23259516440783E-32,
1.));
#10147=DIRECTION('ref_axis',(1.,-7.54321190234082E-34,0.));
#10148=DIRECTION('center_axis',(1.,0.,6.16297582203915E-33));
#10149=DIRECTION('ref_axis',(1.21501607761066E-63,1.,-1.97147630088973E-31));
#10150=DIRECTION('',(-1.21501607761066E-63,-1.,1.97147630088973E-31));
#10151=DIRECTION('',(-6.16297582203915E-33,1.97147630088973E-31,1.));
#10152=DIRECTION('',(1.21501607761066E-63,1.,-1.97147630088973E-31));
#10153=DIRECTION('',(-6.16297582203915E-33,1.97147630088973E-31,1.));
#10154=DIRECTION('center_axis',(-1.21501607761066E-63,-1.,1.97147630088973E-31));
#10155=DIRECTION('ref_axis',(1.,0.,6.16297582203915E-33));
#10156=DIRECTION('',(-1.,0.,-6.16297582203915E-33));
#10157=DIRECTION('',(1.,0.,6.16297582203915E-33));
#10158=DIRECTION('',(-6.16297582203915E-33,1.97147630088973E-31,1.));
#10159=DIRECTION('center_axis',(-1.,0.,-6.16297582203915E-33));
#10160=DIRECTION('ref_axis',(-1.21501607761066E-63,-1.,1.97147630088973E-31));
#10161=DIRECTION('',(1.21501607761066E-63,1.,-1.97147630088973E-31));
#10162=DIRECTION('',(-1.21501607761066E-63,-1.,1.97147630088973E-31));
#10163=DIRECTION('',(-6.16297582203915E-33,1.97147630088973E-31,1.));
#10164=DIRECTION('center_axis',(1.21501607761066E-63,1.,-1.97147630088973E-31));
#10165=DIRECTION('ref_axis',(-1.,0.,-6.16297582203915E-33));
#10166=DIRECTION('',(1.,0.,6.16297582203915E-33));
#10167=DIRECTION('',(-1.,0.,-6.16297582203915E-33));
#10168=DIRECTION('center_axis',(-6.16297582203915E-33,1.97147630088973E-31,
1.));
#10169=DIRECTION('ref_axis',(1.,0.,6.16297582203915E-33));
#10170=DIRECTION('center_axis',(-6.16297582203915E-33,1.97147630088973E-31,
1.));
#10171=DIRECTION('ref_axis',(1.,0.,6.16297582203915E-33));
#10172=DIRECTION('center_axis',(1.,-6.16297582203915E-33,0.));
#10173=DIRECTION('ref_axis',(0.,0.,-1.));
#10174=DIRECTION('',(6.16297582203915E-33,1.,-1.97147630088973E-31));
#10175=DIRECTION('',(-6.16297582203915E-33,1.97147630088973E-31,1.));
#10176=DIRECTION('',(-6.16297582203915E-33,-1.,1.97147630088973E-31));
#10177=DIRECTION('',(6.16297582203915E-33,-1.97147630088973E-31,-1.));
#10178=DIRECTION('center_axis',(-6.16297582203915E-33,-1.,1.97147630088973E-31));
#10179=DIRECTION('ref_axis',(1.,-6.16297582203915E-33,6.16297582203915E-33));
#10180=DIRECTION('',(-1.,6.16297582203915E-33,-6.16297582203915E-33));
#10181=DIRECTION('',(1.,-6.16297582203915E-33,6.16297582203915E-33));
#10182=DIRECTION('',(-6.16297582203915E-33,1.97147630088973E-31,1.));
#10183=DIRECTION('center_axis',(-1.,6.16297582203915E-33,-6.16297582203915E-33));
#10184=DIRECTION('ref_axis',(-6.16297582203915E-33,-1.,1.97147630088973E-31));
#10185=DIRECTION('',(6.16297582203915E-33,1.,-1.97147630088973E-31));
#10186=DIRECTION('',(-6.16297582203915E-33,-1.,1.97147630088973E-31));
#10187=DIRECTION('',(-6.16297582203915E-33,1.97147630088973E-31,1.));
#10188=DIRECTION('center_axis',(6.16297582203915E-33,1.,-1.97147630088973E-31));
#10189=DIRECTION('ref_axis',(-1.,6.16297582203915E-33,-6.16297582203915E-33));
#10190=DIRECTION('',(1.,-6.16297582203915E-33,6.16297582203915E-33));
#10191=DIRECTION('',(1.,-6.16297582203915E-33,0.));
#10192=DIRECTION('center_axis',(-6.16297582203915E-33,1.97147630088973E-31,
1.));
#10193=DIRECTION('ref_axis',(1.,-6.16297582203915E-33,6.16297582203915E-33));
#10194=DIRECTION('center_axis',(-6.16297582203915E-33,1.97147630088973E-31,
1.));
#10195=DIRECTION('ref_axis',(1.,-6.16297582203915E-33,6.16297582203915E-33));
#10196=DIRECTION('center_axis',(1.,-6.16297582203915E-33,0.));
#10197=DIRECTION('ref_axis',(0.,0.,-1.));
#10198=DIRECTION('',(6.16297582203915E-33,1.,-1.97147630088973E-31));
#10199=DIRECTION('',(-6.16297582203915E-33,1.97147630088973E-31,1.));
#10200=DIRECTION('',(-6.16297582203915E-33,-1.,1.97147630088973E-31));
#10201=DIRECTION('',(6.16297582203915E-33,-1.97147630088973E-31,-1.));
#10202=DIRECTION('center_axis',(-6.16297582203915E-33,-1.,1.97147630088973E-31));
#10203=DIRECTION('ref_axis',(1.,-6.16297582203915E-33,6.16297582203915E-33));
#10204=DIRECTION('',(-1.,6.16297582203915E-33,-6.16297582203915E-33));
#10205=DIRECTION('',(1.,-6.16297582203915E-33,6.16297582203915E-33));
#10206=DIRECTION('',(-6.16297582203915E-33,1.97147630088973E-31,1.));
#10207=DIRECTION('center_axis',(-1.,6.16297582203915E-33,-6.16297582203915E-33));
#10208=DIRECTION('ref_axis',(-6.16297582203915E-33,-1.,1.97147630088973E-31));
#10209=DIRECTION('',(6.16297582203915E-33,1.,-1.97147630088973E-31));
#10210=DIRECTION('',(-6.16297582203915E-33,-1.,1.97147630088973E-31));
#10211=DIRECTION('',(-6.16297582203915E-33,1.97147630088973E-31,1.));
#10212=DIRECTION('center_axis',(6.16297582203915E-33,1.,-1.97147630088973E-31));
#10213=DIRECTION('ref_axis',(-1.,6.16297582203915E-33,-6.16297582203915E-33));
#10214=DIRECTION('',(1.,-6.16297582203915E-33,6.16297582203915E-33));
#10215=DIRECTION('',(1.,-6.16297582203915E-33,0.));
#10216=DIRECTION('center_axis',(-6.16297582203915E-33,1.97147630088973E-31,
1.));
#10217=DIRECTION('ref_axis',(1.,-6.16297582203915E-33,6.16297582203915E-33));
#10218=DIRECTION('center_axis',(-6.16297582203915E-33,1.97147630088973E-31,
1.));
#10219=DIRECTION('ref_axis',(1.,-6.16297582203915E-33,6.16297582203915E-33));
#10220=DIRECTION('',(-8.88883105120251E-18,1.08709140200303E-16,1.));
#10221=DIRECTION('',(-1.,8.60422844084496E-15,-6.93889390390112E-18));
#10222=DIRECTION('',(-8.8888310512009E-18,1.08709140200303E-16,1.));
#10223=DIRECTION('',(-1.,8.52096171399806E-15,-6.9388939039007E-18));
#10224=DIRECTION('',(-9.67090063485895E-16,1.08709140200311E-16,0.999999999999998));
#10225=DIRECTION('',(1.00000000000001,-5.58580959264526E-16,-2.1510571102113E-16));
#10226=DIRECTION('',(3.65081483221991E-16,1.087091402003E-16,1.));
#10227=DIRECTION('',(-0.999999999999999,1.42941214420489E-14,-2.28983498828929E-16));
#10228=CARTESIAN_POINT('',(0.,0.,0.));
#10229=CARTESIAN_POINT('',(0.,0.,0.));
#10230=CARTESIAN_POINT('Origin',(74.8909253436551,14.3520255426594,40.2248053425778));
#10231=CARTESIAN_POINT('',(-25.2380888255007,14.3520255426594,40.2248053425778));
#10232=CARTESIAN_POINT('',(-67.8881779672596,46.1061065095164,40.2248053425778));
#10233=CARTESIAN_POINT('',(-14.353188122653,6.24793888798447,40.2248053425778));
#10234=CARTESIAN_POINT('',(24.7619111744993,14.3520255426594,40.2248053425778));
#10235=CARTESIAN_POINT('',(24.8264182590772,14.3520255426594,40.2248053425778));
#10236=CARTESIAN_POINT('',(67.4120003162582,46.1061065095164,40.2248053425778));
#10237=CARTESIAN_POINT('',(40.8876347363696,26.3580387055118,40.2248053425778));
#10238=CARTESIAN_POINT('',(55.4378494015637,73.2122393389649,40.2248053425778));
#10239=CARTESIAN_POINT('',(73.8910749581309,31.4392913753434,40.2248053425778));
#10240=CARTESIAN_POINT('',(52.6936781632723,75.,40.2248053425778));
#10241=CARTESIAN_POINT('Origin',(52.6936781632723,72.,40.2248053425778));
#10242=CARTESIAN_POINT('',(-53.1698558142737,75.,40.2248053425778));
#10243=CARTESIAN_POINT('',(64.769515184657,75.,40.2248053425778));
#10244=CARTESIAN_POINT('',(-55.9140270525651,73.2122393389649,40.2248053425778));
#10245=CARTESIAN_POINT('Origin',(-53.1698558142737,72.,40.2248053425778));
#10246=CARTESIAN_POINT('',(-55.7182043454215,73.6555272471158,40.2248053425778));
#10247=CARTESIAN_POINT('Origin',(54.6481050256588,75.,-3.08148791101958E-31));
#10248=CARTESIAN_POINT('',(52.6936781632723,75.,3.));
#10249=CARTESIAN_POINT('',(52.6936781632723,75.,-3.08148791101958E-31));
#10250=CARTESIAN_POINT('',(-53.1698558142737,75.,3.));
#10251=CARTESIAN_POINT('',(27.205008100079,75.,3.));
#10252=CARTESIAN_POINT('',(-53.1698558142737,75.,-3.08148791101958E-31));
#10253=CARTESIAN_POINT('Origin',(52.6936781632723,72.,-2.71170936169723E-31));
#10254=CARTESIAN_POINT('',(55.4378494015637,73.2122393389649,3.));
#10255=CARTESIAN_POINT('',(55.4378494015637,73.2122393389649,-2.86112939642854E-31));
#10256=CARTESIAN_POINT('Origin',(52.6936781632723,72.,3.));
#10257=CARTESIAN_POINT('Origin',(67.4120003162582,46.1061065095164,4.79959428708921E-32));
#10258=CARTESIAN_POINT('',(67.4120003162582,46.1061065095164,3.));
#10259=CARTESIAN_POINT('',(67.4120003162582,46.1061065095164,4.79959428708921E-32));
#10260=CARTESIAN_POINT('',(62.1533278007796,58.0102721348393,3.));
#10261=CARTESIAN_POINT('Origin',(24.7619111744993,14.3520255426594,4.39395209370519E-31));
#10262=CARTESIAN_POINT('',(24.7619111744993,14.3520255426594,4.39395209370519E-31));
#10263=CARTESIAN_POINT('',(24.7619111744993,14.3520255426594,4.39395209370519E-31));
#10264=CARTESIAN_POINT('',(64.9440253055356,44.268636063577,7.06445147349645E-32));
#10265=CARTESIAN_POINT('',(67.4120003162582,46.1061065095164,4.79959428708921E-32));
#10266=CARTESIAN_POINT('Origin',(64.9440253055356,44.268636063577,3.));
#10267=CARTESIAN_POINT('Origin',(-67.8881779672596,46.1061065095164,4.79959428708919E-32));
#10268=CARTESIAN_POINT('',(-67.8881779672596,46.1061065095164,3.));
#10269=CARTESIAN_POINT('',(-67.8881779672596,46.1061065095164,4.79959428708919E-32));
#10270=CARTESIAN_POINT('',(-65.4202029565371,44.268636063577,7.06445147349642E-32));
#10271=CARTESIAN_POINT('Origin',(-65.4202029565371,44.268636063577,3.));
#10272=CARTESIAN_POINT('',(-25.2380888255007,14.3520255426594,4.39395209370519E-31));
#10273=CARTESIAN_POINT('',(-67.8881779672596,46.1061065095164,4.79959428708919E-32));
#10274=CARTESIAN_POINT('',(-25.2380888255007,14.3520255426594,4.39395209370519E-31));
#10275=CARTESIAN_POINT('Origin',(-55.1242826766602,75.,-3.08148791101958E-31));
#10276=CARTESIAN_POINT('',(-55.9140270525651,73.2122393389649,3.));
#10277=CARTESIAN_POINT('',(-55.9140270525651,73.2122393389649,-2.86112939642854E-31));
#10278=CARTESIAN_POINT('',(-56.2475578064813,72.4572188800811,3.));
#10279=CARTESIAN_POINT('Origin',(-53.1698558142737,72.,-2.71170936169723E-31));
#10280=CARTESIAN_POINT('Origin',(-53.1698558142737,72.,3.));
#10281=CARTESIAN_POINT('Origin',(-53.1698558142737,72.,3.));
#10282=CARTESIAN_POINT('',(-53.1698558142737,72.,-2.71170936169723E-31));
#10283=CARTESIAN_POINT('Origin',(-53.1698558142737,72.,3.));
#10284=CARTESIAN_POINT('Origin',(-53.1698558142737,72.,3.));
#10285=CARTESIAN_POINT('Origin',(52.6936781632723,72.,3.));
#10286=CARTESIAN_POINT('',(52.6936781632723,72.,-2.71170936169723E-31));
#10287=CARTESIAN_POINT('Origin',(52.6936781632723,72.,3.));
#10288=CARTESIAN_POINT('Origin',(52.6936781632723,72.,3.));
#10289=CARTESIAN_POINT('Origin',(59.4091565624881,56.7980327958743,3.));
#10290=CARTESIAN_POINT('',(59.4091565624881,56.7980327958743,-8.37922235168054E-32));
#10291=CARTESIAN_POINT('Origin',(27.205008100079,72.,3.));
#10292=CARTESIAN_POINT('',(27.205008100079,72.,-2.71170936169723E-31));
#10293=CARTESIAN_POINT('Origin',(-53.5033865681899,71.2449795411162,3.));
#10294=CARTESIAN_POINT('',(-53.5033865681899,71.2449795411162,-2.61864590503231E-31));
#10295=CARTESIAN_POINT('Origin',(-25.2380888255007,14.3520255426594,4.39395209370519E-31));
#10296=CARTESIAN_POINT('',(-25.2380888255007,14.3520255426594,4.39395209370519E-31));
#10297=CARTESIAN_POINT('Origin',(-0.238088825500716,44.6760127713297,6.56232091342807E-32));
#10298=CARTESIAN_POINT('',(0.,0.,0.));
#10299=CARTESIAN_POINT('Origin',(-125.000001862645,52.5,15.));
#10300=CARTESIAN_POINT('',(-125.000001862645,59.,15.));
#10301=CARTESIAN_POINT('Origin',(-125.000001862645,52.5,15.));
#10302=CARTESIAN_POINT('',(-83.0000018626451,59.,15.));
#10303=CARTESIAN_POINT('',(-125.000001862645,59.,15.));
#10304=CARTESIAN_POINT('Origin',(-83.0000018626451,52.5,15.));
#10305=CARTESIAN_POINT('Origin',(-83.0000018626451,52.5,15.));
#10306=CARTESIAN_POINT('Origin',(125.000001862645,52.5,15.));
#10307=CARTESIAN_POINT('',(125.000001862645,46.,15.));
#10308=CARTESIAN_POINT('Origin',(125.000001862645,52.5,15.));
#10309=CARTESIAN_POINT('',(83.0000018626451,46.,15.));
#10310=CARTESIAN_POINT('',(125.000001862645,46.,15.));
#10311=CARTESIAN_POINT('Origin',(83.0000018626451,52.5,15.));
#10312=CARTESIAN_POINT('Origin',(83.0000018626451,52.5,15.));
#10313=CARTESIAN_POINT('Ctrl Pts',(-0.210886927730023,49.9776386942702,
2.));
#10314=CARTESIAN_POINT('Ctrl Pts',(-0.140591285153344,49.9850924628468,
2.));
#10315=CARTESIAN_POINT('Ctrl Pts',(-0.0702956425766653,49.9925462314234,
2.));
#10316=CARTESIAN_POINT('Ctrl Pts',(4.35295941505703,50.4615642010499,2.));
#10317=CARTESIAN_POINT('Ctrl Pts',(10.8824645126617,51.1290652876391,2.));
#10318=CARTESIAN_POINT('Ctrl Pts',(19.5615719592963,52.0644033257668,2.));
#10319=CARTESIAN_POINT('Ctrl Pts',(28.2011336801869,53.0944693283441,2.));
#10320=CARTESIAN_POINT('Ctrl Pts',(38.9064000343181,54.6984087134674,2.));
#10321=CARTESIAN_POINT('Ctrl Pts',(51.4916752599314,57.6834271918342,2.));
#10322=CARTESIAN_POINT('Ctrl Pts',(63.3835376677057,62.4324671960108,2.));
#10323=CARTESIAN_POINT('Ctrl Pts',(72.7772380801013,67.808725571708,2.));
#10324=CARTESIAN_POINT('Ctrl Pts',(80.5341660804007,72.0565309764563,2.));
#10325=CARTESIAN_POINT('Ctrl Pts',(84.5653728229077,73.960994240452,2.));
#10326=CARTESIAN_POINT('Ctrl Pts',(86.621275292315,74.8392203643866,2.));
#10327=CARTESIAN_POINT('Ctrl Pts',(-0.210886927730023,49.9776386942702,
1.40160139931623));
#10328=CARTESIAN_POINT('Ctrl Pts',(-0.140591285153344,49.9850924628468,
1.40160139931623));
#10329=CARTESIAN_POINT('Ctrl Pts',(-0.0702956425766653,49.9925462314234,
1.40160139931623));
#10330=CARTESIAN_POINT('Ctrl Pts',(4.35295941505703,50.4615642010499,1.40160139931623));
#10331=CARTESIAN_POINT('Ctrl Pts',(10.8824645126617,51.1290652876391,1.40160139931623));
#10332=CARTESIAN_POINT('Ctrl Pts',(19.5615719592963,52.0644033257668,1.40160139931623));
#10333=CARTESIAN_POINT('Ctrl Pts',(28.2011336801869,53.0944693283441,1.40160139931623));
#10334=CARTESIAN_POINT('Ctrl Pts',(38.9064000343181,54.6984087134674,1.40160139931623));
#10335=CARTESIAN_POINT('Ctrl Pts',(51.4916752599314,57.6834271918342,1.40160139931623));
#10336=CARTESIAN_POINT('Ctrl Pts',(63.3835376677057,62.4324671960108,1.40160139931623));
#10337=CARTESIAN_POINT('Ctrl Pts',(72.7772380801013,67.808725571708,1.40160139931623));
#10338=CARTESIAN_POINT('Ctrl Pts',(80.5341660804007,72.0565309764563,1.40160139931623));
#10339=CARTESIAN_POINT('Ctrl Pts',(84.5653728229077,73.960994240452,1.40160139931623));
#10340=CARTESIAN_POINT('Ctrl Pts',(86.621275292315,74.8392203643866,1.40160139931623));
#10341=CARTESIAN_POINT('Ctrl Pts',(-0.157892327097808,49.4778526509755,
0.365995446337087));
#10342=CARTESIAN_POINT('Ctrl Pts',(-0.0875966845211263,49.4853064195521,
0.365995446337086));
#10343=CARTESIAN_POINT('Ctrl Pts',(-0.0173010419444517,49.4927601881287,
0.365995446337086));
#10344=CARTESIAN_POINT('Ctrl Pts',(4.40519085485771,49.9616199381312,0.365995446337078));
#10345=CARTESIAN_POINT('Ctrl Pts',(10.9335203326328,50.6291186537382,0.365995446337079));
#10346=CARTESIAN_POINT('Ctrl Pts',(19.6176469119034,51.564939227565,0.36599544633708));
#10347=CARTESIAN_POINT('Ctrl Pts',(28.2673370905642,52.5960977285154,0.36599544633708));
#10348=CARTESIAN_POINT('Ctrl Pts',(38.997412122028,54.2039618418545,0.365995446337082));
#10349=CARTESIAN_POINT('Ctrl Pts',(51.6384142416342,57.2001664344084,0.365995446337079));
#10350=CARTESIAN_POINT('Ctrl Pts',(63.6102861459896,61.9821477353519,0.365995446337083));
#10351=CARTESIAN_POINT('Ctrl Pts',(73.0312984009479,67.3752720091331,0.365995446337079));
#10352=CARTESIAN_POINT('Ctrl Pts',(80.765008938377,71.6098474671824,0.365995446337079));
#10353=CARTESIAN_POINT('Ctrl Pts',(84.7735600312282,73.503085818375,0.365995446337081));
#10354=CARTESIAN_POINT('Ctrl Pts',(86.8187081747653,74.3770355813229,0.365995446337081));
#10355=CARTESIAN_POINT('Ctrl Pts',(-0.047322915922075,48.4350851263279,
2.04160747053144E-14));
#10356=CARTESIAN_POINT('Ctrl Pts',(0.0229727266546053,48.4425388949045,
1.90437036393129E-14));
#10357=CARTESIAN_POINT('Ctrl Pts',(0.0932683692312782,48.4499926634811,
1.48728355490822E-14));
#10358=CARTESIAN_POINT('Ctrl Pts',(4.51390656537388,48.9186853494264,-1.59748576570844E-15));
#10359=CARTESIAN_POINT('Ctrl Pts',(11.0401529336769,49.5858405248687,-9.79269503781977E-16));
#10360=CARTESIAN_POINT('Ctrl Pts',(19.7346086096028,50.5229541858071,1.33737653421075E-15));
#10361=CARTESIAN_POINT('Ctrl Pts',(28.4055152688524,51.5562173106014,-5.91308881907421E-17));
#10362=CARTESIAN_POINT('Ctrl Pts',(39.1871666506765,53.1722804311557,2.84172346058069E-15));
#10363=CARTESIAN_POINT('Ctrl Pts',(51.944958698925,56.1923501519207,-7.3665501321702E-16));
#10364=CARTESIAN_POINT('Ctrl Pts',(64.0828306041067,61.0418964040367,3.30527518646275E-15));
#10365=CARTESIAN_POINT('Ctrl Pts',(73.5621349179351,66.471772056952,-3.69819805180668E-16));
#10366=CARTESIAN_POINT('Ctrl Pts',(81.2456556010658,70.67671195439,2.1192885949584E-16));
#10367=CARTESIAN_POINT('Ctrl Pts',(85.2091511912575,72.5489994242619,1.36594117480718E-15));
#10368=CARTESIAN_POINT('Ctrl Pts',(87.2306376411415,73.412720373583,1.41525979069176E-15));
#10369=CARTESIAN_POINT('Ctrl Pts',(-1.31614828808165E-12,47.9887880956296,
2.63677968348475E-14));
#10370=CARTESIAN_POINT('Ctrl Pts',(0.0702956425753625,47.9962418642062,
2.65322204084035E-14));
#10371=CARTESIAN_POINT('Ctrl Pts',(0.140591285152036,48.0036956327828,1.75454896798143E-14));
#10372=CARTESIAN_POINT('Ctrl Pts',(4.56038789717057,48.4723468875987,-1.62496677561875E-15));
#10373=CARTESIAN_POINT('Ctrl Pts',(11.0858108996363,49.1392925839253,-1.00675051369229E-15));
#10374=CARTESIAN_POINT('Ctrl Pts',(19.7846609887047,50.0770124809411,1.30989552430044E-15));
#10375=CARTESIAN_POINT('Ctrl Pts',(28.4646636756471,51.1111441323783,-8.66118981010535E-17));
#10376=CARTESIAN_POINT('Ctrl Pts',(39.2683552161467,52.7307182771902,2.81424245067037E-15));
#10377=CARTESIAN_POINT('Ctrl Pts',(52.0762283805101,55.7610991313782,-7.64136023127331E-16));
#10378=CARTESIAN_POINT('Ctrl Pts',(64.2849748325899,60.639347896444,3.27779417655244E-15));
#10379=CARTESIAN_POINT('Ctrl Pts',(73.7894689389996,66.0852409357648,-3.97300815090979E-16));
#10380=CARTESIAN_POINT('Ctrl Pts',(81.4511862882837,70.2771222233852,1.84447849585528E-16));
#10381=CARTESIAN_POINT('Ctrl Pts',(85.3958067487988,72.1408982375874,1.33846016489687E-15));
#10382=CARTESIAN_POINT('Ctrl Pts',(87.4069405018995,73.000000372529,1.38777878078145E-15));
#10383=CARTESIAN_POINT('',(7.46294885778774E-15,50.,2.));
#10384=CARTESIAN_POINT('',(86.621275292315,74.8392203643866,2.));
#10385=CARTESIAN_POINT('Ctrl Pts',(1.12124139149455E-11,50.0000000000012,
2.));
#10386=CARTESIAN_POINT('Ctrl Pts',(1.8335210705621E-5,50.0000019441663,
2.));
#10387=CARTESIAN_POINT('Ctrl Pts',(3.66704139344309E-5,50.0000038883318,
2.));
#10388=CARTESIAN_POINT('Ctrl Pts',(4.35295941505703,50.4615642010499,2.));
#10389=CARTESIAN_POINT('Ctrl Pts',(10.8824645126617,51.1290652876391,2.));
#10390=CARTESIAN_POINT('Ctrl Pts',(19.5615719592963,52.0644033257668,2.));
#10391=CARTESIAN_POINT('Ctrl Pts',(28.2011336801869,53.0944693283441,2.));
#10392=CARTESIAN_POINT('Ctrl Pts',(38.9064000343181,54.6984087134674,2.));
#10393=CARTESIAN_POINT('Ctrl Pts',(51.4916752599314,57.6834271918342,2.));
#10394=CARTESIAN_POINT('Ctrl Pts',(63.3835376677057,62.4324671960108,2.));
#10395=CARTESIAN_POINT('Ctrl Pts',(72.7772380801013,67.808725571708,2.));
#10396=CARTESIAN_POINT('Ctrl Pts',(80.5341660804007,72.0565309764563,2.));
#10397=CARTESIAN_POINT('Ctrl Pts',(84.5653728229077,73.960994240452,2.));
#10398=CARTESIAN_POINT('Ctrl Pts',(86.621275292315,74.8392203643866,2.));
#10399=CARTESIAN_POINT('',(87.4069405018995,73.000000372529,-8.50490677216728E-31));
#10400=CARTESIAN_POINT('Origin',(87.4069405018995,73.000000372529,2.));
#10401=CARTESIAN_POINT('',(-1.33813099489899E-12,47.9887880956299,7.43703020377835E-32));
#10402=CARTESIAN_POINT('Ctrl Pts',(87.4069405018995,73.000000372529,1.38777878078145E-15));
#10403=CARTESIAN_POINT('Ctrl Pts',(85.3958067487988,72.1408982375874,1.33846016489687E-15));
#10404=CARTESIAN_POINT('Ctrl Pts',(81.4511862882837,70.2771222233852,1.84447849585528E-16));
#10405=CARTESIAN_POINT('Ctrl Pts',(73.7894689389996,66.0852409357648,-3.97300815090979E-16));
#10406=CARTESIAN_POINT('Ctrl Pts',(64.2849748325899,60.639347896444,3.27779417655244E-15));
#10407=CARTESIAN_POINT('Ctrl Pts',(52.0762283805101,55.7610991313782,-7.64136023127331E-16));
#10408=CARTESIAN_POINT('Ctrl Pts',(39.2683552161467,52.7307182771902,2.81424245067037E-15));
#10409=CARTESIAN_POINT('Ctrl Pts',(28.4646636756471,51.1111441323783,-8.66118981010535E-17));
#10410=CARTESIAN_POINT('Ctrl Pts',(19.7846609887047,50.0770124809411,1.30989552430044E-15));
#10411=CARTESIAN_POINT('Ctrl Pts',(11.0858108996363,49.1392925839253,-1.00675051369229E-15));
#10412=CARTESIAN_POINT('Ctrl Pts',(4.56038789717057,48.4723468875987,-1.62496677561875E-15));
#10413=CARTESIAN_POINT('Ctrl Pts',(0.140591285152036,48.0036956327828,1.75454896798143E-14));
#10414=CARTESIAN_POINT('Ctrl Pts',(0.0702956425753625,47.9962418642062,
2.65322204084035E-14));
#10415=CARTESIAN_POINT('Ctrl Pts',(-1.31614828808165E-12,47.9887880956296,
2.63677968348475E-14));
#10416=CARTESIAN_POINT('Ctrl Pts',(-1.33892896769794E-12,47.9887880956299,
0.));
#10417=CARTESIAN_POINT('Ctrl Pts',(-1.33891101264758E-12,47.9909221069075,
-1.94883737994696E-17));
#10418=CARTESIAN_POINT('Ctrl Pts',(-9.13504089598868E-9,47.9930560340865,
3.61185373853538E-6));
#10419=CARTESIAN_POINT('Ctrl Pts',(-2.72560830031016E-8,47.9951898703458,
1.08307095041669E-5));
#10420=CARTESIAN_POINT('Ctrl Pts',(-6.60182129444651E-7,48.0697198305666,
0.000262968628099647));
#10421=CARTESIAN_POINT('Ctrl Pts',(-1.21916677704309E-5,48.1440376103017,
0.00491052122550098));
#10422=CARTESIAN_POINT('Ctrl Pts',(-2.84562803254257E-5,48.21785381195,
0.0137395025828171));
#10423=CARTESIAN_POINT('Ctrl Pts',(-4.16992762488584E-5,48.277956544444,
0.0209282483170089));
#10424=CARTESIAN_POINT('Ctrl Pts',(-5.80582982048193E-5,48.3377270371021,
0.030890267869075));
#10425=CARTESIAN_POINT('Ctrl Pts',(-7.46887880414618E-5,48.3970058489913,
0.043535275748826));
#10426=CARTESIAN_POINT('Ctrl Pts',(-9.53733712605035E-5,48.4707353380016,
0.0592628171720408));
#10427=CARTESIAN_POINT('Ctrl Pts',(-0.000116340234235816,48.5435037127631,
0.0790964192385623));
#10428=CARTESIAN_POINT('Ctrl Pts',(-0.000133275443853956,48.6150082608987,
0.102841883494991));
#10429=CARTESIAN_POINT('Ctrl Pts',(-0.000146665909383743,48.6715460427522,
0.121617135043925));
#10430=CARTESIAN_POINT('Ctrl Pts',(-0.000157534565955413,48.7272937585059,
0.14283919456179));
#10431=CARTESIAN_POINT('Ctrl Pts',(-0.000164606209439991,48.7820942275733,
0.166433805710434));
#10432=CARTESIAN_POINT('Ctrl Pts',(-0.000173574034656271,48.8515888265924,
0.196355046690489));
#10433=CARTESIAN_POINT('Ctrl Pts',(-0.000176193788274625,48.9192775347082,
0.229968271417241));
#10434=CARTESIAN_POINT('Ctrl Pts',(-0.000172162788795283,48.9848632833265,
0.267074099468765));
#10435=CARTESIAN_POINT('Ctrl Pts',(-0.000168134182224335,49.0504100985018,
0.304157900514851));
#10436=CARTESIAN_POINT('Ctrl Pts',(-0.000157373436155952,49.1138573252471,
0.344730634142545));
#10437=CARTESIAN_POINT('Ctrl Pts',(-0.00014182621433094,49.1748870842754,
0.388640469959673));
#10438=CARTESIAN_POINT('Ctrl Pts',(-0.000126625023120517,49.2345585192723,
0.431573015580174));
#10439=CARTESIAN_POINT('Ctrl Pts',(-0.000106775107530624,49.2919196009164,
0.477696324352133));
#10440=CARTESIAN_POINT('Ctrl Pts',(-8.74239005863309E-5,49.3466413386589,
0.526905791346303));
#10441=CARTESIAN_POINT('Ctrl Pts',(-7.7976846397406E-5,49.3733559112049,
0.550929331719795));
#10442=CARTESIAN_POINT('Ctrl Pts',(-6.87062929584034E-5,49.3994408996056,
0.575688912796266));
#10443=CARTESIAN_POINT('Ctrl Pts',(-6.05894712996935E-5,49.4248544056902,
0.601175121970752));
#10444=CARTESIAN_POINT('Ctrl Pts',(-4.52442068039521E-5,49.4728999325025,
0.649358097674879));
#10445=CARTESIAN_POINT('Ctrl Pts',(-3.35973876595019E-5,49.5183092747897,
0.699898552934443));
#10446=CARTESIAN_POINT('Ctrl Pts',(-3.37786449265409E-5,49.560855283891,
0.752680091239658));
#10447=CARTESIAN_POINT('Ctrl Pts',(-3.39763052484209E-5,49.607251535967,
0.810238146810409));
#10448=CARTESIAN_POINT('Ctrl Pts',(-4.81124886728843E-5,49.6502439596603,
0.870461166834707));
#10449=CARTESIAN_POINT('Ctrl Pts',(-6.41728043345117E-5,49.6897502308542,
0.932986886490791));
#10450=CARTESIAN_POINT('Ctrl Pts',(-8.03870099849986E-5,49.7296350512473,
0.996111727764659));
#10451=CARTESIAN_POINT('Ctrl Pts',(-9.85185344403536E-5,49.7659669918835,
1.06158452663872));
#10452=CARTESIAN_POINT('Ctrl Pts',(-0.000110988040576923,49.7986158823383,
1.12905855089486));
#10453=CARTESIAN_POINT('Ctrl Pts',(-0.000117963090795345,49.8168786465571,
1.16680140153152));
#10454=CARTESIAN_POINT('Ctrl Pts',(-0.000123255637076061,49.8339881638717,
1.20517080930232));
#10455=CARTESIAN_POINT('Ctrl Pts',(-0.000126262458032312,49.8499148070984,
1.24410793944339));
#10456=CARTESIAN_POINT('Ctrl Pts',(-0.000131629664116034,49.878344027748,
1.31361111399764));
#10457=CARTESIAN_POINT('Ctrl Pts',(-0.000129110052797613,49.9028484080173,
1.38453413153555));
#10458=CARTESIAN_POINT('Ctrl Pts',(-0.00011918310370692,49.9233512235366,
1.45650582399744));
#10459=CARTESIAN_POINT('Ctrl Pts',(-0.000109249819020323,49.9438671244011,
1.52852345036669));
#10460=CARTESIAN_POINT('Ctrl Pts',(-9.18652048508948E-5,49.9603766658797,
1.60159207264077));
#10461=CARTESIAN_POINT('Ctrl Pts',(-7.25993403916311E-5,49.9727552187561,
1.67535977012873));
#10462=CARTESIAN_POINT('Ctrl Pts',(-5.37551739071194E-5,49.9848628255407,
1.74751281447208));
#10463=CARTESIAN_POINT('Ctrl Pts',(-3.30969525960163E-5,49.9930184345704,
1.8203355879582));
#10464=CARTESIAN_POINT('Ctrl Pts',(-2.10335280804164E-5,49.9970567647972,
1.89350375103517));
#10465=CARTESIAN_POINT('Ctrl Pts',(-1.51920552189498E-5,49.9990122457135,
1.92893397554437));
#10466=CARTESIAN_POINT('Ctrl Pts',(-1.14458334090196E-5,50.0000015640078,
1.96444517704635));
#10467=CARTESIAN_POINT('Ctrl Pts',(-1.14458334089865E-5,50.0000015640078,
2.));
#10468=CARTESIAN_POINT('Ctrl Pts',(-1.33892896769794E-12,47.9887880956299,
0.));
#10469=CARTESIAN_POINT('Ctrl Pts',(-0.0702956425771284,47.9962418642064,
-2.75624373120697E-34));
#10470=CARTESIAN_POINT('Ctrl Pts',(-0.140596174069257,48.0036954844831,
-6.24121717423214E-34));
#10471=CARTESIAN_POINT('Ctrl Pts',(-3.25521794511055,48.3339980491265,-7.73746657971328E-33));
#10472=CARTESIAN_POINT('Ctrl Pts',(-9.34205885779296,48.9654929477661,4.30253057436693E-34));
#10473=CARTESIAN_POINT('Ctrl Pts',(-18.4840611376985,49.9226460294467,1.04254659540505E-32));
#10474=CARTESIAN_POINT('Ctrl Pts',(-27.5959146326938,50.9992375560296,-1.949903582908E-33));
#10475=CARTESIAN_POINT('Ctrl Pts',(-36.6765947645672,52.3545876438333,8.66522149210991E-33));
#10476=CARTESIAN_POINT('Ctrl Pts',(-45.6812577535599,54.1885177881881,1.24710659660778E-32));
#10477=CARTESIAN_POINT('Ctrl Pts',(-54.5226442800615,56.7429270448911,2.01054428917539E-32));
#10478=CARTESIAN_POINT('Ctrl Pts',(-63.0294455804387,60.2163000698369,2.71291744933764E-32));
#10479=CARTESIAN_POINT('Ctrl Pts',(-71.1520712768852,64.5175320169017,-1.77402414089707E-32));
#10480=CARTESIAN_POINT('Ctrl Pts',(-79.1181303339398,69.0930627436236,-1.23121241395269E-32));
#10481=CARTESIAN_POINT('Ctrl Pts',(-84.5913532475585,71.7972573836107,4.44748557649841E-32));
#10482=CARTESIAN_POINT('Ctrl Pts',(-87.4069405018995,73.000000372529,0.));
#10483=CARTESIAN_POINT('Ctrl Pts',(0.0630972212263413,48.5838508032277,
-5.49537451595757E-15));
#10484=CARTESIAN_POINT('Ctrl Pts',(-0.00720736057167872,48.5913055685696,
-9.81653284588815E-15));
#10485=CARTESIAN_POINT('Ctrl Pts',(-0.0774855532438456,48.5987567108273,
-3.08809884196975E-15));
#10486=CARTESIAN_POINT('Ctrl Pts',(-3.192860746647,48.9291414213661,8.72766675377302E-16));
#10487=CARTESIAN_POINT('Ctrl Pts',(-9.28099576873686,49.5607635988535,-3.69951469632302E-16));
#10488=CARTESIAN_POINT('Ctrl Pts',(-18.4192688182661,50.5175419756382,1.53913424369316E-16));
#10489=CARTESIAN_POINT('Ctrl Pts',(-27.5185634477951,51.5926951271923,-7.84589885352136E-17));
#10490=CARTESIAN_POINT('Ctrl Pts',(-36.5750728132332,52.9445850702001,4.08606722141427E-17));
#10491=CARTESIAN_POINT('Ctrl Pts',(-45.541148012476,54.7709027415741,-2.13898070994881E-17));
#10492=CARTESIAN_POINT('Ctrl Pts',(-54.3276206329691,57.3099387630242,1.09895037954351E-17));
#10493=CARTESIAN_POINT('Ctrl Pts',(-62.772271205943,60.757824959619,-5.21820379473021E-18));
#10494=CARTESIAN_POINT('Ctrl Pts',(-70.854880205112,65.0369051428138,3.68971358126677E-18));
#10495=CARTESIAN_POINT('Ctrl Pts',(-78.8284415868757,69.6169009682025,-2.91705072426697E-18));
#10496=CARTESIAN_POINT('Ctrl Pts',(-84.3373978730701,72.3397077326112,1.60557294949247E-18));
#10497=CARTESIAN_POINT('Ctrl Pts',(-87.1718700208889,73.5502937072676,0.));
#10498=CARTESIAN_POINT('Ctrl Pts',(0.172295100107012,49.6136835629969,0.502587819956186));
#10499=CARTESIAN_POINT('Ctrl Pts',(0.101995141887378,49.621137812788,0.50258781995618));
#10500=CARTESIAN_POINT('Ctrl Pts',(0.0317272309929838,49.6285879182434,
0.50258781995619));
#10501=CARTESIAN_POINT('Ctrl Pts',(-3.08463956043626,49.9590768097136,0.502587819956188));
#10502=CARTESIAN_POINT('Ctrl Pts',(-9.17539196308435,50.5909709592416,0.502587819956195));
#10503=CARTESIAN_POINT('Ctrl Pts',(-18.3070833198096,51.5470710094436,0.502587819956194));
#10504=CARTESIAN_POINT('Ctrl Pts',(-27.3847174794101,52.6197615458154,0.502587819956194));
#10505=CARTESIAN_POINT('Ctrl Pts',(-36.3993552337492,53.9656343900386,0.502587819956195));
#10506=CARTESIAN_POINT('Ctrl Pts',(-45.2986853556451,55.7788147576775,0.502587819956195));
#10507=CARTESIAN_POINT('Ctrl Pts',(-53.9901086142638,58.2911834663949,0.502587819956195));
#10508=CARTESIAN_POINT('Ctrl Pts',(-62.3272169083153,61.6950446359455,0.502587819956194));
#10509=CARTESIAN_POINT('Ctrl Pts',(-70.3405792678237,65.9356818759858,0.502587819956196));
#10510=CARTESIAN_POINT('Ctrl Pts',(-78.3269560187824,70.5236116693767,0.502587819956193));
#10511=CARTESIAN_POINT('Ctrl Pts',(-83.8981925506498,73.2781111633995,0.502587819956196));
#10512=CARTESIAN_POINT('Ctrl Pts',(-86.7650502368418,74.5026472934706,0.502587819956195));
#10513=CARTESIAN_POINT('Ctrl Pts',(0.210886927727377,49.9776386942705,1.55120104948717));
#10514=CARTESIAN_POINT('Ctrl Pts',(0.140591285151588,49.985092462847,1.55120104948717));
#10515=CARTESIAN_POINT('Ctrl Pts',(0.0703232207666815,49.9925426358378,
1.55120104948717));
#10516=CARTESIAN_POINT('Ctrl Pts',(-3.04635233620715,50.3230632771153,1.55120104948716));
#10517=CARTESIAN_POINT('Ctrl Pts',(-9.13808016516853,50.9550604442686,1.55120104948718));
#10518=CARTESIAN_POINT('Ctrl Pts',(-18.2674284209927,51.910916782028,1.55120104948717));
#10519=CARTESIAN_POINT('Ctrl Pts',(-27.337417424301,52.9827405612457,1.55120104948717));
#10520=CARTESIAN_POINT('Ctrl Pts',(-36.337251784612,54.3264830382212,1.55120104948717));
#10521=CARTESIAN_POINT('Ctrl Pts',(-45.2129982168507,56.1350254727679,1.55120104948717));
#10522=CARTESIAN_POINT('Ctrl Pts',(-53.8708280648045,58.6379613694142,1.55120104948717));
#10523=CARTESIAN_POINT('Ctrl Pts',(-62.1699319847454,62.0262746769069,1.55120104948717));
#10524=CARTESIAN_POINT('Ctrl Pts',(-70.1588227488486,66.253311516868,1.55120104948717));
#10525=CARTESIAN_POINT('Ctrl Pts',(-78.1497061338335,70.8440728320838,1.55120104948717));
#10526=CARTESIAN_POINT('Ctrl Pts',(-83.7430118351448,73.6097037908782,1.55120104948717));
#10527=CARTESIAN_POINT('Ctrl Pts',(-86.6212752923151,74.8392203643866,1.55120104948717));
#10528=CARTESIAN_POINT('Ctrl Pts',(0.210886927727378,49.9776386942705,2.));
#10529=CARTESIAN_POINT('Ctrl Pts',(0.140591285151588,49.985092462847,2.));
#10530=CARTESIAN_POINT('Ctrl Pts',(0.0703232207666819,49.9925426358378,
2.));
#10531=CARTESIAN_POINT('Ctrl Pts',(-3.04635233620715,50.3230632771153,1.99999999999999));
#10532=CARTESIAN_POINT('Ctrl Pts',(-9.13808016516853,50.9550604442686,2.));
#10533=CARTESIAN_POINT('Ctrl Pts',(-18.2674284209927,51.910916782028,2.));
#10534=CARTESIAN_POINT('Ctrl Pts',(-27.337417424301,52.9827405612457,2.));
#10535=CARTESIAN_POINT('Ctrl Pts',(-36.337251784612,54.3264830382212,2.));
#10536=CARTESIAN_POINT('Ctrl Pts',(-45.2129982168507,56.1350254727679,2.));
#10537=CARTESIAN_POINT('Ctrl Pts',(-53.8708280648045,58.6379613694142,2.));
#10538=CARTESIAN_POINT('Ctrl Pts',(-62.1699319847454,62.0262746769069,2.));
#10539=CARTESIAN_POINT('Ctrl Pts',(-70.1588227488486,66.253311516868,2.));
#10540=CARTESIAN_POINT('Ctrl Pts',(-78.1497061338335,70.8440728320838,2.));
#10541=CARTESIAN_POINT('Ctrl Pts',(-83.7430118351448,73.6097037908782,2.));
#10542=CARTESIAN_POINT('Ctrl Pts',(-86.6212752923151,74.8392203643866,2.));
#10543=CARTESIAN_POINT('',(-87.4069405018995,73.000000372529,-8.50490677216728E-31));
#10544=CARTESIAN_POINT('Ctrl Pts',(-1.33892896769794E-12,47.9887880956299,
0.));
#10545=CARTESIAN_POINT('Ctrl Pts',(-0.0702956425771284,47.9962418642064,
-2.75624373120697E-34));
#10546=CARTESIAN_POINT('Ctrl Pts',(-0.140596174069257,48.0036954844831,
-6.24121717423214E-34));
#10547=CARTESIAN_POINT('Ctrl Pts',(-3.25521794511055,48.3339980491265,-7.73746657971328E-33));
#10548=CARTESIAN_POINT('Ctrl Pts',(-9.34205885779296,48.9654929477661,4.30253057436693E-34));
#10549=CARTESIAN_POINT('Ctrl Pts',(-18.4840611376985,49.9226460294467,1.04254659540505E-32));
#10550=CARTESIAN_POINT('Ctrl Pts',(-27.5959146326938,50.9992375560296,-1.949903582908E-33));
#10551=CARTESIAN_POINT('Ctrl Pts',(-36.6765947645672,52.3545876438333,8.66522149210991E-33));
#10552=CARTESIAN_POINT('Ctrl Pts',(-45.6812577535599,54.1885177881881,1.24710659660778E-32));
#10553=CARTESIAN_POINT('Ctrl Pts',(-54.5226442800615,56.7429270448911,2.01054428917539E-32));
#10554=CARTESIAN_POINT('Ctrl Pts',(-63.0294455804387,60.2163000698369,2.71291744933764E-32));
#10555=CARTESIAN_POINT('Ctrl Pts',(-71.1520712768852,64.5175320169017,-1.77402414089707E-32));
#10556=CARTESIAN_POINT('Ctrl Pts',(-79.1181303339398,69.0930627436236,-1.23121241395269E-32));
#10557=CARTESIAN_POINT('Ctrl Pts',(-84.5913532475585,71.7972573836107,4.44748557649841E-32));
#10558=CARTESIAN_POINT('Ctrl Pts',(-87.4069405018995,73.000000372529,0.));
#10559=CARTESIAN_POINT('',(-86.621275292315,74.8392203643866,2.));
#10560=CARTESIAN_POINT('Origin',(-87.4069405018995,73.000000372529,2.));
#10561=CARTESIAN_POINT('Ctrl Pts',(-86.6212752923151,74.8392203643866,2.));
#10562=CARTESIAN_POINT('Ctrl Pts',(-83.7430118351448,73.6097037908782,2.));
#10563=CARTESIAN_POINT('Ctrl Pts',(-78.1497061338335,70.8440728320838,2.));
#10564=CARTESIAN_POINT('Ctrl Pts',(-70.1588227488486,66.253311516868,2.));
#10565=CARTESIAN_POINT('Ctrl Pts',(-62.1699319847454,62.0262746769069,2.));
#10566=CARTESIAN_POINT('Ctrl Pts',(-53.8708280648045,58.6379613694142,2.));
#10567=CARTESIAN_POINT('Ctrl Pts',(-45.2129982168507,56.1350254727679,2.));
#10568=CARTESIAN_POINT('Ctrl Pts',(-36.337251784612,54.3264830382212,2.));
#10569=CARTESIAN_POINT('Ctrl Pts',(-27.337417424301,52.9827405612457,2.));
#10570=CARTESIAN_POINT('Ctrl Pts',(-18.2674284209927,51.910916782028,2.));
#10571=CARTESIAN_POINT('Ctrl Pts',(-9.13808016516853,50.9550604442686,2.));
#10572=CARTESIAN_POINT('Ctrl Pts',(-3.04635233620715,50.3230632771153,1.99999999999999));
#10573=CARTESIAN_POINT('Ctrl Pts',(-7.61831425095949E-6,50.0000011581029,
2.));
#10574=CARTESIAN_POINT('Ctrl Pts',(-3.79079529020637E-6,50.0000007521979,
2.));
#10575=CARTESIAN_POINT('Ctrl Pts',(3.67234735441225E-8,50.000000346293,
2.));
#10576=CARTESIAN_POINT('Origin',(-43.5000009313226,73.000000372529,2.));
#10577=CARTESIAN_POINT('',(-87.4069405018995,75.000000372529,2.));
#10578=CARTESIAN_POINT('Origin',(-87.4069405018995,73.000000372529,2.));
#10579=CARTESIAN_POINT('',(-123.000001862645,73.000000372529,-8.50490677216728E-31));
#10580=CARTESIAN_POINT('',(-43.5000009313226,73.000000372529,-8.50490677216728E-31));
#10581=CARTESIAN_POINT('',(-123.000001862645,75.000000372529,2.));
#10582=CARTESIAN_POINT('Origin',(-123.000001862645,73.000000372529,2.));
#10583=CARTESIAN_POINT('',(-43.5000009313226,75.000000372529,2.));
#10584=CARTESIAN_POINT('Origin',(-87.4069405018995,73.000000372529,2.));
#10585=CARTESIAN_POINT('Origin',(-87.4069405018995,73.000000372529,2.));
#10586=CARTESIAN_POINT('Origin',(-123.000001862645,60.0000002793968,2.));
#10587=CARTESIAN_POINT('',(-125.000001862645,73.000000372529,2.));
#10588=CARTESIAN_POINT('Origin',(-123.000001862645,73.000000372529,2.));
#10589=CARTESIAN_POINT('',(-123.000001862645,32.000000372529,6.65601375004904E-31));
#10590=CARTESIAN_POINT('',(-123.000001862645,60.0000002793968,-3.69778559653843E-31));
#10591=CARTESIAN_POINT('',(-125.000001862645,32.000000372529,2.));
#10592=CARTESIAN_POINT('Origin',(-123.000001862645,32.000000372529,2.));
#10593=CARTESIAN_POINT('',(-125.000001862645,60.0000002793968,2.));
#10594=CARTESIAN_POINT('Origin',(-123.000001862645,73.000000372529,2.));
#10595=CARTESIAN_POINT('Origin',(-123.000001862645,73.000000372529,2.));
#10596=CARTESIAN_POINT('Origin',(-62.5000009313226,32.000000372529,2.));
#10597=CARTESIAN_POINT('',(-123.000001862645,30.000000372529,2.));
#10598=CARTESIAN_POINT('Origin',(-123.000001862645,32.000000372529,2.));
#10599=CARTESIAN_POINT('',(-87.0740675595903,32.000000372529,6.65601375004904E-31));
#10600=CARTESIAN_POINT('',(-62.5000009313226,32.000000372529,6.65601375004904E-31));
#10601=CARTESIAN_POINT('',(-87.0740675595903,30.000000372529,2.));
#10602=CARTESIAN_POINT('Origin',(-87.0740675595903,32.000000372529,2.));
#10603=CARTESIAN_POINT('',(-62.5000009313226,30.000000372529,2.));
#10604=CARTESIAN_POINT('Origin',(-123.000001862645,32.000000372529,2.));
#10605=CARTESIAN_POINT('Origin',(-123.000001862645,32.000000372529,2.));
#10606=CARTESIAN_POINT('Ctrl Pts',(-25.4463710558618,15.2459329008576,2.));
#10607=CARTESIAN_POINT('Ctrl Pts',(-30.7917398127199,18.174065906431,2.));
#10608=CARTESIAN_POINT('Ctrl Pts',(-39.2097514319392,21.8802786819475,2.));
#10609=CARTESIAN_POINT('Ctrl Pts',(-53.7474575624039,26.7396482394112,2.));
#10610=CARTESIAN_POINT('Ctrl Pts',(-65.6799203513414,29.5575138741952,2.));
#10611=CARTESIAN_POINT('Ctrl Pts',(-77.787959161463,30.4402672711921,2.));
#10612=CARTESIAN_POINT('Ctrl Pts',(-83.8831166123689,30.2301897609933,2.));
#10613=CARTESIAN_POINT('Ctrl Pts',(-86.9267790685159,30.0054312209584,2.));
#10614=CARTESIAN_POINT('Ctrl Pts',(-25.4463710558618,15.2459329008576,1.40160139931623));
#10615=CARTESIAN_POINT('Ctrl Pts',(-30.7914080693788,18.1738841811524,1.40160139931623));
#10616=CARTESIAN_POINT('Ctrl Pts',(-39.2099925005858,21.8803561878285,1.40160139931623));
#10617=CARTESIAN_POINT('Ctrl Pts',(-53.7472742075655,26.7395742170006,1.40160139931623));
#10618=CARTESIAN_POINT('Ctrl Pts',(-65.6802886048738,29.5575260357816,1.40160139931623));
#10619=CARTESIAN_POINT('Ctrl Pts',(-77.7877652000117,30.4402254878074,1.40160139931623));
#10620=CARTESIAN_POINT('Ctrl Pts',(-83.8832905170961,30.2301769190395,1.40160139931623));
#10621=CARTESIAN_POINT('Ctrl Pts',(-86.9267790685159,30.0054312209584,1.40160139931623));
#10622=CARTESIAN_POINT('Ctrl Pts',(-25.2051615109757,15.6862660287025,0.365560973535215));
#10623=CARTESIAN_POINT('Ctrl Pts',(-30.5762289784794,18.6284764995106,0.365560973535215));
#10624=CARTESIAN_POINT('Ctrl Pts',(-39.0275164284572,22.3488498796704,0.365560973535218));
#10625=CARTESIAN_POINT('Ctrl Pts',(-53.6105120619769,27.2232681886744,0.365560973535216));
#10626=CARTESIAN_POINT('Ctrl Pts',(-65.594209953858,30.0545420326401,0.365560973535217));
#10627=CARTESIAN_POINT('Ctrl Pts',(-77.781054481342,30.9434919860922,0.365560973535216));
#10628=CARTESIAN_POINT('Ctrl Pts',(-83.9066196125502,30.7318922542784,0.365560973535217));
#10629=CARTESIAN_POINT('Ctrl Pts',(-86.9637537099091,30.5061389040587,0.365560973535217));
#10630=CARTESIAN_POINT('Ctrl Pts',(-24.7011288787859,16.6063882633879,-1.58100894300179E-15));
#10631=CARTESIAN_POINT('Ctrl Pts',(-30.1256770322753,19.5778948536816,-1.63818522038564E-15));
#10632=CARTESIAN_POINT('Ctrl Pts',(-38.6468767618326,23.3280297956732,6.01811120774779E-17));
#10633=CARTESIAN_POINT('Ctrl Pts',(-53.3242287835939,28.2337938054821,-5.32257389192552E-16));
#10634=CARTESIAN_POINT('Ctrl Pts',(-65.4153527099065,31.0931425230834,-6.85862737451245E-16));
#10635=CARTESIAN_POINT('Ctrl Pts',(-77.7664981135459,31.995005143703,-1.78995476728638E-15));
#10636=CARTESIAN_POINT('Ctrl Pts',(-83.9558466417776,31.7802437163813,-9.60864320485026E-16));
#10637=CARTESIAN_POINT('Ctrl Pts',(-87.0410160994819,31.552420101554,-8.05186258558556E-16));
#10638=CARTESIAN_POINT('Ctrl Pts',(-24.4855127875899,17.,-1.11022302462516E-15));
#10639=CARTESIAN_POINT('Ctrl Pts',(-29.9328959702469,19.9840153629585,-1.15332150583704E-15));
#10640=CARTESIAN_POINT('Ctrl Pts',(-38.4840772415047,23.7469154026872,-7.74280470017652E-17));
#10641=CARTESIAN_POINT('Ctrl Pts',(-53.2017381564958,28.6660688774444,-4.72315293727615E-16));
#10642=CARTESIAN_POINT('Ctrl Pts',(-65.3388885825457,31.5374387038291,-7.484253971773E-16));
#10643=CARTESIAN_POINT('Ctrl Pts',(-77.7602459934418,32.4448181313899,-1.80254792129356E-15));
#10644=CARTESIAN_POINT('Ctrl Pts',(-83.9769276445253,32.2287079429719,-9.88225849093011E-16));
#10645=CARTESIAN_POINT('Ctrl Pts',(-87.0740675595903,32.000000372529,-8.32667268468867E-16));
#10646=CARTESIAN_POINT('',(-86.9267790685159,30.0054312209584,2.));
#10647=CARTESIAN_POINT('Origin',(-87.0740675595903,32.000000372529,2.));
#10648=CARTESIAN_POINT('',(-24.4855127875899,17.,1.22026921276375E-30));
#10649=CARTESIAN_POINT('Ctrl Pts',(-87.0740675595903,32.000000372529,-8.32667268468867E-16));
#10650=CARTESIAN_POINT('Ctrl Pts',(-83.9769276445253,32.2287079429719,-9.88225849093011E-16));
#10651=CARTESIAN_POINT('Ctrl Pts',(-77.7602459934418,32.4448181313899,-1.80254792129356E-15));
#10652=CARTESIAN_POINT('Ctrl Pts',(-65.3388885825457,31.5374387038291,-7.484253971773E-16));
#10653=CARTESIAN_POINT('Ctrl Pts',(-53.2017381564958,28.6660688774444,-4.72315293727615E-16));
#10654=CARTESIAN_POINT('Ctrl Pts',(-38.4840772415047,23.7469154026872,-7.74280470017652E-17));
#10655=CARTESIAN_POINT('Ctrl Pts',(-29.9328959702469,19.9840153629585,-1.15332150583704E-15));
#10656=CARTESIAN_POINT('Ctrl Pts',(-24.4855127875899,17.,-1.11022302462516E-15));
#10657=CARTESIAN_POINT('',(-25.4463710558617,15.2459329008576,2.));
#10658=CARTESIAN_POINT('Origin',(-24.4855127875899,17.,2.));
#10659=CARTESIAN_POINT('Ctrl Pts',(-25.4463710558618,15.2459329008576,2.));
#10660=CARTESIAN_POINT('Ctrl Pts',(-30.7917398127199,18.174065906431,2.));
#10661=CARTESIAN_POINT('Ctrl Pts',(-39.2097514319392,21.8802786819475,2.));
#10662=CARTESIAN_POINT('Ctrl Pts',(-53.7474575624039,26.7396482394112,2.));
#10663=CARTESIAN_POINT('Ctrl Pts',(-65.6799203513414,29.5575138741952,2.));
#10664=CARTESIAN_POINT('Ctrl Pts',(-77.787959161463,30.4402672711921,2.));
#10665=CARTESIAN_POINT('Ctrl Pts',(-83.8831166123689,30.2301897609933,2.));
#10666=CARTESIAN_POINT('Ctrl Pts',(-86.9267790685159,30.0054312209584,2.));
#10667=CARTESIAN_POINT('Origin',(-87.0740675595903,32.000000372529,2.));
#10668=CARTESIAN_POINT('Origin',(-87.0740675595903,32.000000372529,2.));
#10669=CARTESIAN_POINT('Origin',(-12.5,17.,2.));
#10670=CARTESIAN_POINT('',(24.48551278759,17.,1.22026921276375E-30));
#10671=CARTESIAN_POINT('',(24.48551278759,15.,2.));
#10672=CARTESIAN_POINT('Origin',(24.48551278759,17.,2.));
#10673=CARTESIAN_POINT('',(-24.4855127875899,15.,2.));
#10674=CARTESIAN_POINT('',(-12.5,15.,2.));
#10675=CARTESIAN_POINT('Origin',(-24.4855127875899,17.,2.));
#10676=CARTESIAN_POINT('',(-12.5,17.,1.22026921276375E-30));
#10677=CARTESIAN_POINT('Origin',(-24.4855127875899,17.,2.));
#10678=CARTESIAN_POINT('Origin',(-24.4855127875899,17.,2.));
#10679=CARTESIAN_POINT('Ctrl Pts',(24.4855127875899,17.,0.));
#10680=CARTESIAN_POINT('Ctrl Pts',(29.9328959702469,19.9840153629585,-1.10342487207039E-31));
#10681=CARTESIAN_POINT('Ctrl Pts',(38.4840772415047,23.7469154026873,6.17758102671771E-32));
#10682=CARTESIAN_POINT('Ctrl Pts',(53.2017381564958,28.6660688774443,-6.52703890823379E-32));
#10683=CARTESIAN_POINT('Ctrl Pts',(65.3388885825457,31.5374387038291,4.75533431679694E-33));
#10684=CARTESIAN_POINT('Ctrl Pts',(77.7602459934418,32.4448181313898,-2.31571839357581E-32));
#10685=CARTESIAN_POINT('Ctrl Pts',(83.9769276445253,32.2287079429719,-8.45711536174162E-33));
#10686=CARTESIAN_POINT('Ctrl Pts',(87.0740675595903,32.000000372529,0.));
#10687=CARTESIAN_POINT('Ctrl Pts',(24.7730009091846,16.4751843511839,-5.8266241699924E-16));
#10688=CARTESIAN_POINT('Ctrl Pts',(30.1897252031451,19.4424051190471,-6.01802630561598E-16));
#10689=CARTESIAN_POINT('Ctrl Pts',(38.7012974561867,23.1884508327864,1.29508807838608E-16));
#10690=CARTESIAN_POINT('Ctrl Pts',(53.3649417188174,28.0896547700722,-1.02798667877413E-16));
#10691=CARTESIAN_POINT('Ctrl Pts',(65.4410762874289,30.9450515747223,4.12093001688196E-17));
#10692=CARTESIAN_POINT('Ctrl Pts',(77.7684580957787,31.8450407564755,-1.73978229593193E-17));
#10693=CARTESIAN_POINT('Ctrl Pts',(83.948930870377,31.6307474271337,-8.45827917930402E-33));
#10694=CARTESIAN_POINT('Ctrl Pts',(87.0299989461124,31.4032266778956,0.));
#10695=CARTESIAN_POINT('Ctrl Pts',(25.2707449138724,15.5665421390619,0.502071018902451));
#10696=CARTESIAN_POINT('Ctrl Pts',(30.6348108461869,18.5049172474826,0.502071018902451));
#10697=CARTESIAN_POINT('Ctrl Pts',(39.0770753414536,22.2214515517233,0.502071018902451));
#10698=CARTESIAN_POINT('Ctrl Pts',(53.6477388522854,27.091771705229,0.502071018902451));
#10699=CARTESIAN_POINT('Ctrl Pts',(65.6175298645621,29.9194036312791,0.502071018902451));
#10700=CARTESIAN_POINT('Ctrl Pts',(77.7829235119753,30.8066664677312,0.502071018902451));
#10701=CARTESIAN_POINT('Ctrl Pts',(83.9002367407344,30.5954818585988,0.502071018902451));
#10702=CARTESIAN_POINT('Ctrl Pts',(86.9537005306098,30.3699995413742,0.502071018902451));
#10703=CARTESIAN_POINT('Ctrl Pts',(25.4463710558618,15.2459329008576,1.55120104948717));
#10704=CARTESIAN_POINT('Ctrl Pts',(30.7916614575665,18.1740229843574,1.55120104948717));
#10705=CARTESIAN_POINT('Ctrl Pts',(39.209808370447,21.8802969882237,1.55120104948717));
#10706=CARTESIAN_POINT('Ctrl Pts',(53.7474142554412,26.7396307559032,1.55120104948717));
#10707=CARTESIAN_POINT('Ctrl Pts',(65.6800073299133,29.5575167466658,1.55120104948717));
#10708=CARTESIAN_POINT('Ctrl Pts',(77.7879133493022,30.440257402287,1.55120104948717));
#10709=CARTESIAN_POINT('Ctrl Pts',(83.88315768729,30.2301867278254,1.55120104948717));
#10710=CARTESIAN_POINT('Ctrl Pts',(86.9267790685159,30.0054312209584,1.55120104948717));
#10711=CARTESIAN_POINT('Ctrl Pts',(25.4463710558618,15.2459329008576,2.));
#10712=CARTESIAN_POINT('Ctrl Pts',(30.7917398127199,18.174065906431,2.));
#10713=CARTESIAN_POINT('Ctrl Pts',(39.2097514319393,21.8802786819476,2.));
#10714=CARTESIAN_POINT('Ctrl Pts',(53.7474575624039,26.7396482394112,2.));
#10715=CARTESIAN_POINT('Ctrl Pts',(65.6799203513414,29.5575138741953,2.));
#10716=CARTESIAN_POINT('Ctrl Pts',(77.787959161463,30.440267271192,2.));
#10717=CARTESIAN_POINT('Ctrl Pts',(83.8831166123689,30.2301897609933,2.));
#10718=CARTESIAN_POINT('Ctrl Pts',(86.9267790685159,30.0054312209584,2.));
#10719=CARTESIAN_POINT('',(87.0740675595903,32.000000372529,6.65601375004904E-31));
#10720=CARTESIAN_POINT('',(86.9267790685159,30.0054312209584,2.));
#10721=CARTESIAN_POINT('Origin',(87.0740675595903,32.000000372529,2.));
#10722=CARTESIAN_POINT('',(25.4463710558618,15.2459329008577,2.));
#10723=CARTESIAN_POINT('Ctrl Pts',(86.9267790685159,30.0054312209584,2.));
#10724=CARTESIAN_POINT('Ctrl Pts',(83.8831166123689,30.2301897609933,2.));
#10725=CARTESIAN_POINT('Ctrl Pts',(77.787959161463,30.440267271192,2.));
#10726=CARTESIAN_POINT('Ctrl Pts',(65.6799203513414,29.5575138741953,2.));
#10727=CARTESIAN_POINT('Ctrl Pts',(53.7474575624039,26.7396482394112,2.));
#10728=CARTESIAN_POINT('Ctrl Pts',(39.2097514319393,21.8802786819476,2.));
#10729=CARTESIAN_POINT('Ctrl Pts',(30.7917398127199,18.174065906431,2.));
#10730=CARTESIAN_POINT('Ctrl Pts',(25.4463710558618,15.2459329008576,2.));
#10731=CARTESIAN_POINT('Origin',(24.48551278759,17.,2.));
#10732=CARTESIAN_POINT('Ctrl Pts',(24.4855127875899,17.,0.));
#10733=CARTESIAN_POINT('Ctrl Pts',(29.9328959702469,19.9840153629585,-1.10342487207039E-31));
#10734=CARTESIAN_POINT('Ctrl Pts',(38.4840772415047,23.7469154026873,6.17758102671771E-32));
#10735=CARTESIAN_POINT('Ctrl Pts',(53.2017381564958,28.6660688774443,-6.52703890823379E-32));
#10736=CARTESIAN_POINT('Ctrl Pts',(65.3388885825457,31.5374387038291,4.75533431679694E-33));
#10737=CARTESIAN_POINT('Ctrl Pts',(77.7602459934418,32.4448181313898,-2.31571839357581E-32));
#10738=CARTESIAN_POINT('Ctrl Pts',(83.9769276445253,32.2287079429719,-8.45711536174162E-33));
#10739=CARTESIAN_POINT('Ctrl Pts',(87.0740675595903,32.000000372529,0.));
#10740=CARTESIAN_POINT('Origin',(24.48551278759,17.,2.));
#10741=CARTESIAN_POINT('Origin',(24.48551278759,17.,2.));
#10742=CARTESIAN_POINT('Origin',(43.5000009313226,32.000000372529,2.));
#10743=CARTESIAN_POINT('',(123.000001862645,32.000000372529,6.65601375004904E-31));
#10744=CARTESIAN_POINT('',(123.000001862645,30.000000372529,2.));
#10745=CARTESIAN_POINT('Origin',(123.000001862645,32.000000372529,2.));
#10746=CARTESIAN_POINT('',(87.0740675595903,30.000000372529,2.));
#10747=CARTESIAN_POINT('',(43.5000009313226,30.000000372529,2.));
#10748=CARTESIAN_POINT('Origin',(87.0740675595903,32.000000372529,2.));
#10749=CARTESIAN_POINT('',(43.5000009313226,32.000000372529,6.65601375004904E-31));
#10750=CARTESIAN_POINT('Origin',(87.0740675595903,32.000000372529,2.));
#10751=CARTESIAN_POINT('Origin',(87.0740675595903,32.000000372529,2.));
#10752=CARTESIAN_POINT('Origin',(123.000001862645,37.5000002793968,2.));
#10753=CARTESIAN_POINT('',(123.000001862645,73.000000372529,-8.50490677216728E-31));
#10754=CARTESIAN_POINT('',(125.000001862645,73.000000372529,2.));
#10755=CARTESIAN_POINT('Origin',(123.000001862645,73.000000372529,2.));
#10756=CARTESIAN_POINT('',(125.000001862645,32.000000372529,2.));
#10757=CARTESIAN_POINT('',(125.000001862645,37.5000002793968,2.));
#10758=CARTESIAN_POINT('Origin',(123.000001862645,32.000000372529,2.));
#10759=CARTESIAN_POINT('',(123.000001862645,37.5000002793968,4.62223176321443E-31));
#10760=CARTESIAN_POINT('Origin',(123.000001862645,32.000000372529,2.));
#10761=CARTESIAN_POINT('Origin',(123.000001862645,32.000000372529,2.));
#10762=CARTESIAN_POINT('Origin',(62.5000009313226,73.000000372529,2.));
#10763=CARTESIAN_POINT('',(87.4069405018995,75.000000372529,2.));
#10764=CARTESIAN_POINT('Origin',(87.4069405018995,73.000000372529,2.));
#10765=CARTESIAN_POINT('',(123.000001862645,75.000000372529,2.));
#10766=CARTESIAN_POINT('',(62.5000009313226,75.000000372529,2.));
#10767=CARTESIAN_POINT('Origin',(123.000001862645,73.000000372529,2.));
#10768=CARTESIAN_POINT('',(62.5000009313226,73.000000372529,-8.50490677216728E-31));
#10769=CARTESIAN_POINT('Origin',(123.000001862645,73.000000372529,2.));
#10770=CARTESIAN_POINT('Origin',(123.000001862645,73.000000372529,2.));
#10771=CARTESIAN_POINT('Origin',(87.4069405018995,73.000000372529,2.));
#10772=CARTESIAN_POINT('Origin',(87.4069405018995,73.000000372529,2.));
#10773=CARTESIAN_POINT('Ctrl Pts',(-87.0000018626451,30.000000372529,7.39557084869374E-31));
#10774=CARTESIAN_POINT('Ctrl Pts',(-87.0000018626451,30.000000372529,30.));
#10775=CARTESIAN_POINT('Ctrl Pts',(-85.7425463405554,30.0936715918479,7.36093324110076E-31));
#10776=CARTESIAN_POINT('Ctrl Pts',(-85.7425463405554,30.0936715918479,30.));
#10777=CARTESIAN_POINT('Ctrl Pts',(-83.2624751586858,30.243475043018,7.30553913824358E-31));
#10778=CARTESIAN_POINT('Ctrl Pts',(-83.2624751586858,30.243475043018,30.));
#10779=CARTESIAN_POINT('Ctrl Pts',(-79.6468568955981,30.3555620030907,7.26409178474995E-31));
#10780=CARTESIAN_POINT('Ctrl Pts',(-79.6468568955981,30.3555620030907,30.));
#10781=CARTESIAN_POINT('Ctrl Pts',(-75.0000572376872,30.2780076497218,7.29276972103233E-31));
#10782=CARTESIAN_POINT('Ctrl Pts',(-75.0000572376872,30.2780076497218,30.));
#10783=CARTESIAN_POINT('Ctrl Pts',(-69.2962258022634,29.7885848433568,7.47374777637527E-31));
#10784=CARTESIAN_POINT('Ctrl Pts',(-69.2962258022634,29.7885848433568,30.));
#10785=CARTESIAN_POINT('Ctrl Pts',(-63.4870755253692,28.8874230524973,7.80697807610404E-31));
#10786=CARTESIAN_POINT('Ctrl Pts',(-63.4870755253692,28.8874230524973,30.));
#10787=CARTESIAN_POINT('Ctrl Pts',(-57.4000230331397,27.5570534686743,8.29892021087267E-31));
#10788=CARTESIAN_POINT('Ctrl Pts',(-57.4000230331397,27.5570534686743,30.));
#10789=CARTESIAN_POINT('Ctrl Pts',(-50.9851489480067,25.7994996907861,8.94882589721619E-31));
#10790=CARTESIAN_POINT('Ctrl Pts',(-50.9851489480067,25.7994996907861,30.));
#10791=CARTESIAN_POINT('Ctrl Pts',(-44.3458961717767,23.6426627629058,9.74637792753263E-31));
#10792=CARTESIAN_POINT('Ctrl Pts',(-44.3458961717767,23.6426627629058,30.));
#10793=CARTESIAN_POINT('Ctrl Pts',(-37.6579848253012,21.1192521532311,1.06794810421228E-30));
#10794=CARTESIAN_POINT('Ctrl Pts',(-37.6579848253012,21.1192521532311,30.));
#10795=CARTESIAN_POINT('Ctrl Pts',(-32.4285887323392,18.8305286030004,1.1525801916327E-30));
#10796=CARTESIAN_POINT('Ctrl Pts',(-32.4285887323392,18.8305286030004,30.));
#10797=CARTESIAN_POINT('Ctrl Pts',(-28.6495939826429,16.9704109912809,1.22136335083576E-30));
#10798=CARTESIAN_POINT('Ctrl Pts',(-28.6495939826429,16.9704109912809,30.));
#10799=CARTESIAN_POINT('Ctrl Pts',(-26.2042073171033,15.6673083608312,1.26954929086634E-30));
#10800=CARTESIAN_POINT('Ctrl Pts',(-26.2042073171033,15.6673083608312,30.));
#10801=CARTESIAN_POINT('Ctrl Pts',(-25.,15.,1.29422492262822E-30));
#10802=CARTESIAN_POINT('Ctrl Pts',(-25.,15.,30.));
#10803=CARTESIAN_POINT('',(-25.4463710558617,15.2459329008576,28.));
#10804=CARTESIAN_POINT('Ctrl Pts',(-25.4463710558618,15.2459329008576,28.));
#10805=CARTESIAN_POINT('Ctrl Pts',(-25.4463710558618,15.2459329008576,19.3333333333333));
#10806=CARTESIAN_POINT('Ctrl Pts',(-25.4463710558618,15.2459329008576,10.6666666666667));
#10807=CARTESIAN_POINT('Ctrl Pts',(-25.4463710558618,15.2459329008576,2.));
#10808=CARTESIAN_POINT('',(-86.9267790685159,30.0054312209584,28.));
#10809=CARTESIAN_POINT('Ctrl Pts',(-86.926779068516,30.0054312209584,28.));
#10810=CARTESIAN_POINT('Ctrl Pts',(-83.8831111928726,30.2301901611947,28.));
#10811=CARTESIAN_POINT('Ctrl Pts',(-77.7882317972385,30.4342638604136,28.));
#10812=CARTESIAN_POINT('Ctrl Pts',(-68.70613345794,29.7872300552803,28.));
#10813=CARTESIAN_POINT('Ctrl Pts',(-56.7177596708193,27.5796054510094,28.));
#10814=CARTESIAN_POINT('Ctrl Pts',(-42.0178052323335,23.0933582317357,28.));
#10815=CARTESIAN_POINT('Ctrl Pts',(-30.7917055331465,18.1740471284654,28.));
#10816=CARTESIAN_POINT('Ctrl Pts',(-25.4463710558617,15.2459329008576,28.));
#10817=CARTESIAN_POINT('Ctrl Pts',(-86.9267790685159,30.0054312209584,2.));
#10818=CARTESIAN_POINT('Ctrl Pts',(-86.9267790685159,30.0054312209584,10.6666666666667));
#10819=CARTESIAN_POINT('Ctrl Pts',(-86.9267790685159,30.0054312209584,19.3333333333333));
#10820=CARTESIAN_POINT('Ctrl Pts',(-86.9267790685159,30.0054312209584,28.));
#10821=CARTESIAN_POINT('Ctrl Pts',(-24.4855127875899,15.,2.));
#10822=CARTESIAN_POINT('Ctrl Pts',(-24.4855127875899,15.,10.6666666666667));
#10823=CARTESIAN_POINT('Ctrl Pts',(-24.4855127875899,15.,19.3333333333333));
#10824=CARTESIAN_POINT('Ctrl Pts',(-24.4855127875899,15.,28.));
#10825=CARTESIAN_POINT('Ctrl Pts',(-24.8196087533994,15.,2.));
#10826=CARTESIAN_POINT('Ctrl Pts',(-24.8196087533994,15.,10.6666666666667));
#10827=CARTESIAN_POINT('Ctrl Pts',(-24.8196087533994,15.,19.3333333333334));
#10828=CARTESIAN_POINT('Ctrl Pts',(-24.8196087533994,15.,28.));
#10829=CARTESIAN_POINT('Ctrl Pts',(-25.1533576850705,15.0854234652855,2.));
#10830=CARTESIAN_POINT('Ctrl Pts',(-25.1533576850705,15.0854234652855,10.6666666666667));
#10831=CARTESIAN_POINT('Ctrl Pts',(-25.1533576850705,15.0854234652855,19.3333333333333));
#10832=CARTESIAN_POINT('Ctrl Pts',(-25.1533576850705,15.0854234652855,28.));
#10833=CARTESIAN_POINT('Ctrl Pts',(-25.4463710558618,15.2459329008576,2.));
#10834=CARTESIAN_POINT('Ctrl Pts',(-25.4463710558618,15.2459329008576,10.6666666666667));
#10835=CARTESIAN_POINT('Ctrl Pts',(-25.4463710558618,15.2459329008576,19.3333333333333));
#10836=CARTESIAN_POINT('Ctrl Pts',(-25.4463710558618,15.2459329008576,28.));
#10837=CARTESIAN_POINT('',(-24.4855127875899,15.,28.));
#10838=CARTESIAN_POINT('Ctrl Pts',(-24.4855127875899,15.,2.));
#10839=CARTESIAN_POINT('Ctrl Pts',(-24.4855127875899,15.,10.6666666666667));
#10840=CARTESIAN_POINT('Ctrl Pts',(-24.4855127875899,15.,19.3333333333333));
#10841=CARTESIAN_POINT('Ctrl Pts',(-24.4855127875899,15.,28.));
#10842=CARTESIAN_POINT('Origin',(-24.4855127875899,17.,28.));
#10843=CARTESIAN_POINT('Origin',(-25.,15.,1.29422492262822E-30));
#10844=CARTESIAN_POINT('',(24.48551278759,15.,28.));
#10845=CARTESIAN_POINT('Ctrl Pts',(24.48551278759,15.,28.));
#10846=CARTESIAN_POINT('Ctrl Pts',(24.48551278759,15.,19.3333333333333));
#10847=CARTESIAN_POINT('Ctrl Pts',(24.48551278759,15.,10.6666666666667));
#10848=CARTESIAN_POINT('Ctrl Pts',(24.48551278759,15.,1.99999999999999));
#10849=CARTESIAN_POINT('',(-12.5,15.,28.));
#10850=CARTESIAN_POINT('Ctrl Pts',(25.4463710558618,15.2459329008577,1.99999999999999));
#10851=CARTESIAN_POINT('Ctrl Pts',(25.4463710558618,15.2459329008577,10.6666666666667));
#10852=CARTESIAN_POINT('Ctrl Pts',(25.4463710558618,15.2459329008577,19.3333333333333));
#10853=CARTESIAN_POINT('Ctrl Pts',(25.4463710558618,15.2459329008577,28.));
#10854=CARTESIAN_POINT('Ctrl Pts',(25.1533576850705,15.0854234652855,1.99999999999999));
#10855=CARTESIAN_POINT('Ctrl Pts',(25.1533576850705,15.0854234652855,10.6666666666666));
#10856=CARTESIAN_POINT('Ctrl Pts',(25.1533576850705,15.0854234652855,19.3333333333333));
#10857=CARTESIAN_POINT('Ctrl Pts',(25.1533576850705,15.0854234652855,28.));
#10858=CARTESIAN_POINT('Ctrl Pts',(24.8196087533994,15.,1.99999999999999));
#10859=CARTESIAN_POINT('Ctrl Pts',(24.8196087533994,15.,10.6666666666667));
#10860=CARTESIAN_POINT('Ctrl Pts',(24.8196087533994,15.,19.3333333333333));
#10861=CARTESIAN_POINT('Ctrl Pts',(24.8196087533994,15.,28.));
#10862=CARTESIAN_POINT('Ctrl Pts',(24.48551278759,15.,1.99999999999999));
#10863=CARTESIAN_POINT('Ctrl Pts',(24.48551278759,15.,10.6666666666667));
#10864=CARTESIAN_POINT('Ctrl Pts',(24.48551278759,15.,19.3333333333333));
#10865=CARTESIAN_POINT('Ctrl Pts',(24.48551278759,15.,28.));
#10866=CARTESIAN_POINT('',(25.4463710558618,15.2459329008577,28.));
#10867=CARTESIAN_POINT('Ctrl Pts',(25.4463710558618,15.2459329008577,1.99999999999999));
#10868=CARTESIAN_POINT('Ctrl Pts',(25.4463710558618,15.2459329008577,10.6666666666667));
#10869=CARTESIAN_POINT('Ctrl Pts',(25.4463710558618,15.2459329008577,19.3333333333333));
#10870=CARTESIAN_POINT('Ctrl Pts',(25.4463710558618,15.2459329008577,28.));
#10871=CARTESIAN_POINT('Origin',(24.48551278759,17.,28.));
#10872=CARTESIAN_POINT('Ctrl Pts',(25.,15.,1.29422492262822E-30));
#10873=CARTESIAN_POINT('Ctrl Pts',(25.,15.,30.));
#10874=CARTESIAN_POINT('Ctrl Pts',(26.2042073171033,15.6673083608312,1.26954929086634E-30));
#10875=CARTESIAN_POINT('Ctrl Pts',(26.2042073171033,15.6673083608312,30.));
#10876=CARTESIAN_POINT('Ctrl Pts',(28.6495939826429,16.9704109912809,1.22136335083576E-30));
#10877=CARTESIAN_POINT('Ctrl Pts',(28.6495939826429,16.9704109912809,30.));
#10878=CARTESIAN_POINT('Ctrl Pts',(32.4285887323392,18.8305286030004,1.1525801916327E-30));
#10879=CARTESIAN_POINT('Ctrl Pts',(32.4285887323392,18.8305286030004,30.));
#10880=CARTESIAN_POINT('Ctrl Pts',(37.6579848253012,21.1192521532311,1.06794810421228E-30));
#10881=CARTESIAN_POINT('Ctrl Pts',(37.6579848253012,21.1192521532311,30.));
#10882=CARTESIAN_POINT('Ctrl Pts',(44.3458961717767,23.6426627629058,9.74637792753263E-31));
#10883=CARTESIAN_POINT('Ctrl Pts',(44.3458961717767,23.6426627629058,30.));
#10884=CARTESIAN_POINT('Ctrl Pts',(50.9851489480067,25.7994996907861,8.94882589721619E-31));
#10885=CARTESIAN_POINT('Ctrl Pts',(50.9851489480067,25.7994996907861,30.));
#10886=CARTESIAN_POINT('Ctrl Pts',(57.4000230331398,27.5570534686743,8.29892021087267E-31));
#10887=CARTESIAN_POINT('Ctrl Pts',(57.4000230331398,27.5570534686743,30.));
#10888=CARTESIAN_POINT('Ctrl Pts',(63.4870755253693,28.8874230524973,7.80697807610404E-31));
#10889=CARTESIAN_POINT('Ctrl Pts',(63.4870755253693,28.8874230524973,30.));
#10890=CARTESIAN_POINT('Ctrl Pts',(69.2962258022634,29.7885848433568,7.47374777637527E-31));
#10891=CARTESIAN_POINT('Ctrl Pts',(69.2962258022634,29.7885848433568,30.));
#10892=CARTESIAN_POINT('Ctrl Pts',(75.0000572376872,30.2780076497218,7.29276972103233E-31));
#10893=CARTESIAN_POINT('Ctrl Pts',(75.0000572376872,30.2780076497218,30.));
#10894=CARTESIAN_POINT('Ctrl Pts',(79.6468568955982,30.3555620030907,7.26409178474995E-31));
#10895=CARTESIAN_POINT('Ctrl Pts',(79.6468568955982,30.3555620030907,30.));
#10896=CARTESIAN_POINT('Ctrl Pts',(83.2624751586858,30.243475043018,7.30553913824358E-31));
#10897=CARTESIAN_POINT('Ctrl Pts',(83.2624751586858,30.243475043018,30.));
#10898=CARTESIAN_POINT('Ctrl Pts',(85.7425463405554,30.0936715918479,7.36093324110076E-31));
#10899=CARTESIAN_POINT('Ctrl Pts',(85.7425463405554,30.0936715918479,30.));
#10900=CARTESIAN_POINT('Ctrl Pts',(87.0000018626451,30.000000372529,7.39557084869374E-31));
#10901=CARTESIAN_POINT('Ctrl Pts',(87.0000018626451,30.000000372529,30.));
#10902=CARTESIAN_POINT('',(86.926779068516,30.0054312209584,28.));
#10903=CARTESIAN_POINT('Ctrl Pts',(86.9267790685159,30.0054312209584,28.));
#10904=CARTESIAN_POINT('Ctrl Pts',(86.9267790685159,30.0054312209584,19.3333333333333));
#10905=CARTESIAN_POINT('Ctrl Pts',(86.9267790685159,30.0054312209584,10.6666666666667));
#10906=CARTESIAN_POINT('Ctrl Pts',(86.9267790685159,30.0054312209584,2.));
#10907=CARTESIAN_POINT('Ctrl Pts',(25.4463710558618,15.2459329008577,28.));
#10908=CARTESIAN_POINT('Ctrl Pts',(30.7917055331465,18.1740471284655,28.));
#10909=CARTESIAN_POINT('Ctrl Pts',(39.2094480179193,21.880195563232,28.));
#10910=CARTESIAN_POINT('Ctrl Pts',(53.7470148497043,26.7396043202203,28.));
#10911=CARTESIAN_POINT('Ctrl Pts',(65.6798383845165,29.5577272781259,28.));
#10912=CARTESIAN_POINT('Ctrl Pts',(77.7877746289241,30.4402374248856,28.));
#10913=CARTESIAN_POINT('Ctrl Pts',(83.8831111928727,30.2301901611947,28.));
#10914=CARTESIAN_POINT('Ctrl Pts',(86.9267790685161,30.0054312209584,28.));
#10915=CARTESIAN_POINT('Ctrl Pts',(87.0740675595903,30.000000372529,2.));
#10916=CARTESIAN_POINT('Ctrl Pts',(87.0740675595903,30.000000372529,10.6666666666667));
#10917=CARTESIAN_POINT('Ctrl Pts',(87.0740675595903,30.000000372529,19.3333333333333));
#10918=CARTESIAN_POINT('Ctrl Pts',(87.0740675595903,30.000000372529,28.));
#10919=CARTESIAN_POINT('Ctrl Pts',(87.0249269086037,30.000000372529,2.));
#10920=CARTESIAN_POINT('Ctrl Pts',(87.0249269086037,30.000000372529,10.6666666666667));
#10921=CARTESIAN_POINT('Ctrl Pts',(87.0249269086037,30.000000372529,19.3333333333333));
#10922=CARTESIAN_POINT('Ctrl Pts',(87.0249269086037,30.000000372529,28.));
#10923=CARTESIAN_POINT('Ctrl Pts',(86.9757862817888,30.0018122947913,2.));
#10924=CARTESIAN_POINT('Ctrl Pts',(86.9757862817888,30.0018122947913,10.6666666666667));
#10925=CARTESIAN_POINT('Ctrl Pts',(86.9757862817888,30.0018122947913,19.3333333333333));
#10926=CARTESIAN_POINT('Ctrl Pts',(86.9757862817888,30.0018122947913,28.));
#10927=CARTESIAN_POINT('Ctrl Pts',(86.9267790685159,30.0054312209584,2.));
#10928=CARTESIAN_POINT('Ctrl Pts',(86.9267790685159,30.0054312209584,10.6666666666667));
#10929=CARTESIAN_POINT('Ctrl Pts',(86.9267790685159,30.0054312209584,19.3333333333333));
#10930=CARTESIAN_POINT('Ctrl Pts',(86.9267790685159,30.0054312209584,28.));
#10931=CARTESIAN_POINT('',(87.0740675595903,30.000000372529,28.));
#10932=CARTESIAN_POINT('Ctrl Pts',(87.0740675595903,30.000000372529,2.));
#10933=CARTESIAN_POINT('Ctrl Pts',(87.0740675595903,30.000000372529,10.6666666666667));
#10934=CARTESIAN_POINT('Ctrl Pts',(87.0740675595903,30.000000372529,19.3333333333333));
#10935=CARTESIAN_POINT('Ctrl Pts',(87.0740675595903,30.000000372529,28.));
#10936=CARTESIAN_POINT('Origin',(87.0740675595903,32.000000372529,28.));
#10937=CARTESIAN_POINT('Origin',(87.0000018626451,30.000000372529,7.39557084869374E-31));
#10938=CARTESIAN_POINT('',(123.000001862645,30.000000372529,28.));
#10939=CARTESIAN_POINT('',(123.000001862645,30.000000372529,7.39557084869374E-31));
#10940=CARTESIAN_POINT('',(43.5000009313226,30.000000372529,28.));
#10941=CARTESIAN_POINT('Origin',(123.000001862645,32.000000372529,6.65601375004904E-31));
#10942=CARTESIAN_POINT('',(125.000001862645,32.000000372529,28.));
#10943=CARTESIAN_POINT('',(125.000001862645,32.000000372529,6.65601375004904E-31));
#10944=CARTESIAN_POINT('Origin',(123.000001862645,32.000000372529,28.));
#10945=CARTESIAN_POINT('Origin',(125.000001862645,30.000000372529,7.39557084869374E-31));
#10946=CARTESIAN_POINT('',(125.000001862645,73.000000372529,28.));
#10947=CARTESIAN_POINT('',(125.000001862645,73.000000372529,-8.50490677216728E-31));
#10948=CARTESIAN_POINT('',(125.000001862645,37.5000002793968,28.));
#10949=CARTESIAN_POINT('Origin',(123.000001862645,73.000000372529,-8.50490677216728E-31));
#10950=CARTESIAN_POINT('',(123.000001862645,75.000000372529,28.));
#10951=CARTESIAN_POINT('',(123.000001862645,75.000000372529,-9.24446387081198E-31));
#10952=CARTESIAN_POINT('Origin',(123.000001862645,73.000000372529,28.));
#10953=CARTESIAN_POINT('Origin',(125.000001862645,75.000000372529,-9.24446387081198E-31));
#10954=CARTESIAN_POINT('',(87.4069405018995,75.000000372529,28.));
#10955=CARTESIAN_POINT('Ctrl Pts',(87.4069405018995,75.000000372529,28.));
#10956=CARTESIAN_POINT('Ctrl Pts',(87.4069405018995,75.000000372529,19.3333333333333));
#10957=CARTESIAN_POINT('Ctrl Pts',(87.4069405018995,75.000000372529,10.6666666666667));
#10958=CARTESIAN_POINT('Ctrl Pts',(87.4069405018995,75.000000372529,2.));
#10959=CARTESIAN_POINT('',(62.5000009313226,75.000000372529,28.));
#10960=CARTESIAN_POINT('Origin',(7.45931094670027E-15,45.0000001862645,
1.84889267773512E-31));
#10961=CARTESIAN_POINT('Origin',(-123.000001862645,32.000000372529,6.65601375004904E-31));
#10962=CARTESIAN_POINT('',(-123.000001862645,30.000000372529,28.));
#10963=CARTESIAN_POINT('',(-123.000001862645,30.000000372529,7.39557084869374E-31));
#10964=CARTESIAN_POINT('',(-125.000001862645,32.000000372529,28.));
#10965=CARTESIAN_POINT('Origin',(-123.000001862645,32.000000372529,28.));
#10966=CARTESIAN_POINT('',(-125.000001862645,32.000000372529,6.65601375004904E-31));
#10967=CARTESIAN_POINT('Origin',(-123.000001862645,32.000000372529,28.));
#10968=CARTESIAN_POINT('',(-123.000001862645,32.000000372529,30.));
#10969=CARTESIAN_POINT('Origin',(-123.000001862645,32.000000372529,28.));
#10970=CARTESIAN_POINT('Origin',(-123.000001862645,32.000000372529,28.));
#10971=CARTESIAN_POINT('Origin',(-62.5000009313226,32.000000372529,28.));
#10972=CARTESIAN_POINT('',(-87.0740675595903,30.000000372529,28.));
#10973=CARTESIAN_POINT('',(-62.5000009313226,30.000000372529,28.));
#10974=CARTESIAN_POINT('',(-87.0740675595902,32.000000372529,30.));
#10975=CARTESIAN_POINT('Origin',(-87.0740675595903,32.000000372529,28.));
#10976=CARTESIAN_POINT('',(-62.5000009313226,32.000000372529,30.));
#10977=CARTESIAN_POINT('Origin',(-125.000001862645,30.000000372529,7.39557084869374E-31));
#10978=CARTESIAN_POINT('Ctrl Pts',(-87.0740675595903,30.000000372529,28.));
#10979=CARTESIAN_POINT('Ctrl Pts',(-87.0740675595903,30.000000372529,19.3333333333333));
#10980=CARTESIAN_POINT('Ctrl Pts',(-87.0740675595903,30.000000372529,10.6666666666667));
#10981=CARTESIAN_POINT('Ctrl Pts',(-87.0740675595903,30.000000372529,2.));
#10982=CARTESIAN_POINT('Ctrl Pts',(-86.9267790685159,30.0054312209584,2.));
#10983=CARTESIAN_POINT('Ctrl Pts',(-86.9267790685159,30.0054312209584,10.6666666666667));
#10984=CARTESIAN_POINT('Ctrl Pts',(-86.9267790685159,30.0054312209584,19.3333333333333));
#10985=CARTESIAN_POINT('Ctrl Pts',(-86.9267790685159,30.0054312209584,28.));
#10986=CARTESIAN_POINT('Ctrl Pts',(-86.9757862817889,30.0018122947913,2.));
#10987=CARTESIAN_POINT('Ctrl Pts',(-86.9757862817889,30.0018122947913,10.6666666666667));
#10988=CARTESIAN_POINT('Ctrl Pts',(-86.9757862817889,30.0018122947913,19.3333333333333));
#10989=CARTESIAN_POINT('Ctrl Pts',(-86.9757862817889,30.0018122947913,28.));
#10990=CARTESIAN_POINT('Ctrl Pts',(-87.0249269086037,30.000000372529,2.));
#10991=CARTESIAN_POINT('Ctrl Pts',(-87.0249269086037,30.000000372529,10.6666666666667));
#10992=CARTESIAN_POINT('Ctrl Pts',(-87.0249269086037,30.000000372529,19.3333333333333));
#10993=CARTESIAN_POINT('Ctrl Pts',(-87.0249269086037,30.000000372529,28.));
#10994=CARTESIAN_POINT('Ctrl Pts',(-87.0740675595903,30.000000372529,2.));
#10995=CARTESIAN_POINT('Ctrl Pts',(-87.0740675595903,30.000000372529,10.6666666666667));
#10996=CARTESIAN_POINT('Ctrl Pts',(-87.0740675595903,30.000000372529,19.3333333333333));
#10997=CARTESIAN_POINT('Ctrl Pts',(-87.0740675595903,30.000000372529,28.));
#10998=CARTESIAN_POINT('Origin',(-87.0740675595903,32.000000372529,28.));
#10999=CARTESIAN_POINT('Origin',(-87.0740675595903,32.000000372529,28.));
#11000=CARTESIAN_POINT('Origin',(-87.0740675595903,32.000000372529,28.));
#11001=CARTESIAN_POINT('Ctrl Pts',(-86.926779068516,30.0054312209584,28.));
#11002=CARTESIAN_POINT('Ctrl Pts',(-83.8831111928726,30.2301901611947,28.));
#11003=CARTESIAN_POINT('Ctrl Pts',(-77.7882317972385,30.4342638604136,28.));
#11004=CARTESIAN_POINT('Ctrl Pts',(-68.70613345794,29.7872300552803,28.));
#11005=CARTESIAN_POINT('Ctrl Pts',(-56.7177596708193,27.5796054510094,28.));
#11006=CARTESIAN_POINT('Ctrl Pts',(-42.0178052323335,23.0933582317357,28.));
#11007=CARTESIAN_POINT('Ctrl Pts',(-30.7917055331465,18.1740471284654,28.));
#11008=CARTESIAN_POINT('Ctrl Pts',(-25.4463710558617,15.2459329008576,28.));
#11009=CARTESIAN_POINT('Ctrl Pts',(-86.926779068516,30.0054312209584,28.5983986006838));
#11010=CARTESIAN_POINT('Ctrl Pts',(-83.8832850979095,30.2301773192181,28.5983986006838));
#11011=CARTESIAN_POINT('Ctrl Pts',(-77.7879815803868,30.4342164374572,28.5983986006838));
#11012=CARTESIAN_POINT('Ctrl Pts',(-68.706325814025,29.7872130591844,28.5983986006838));
#11013=CARTESIAN_POINT('Ctrl Pts',(-56.7178368025367,27.5795798918293,28.5983986006838));
#11014=CARTESIAN_POINT('Ctrl Pts',(-42.0179782085615,23.0934236905726,28.5983986006838));
#11015=CARTESIAN_POINT('Ctrl Pts',(-30.7913737919329,18.1738654043522,28.5983986006838));
#11016=CARTESIAN_POINT('Ctrl Pts',(-25.4463710558617,15.2459329008576,28.5983986006838));
#11017=CARTESIAN_POINT('Ctrl Pts',(-86.9637569953097,30.5061833946948,29.6344018648858));
#11018=CARTESIAN_POINT('Ctrl Pts',(-83.9066174544672,30.7319371468873,29.6344018648858));
#11019=CARTESIAN_POINT('Ctrl Pts',(-77.7809210036613,30.9373025227903,29.6344018648858));
#11020=CARTESIAN_POINT('Ctrl Pts',(-68.6408964729093,30.2862398436673,29.6344018648858));
#11021=CARTESIAN_POINT('Ctrl Pts',(-56.5895688000495,28.0662484989587,29.6344018648858));
#11022=CARTESIAN_POINT('Ctrl Pts',(-41.8462548792239,23.5661778114896,29.6344018648858));
#11023=CARTESIAN_POINT('Ctrl Pts',(-30.5761731013046,18.6284967572913,29.6344018648858));
#11024=CARTESIAN_POINT('Ctrl Pts',(-25.2051400781788,15.6863051547268,29.6344018648858));
#11025=CARTESIAN_POINT('Ctrl Pts',(-87.0410160994819,31.552420101554,30.));
#11026=CARTESIAN_POINT('Ctrl Pts',(-83.9558411483746,31.7802441220404,30.));
#11027=CARTESIAN_POINT('Ctrl Pts',(-77.7654861311868,31.9882860955971,30.));
#11028=CARTESIAN_POINT('Ctrl Pts',(-68.5047180235227,31.3288252496439,30.));
#11029=CARTESIAN_POINT('Ctrl Pts',(-56.3217851112454,29.0829902161947,30.));
#11030=CARTESIAN_POINT('Ctrl Pts',(-41.4879402763041,24.5540960146111,30.));
#11031=CARTESIAN_POINT('Ctrl Pts',(-30.1256422449285,19.5778757975635,30.));
#11032=CARTESIAN_POINT('Ctrl Pts',(-24.7011288787859,16.6063882633879,30.));
#11033=CARTESIAN_POINT('Ctrl Pts',(-87.0740675595903,32.000000372529,30.));
#11034=CARTESIAN_POINT('Ctrl Pts',(-83.976922129808,32.2287083502049,30.));
#11035=CARTESIAN_POINT('Ctrl Pts',(-77.7588498884826,32.4378907842304,30.));
#11036=CARTESIAN_POINT('Ctrl Pts',(-68.4464863794979,31.7748412381698,30.));
#11037=CARTESIAN_POINT('Ctrl Pts',(-56.2072374305766,29.5179491333119,30.));
#11038=CARTESIAN_POINT('Ctrl Pts',(-41.334676170175,24.9767363038175,30.));
#11039=CARTESIAN_POINT('Ctrl Pts',(-29.9328610364603,19.9839962266223,30.));
#11040=CARTESIAN_POINT('Ctrl Pts',(-24.4855127875899,17.,30.));
#11041=CARTESIAN_POINT('',(-24.4855127875899,17.,30.));
#11042=CARTESIAN_POINT('Origin',(-24.4855127875899,17.,28.));
#11043=CARTESIAN_POINT('Ctrl Pts',(-24.4855127875899,17.,30.));
#11044=CARTESIAN_POINT('Ctrl Pts',(-29.9328610364603,19.9839962266223,30.));
#11045=CARTESIAN_POINT('Ctrl Pts',(-41.334676170175,24.9767363038175,30.));
#11046=CARTESIAN_POINT('Ctrl Pts',(-56.2072374305766,29.5179491333119,30.));
#11047=CARTESIAN_POINT('Ctrl Pts',(-68.4464863794979,31.7748412381698,30.));
#11048=CARTESIAN_POINT('Ctrl Pts',(-77.7588498884826,32.4378907842304,30.));
#11049=CARTESIAN_POINT('Ctrl Pts',(-83.976922129808,32.2287083502049,30.));
#11050=CARTESIAN_POINT('Ctrl Pts',(-87.0740675595903,32.000000372529,30.));
#11051=CARTESIAN_POINT('Origin',(-24.4855127875899,17.,28.));
#11052=CARTESIAN_POINT('Origin',(-24.4855127875899,17.,28.));
#11053=CARTESIAN_POINT('Origin',(-12.5,17.,28.));
#11054=CARTESIAN_POINT('',(24.48551278759,17.,30.));
#11055=CARTESIAN_POINT('Origin',(24.48551278759,17.,28.));
#11056=CARTESIAN_POINT('',(-12.5,17.,30.));
#11057=CARTESIAN_POINT('Origin',(24.48551278759,17.,28.));
#11058=CARTESIAN_POINT('Origin',(24.48551278759,17.,28.));
#11059=CARTESIAN_POINT('Ctrl Pts',(25.4463710558618,15.2459329008577,28.));
#11060=CARTESIAN_POINT('Ctrl Pts',(30.7917055331465,18.1740471284655,28.));
#11061=CARTESIAN_POINT('Ctrl Pts',(39.2094480179193,21.880195563232,28.));
#11062=CARTESIAN_POINT('Ctrl Pts',(53.7470148497043,26.7396043202203,28.));
#11063=CARTESIAN_POINT('Ctrl Pts',(65.6798383845165,29.5577272781259,28.));
#11064=CARTESIAN_POINT('Ctrl Pts',(77.7877746289241,30.4402374248856,28.));
#11065=CARTESIAN_POINT('Ctrl Pts',(83.8831111928727,30.2301901611947,28.));
#11066=CARTESIAN_POINT('Ctrl Pts',(86.9267790685161,30.0054312209584,28.));
#11067=CARTESIAN_POINT('Ctrl Pts',(25.4463710558618,15.2459329008577,28.5983986006838));
#11068=CARTESIAN_POINT('Ctrl Pts',(30.7913737919329,18.1738654043523,28.5983986006838));
#11069=CARTESIAN_POINT('Ctrl Pts',(39.2096944505559,21.8802696040185,28.5983986006838));
#11070=CARTESIAN_POINT('Ctrl Pts',(53.7468373025124,26.7395260919776,28.5983986006838));
#11071=CARTESIAN_POINT('Ctrl Pts',(65.6802300461553,29.5577348552034,28.5983986006838));
#11072=CARTESIAN_POINT('Ctrl Pts',(77.7875811468124,30.4401904927243,28.5983986006838));
#11073=CARTESIAN_POINT('Ctrl Pts',(83.8832850979096,30.230177319218,28.5983986006838));
#11074=CARTESIAN_POINT('Ctrl Pts',(86.9267790685161,30.0054312209584,28.5983986006838));
#11075=CARTESIAN_POINT('Ctrl Pts',(25.2051400781788,15.6863051547268,29.6344018648858));
#11076=CARTESIAN_POINT('Ctrl Pts',(30.5761731013046,18.6284967572913,29.6344018648858));
#11077=CARTESIAN_POINT('Ctrl Pts',(39.0271722626872,22.3488009749507,29.6344018648858));
#11078=CARTESIAN_POINT('Ctrl Pts',(53.610067118764,27.2232733040503,29.6344018648858));
#11079=CARTESIAN_POINT('Ctrl Pts',(65.5941361125705,30.0548112603886,29.6344018648858));
#11080=CARTESIAN_POINT('Ctrl Pts',(77.7808614240221,30.9435067386929,29.6344018648858));
#11081=CARTESIAN_POINT('Ctrl Pts',(83.9066174544672,30.7319371468873,29.6344018648858));
#11082=CARTESIAN_POINT('Ctrl Pts',(86.9637569953098,30.5061833946948,29.6344018648858));
#11083=CARTESIAN_POINT('Ctrl Pts',(24.7011288787859,16.6063882633879,30.));
#11084=CARTESIAN_POINT('Ctrl Pts',(30.1256422449286,19.5778757975636,30.));
#11085=CARTESIAN_POINT('Ctrl Pts',(38.6464957846736,23.3279198838393,30.));
#11086=CARTESIAN_POINT('Ctrl Pts',(53.3238243897047,28.2337674957805,30.));
#11087=CARTESIAN_POINT('Ctrl Pts',(65.4153265304449,31.0933887550042,30.));
#11088=CARTESIAN_POINT('Ctrl Pts',(77.7662935719362,31.9949725327785,30.));
#11089=CARTESIAN_POINT('Ctrl Pts',(83.9558411483748,31.7802441220404,30.));
#11090=CARTESIAN_POINT('Ctrl Pts',(87.041016099482,31.552420101554,30.));
#11091=CARTESIAN_POINT('Ctrl Pts',(24.48551278759,17.,30.));
#11092=CARTESIAN_POINT('Ctrl Pts',(29.9328610364604,19.9839962266223,30.));
#11093=CARTESIAN_POINT('Ctrl Pts',(38.4836750108458,23.7467969719614,30.));
#11094=CARTESIAN_POINT('Ctrl Pts',(53.2013461346855,28.6660467316044,30.));
#11095=CARTESIAN_POINT('Ctrl Pts',(65.3388837251583,31.5376934188603,30.));
#11096=CARTESIAN_POINT('Ctrl Pts',(77.760035768841,32.444783580894,30.));
#11097=CARTESIAN_POINT('Ctrl Pts',(83.9769221298081,32.2287083502049,30.));
#11098=CARTESIAN_POINT('Ctrl Pts',(87.0740675595904,32.000000372529,30.));
#11099=CARTESIAN_POINT('',(87.0740675595903,32.000000372529,30.));
#11100=CARTESIAN_POINT('Origin',(87.0740675595903,32.000000372529,28.));
#11101=CARTESIAN_POINT('Ctrl Pts',(87.0740675595904,32.000000372529,30.));
#11102=CARTESIAN_POINT('Ctrl Pts',(83.9769221298081,32.2287083502049,30.));
#11103=CARTESIAN_POINT('Ctrl Pts',(77.760035768841,32.444783580894,30.));
#11104=CARTESIAN_POINT('Ctrl Pts',(65.3388837251583,31.5376934188603,30.));
#11105=CARTESIAN_POINT('Ctrl Pts',(53.2013461346855,28.6660467316044,30.));
#11106=CARTESIAN_POINT('Ctrl Pts',(38.4836750108458,23.7467969719614,30.));
#11107=CARTESIAN_POINT('Ctrl Pts',(29.9328610364604,19.9839962266223,30.));
#11108=CARTESIAN_POINT('Ctrl Pts',(24.48551278759,17.,30.));
#11109=CARTESIAN_POINT('Origin',(87.0740675595903,32.000000372529,28.));
#11110=CARTESIAN_POINT('Origin',(87.0740675595903,32.000000372529,28.));
#11111=CARTESIAN_POINT('Origin',(43.5000009313226,32.000000372529,28.));
#11112=CARTESIAN_POINT('',(123.000001862645,32.000000372529,30.));
#11113=CARTESIAN_POINT('Origin',(123.000001862645,32.000000372529,28.));
#11114=CARTESIAN_POINT('',(43.5000009313226,32.000000372529,30.));
#11115=CARTESIAN_POINT('Origin',(123.000001862645,32.000000372529,28.));
#11116=CARTESIAN_POINT('Origin',(123.000001862645,32.000000372529,28.));
#11117=CARTESIAN_POINT('Origin',(123.000001862645,37.5000002793968,28.));
#11118=CARTESIAN_POINT('',(123.000001862645,73.000000372529,30.));
#11119=CARTESIAN_POINT('Origin',(123.000001862645,73.000000372529,28.));
#11120=CARTESIAN_POINT('',(123.000001862645,37.5000002793968,30.));
#11121=CARTESIAN_POINT('Origin',(-123.000001862645,73.000000372529,-8.50490677216728E-31));
#11122=CARTESIAN_POINT('',(-125.000001862645,73.000000372529,28.));
#11123=CARTESIAN_POINT('',(-125.000001862645,73.000000372529,-8.50490677216728E-31));
#11124=CARTESIAN_POINT('',(-123.000001862645,75.000000372529,28.));
#11125=CARTESIAN_POINT('Origin',(-123.000001862645,73.000000372529,28.));
#11126=CARTESIAN_POINT('',(-123.000001862645,75.000000372529,-9.24446387081198E-31));
#11127=CARTESIAN_POINT('Origin',(-123.000001862645,73.000000372529,28.));
#11128=CARTESIAN_POINT('',(-123.000001862645,73.000000372529,30.));
#11129=CARTESIAN_POINT('Origin',(-123.000001862645,73.000000372529,28.));
#11130=CARTESIAN_POINT('Origin',(-123.000001862645,73.000000372529,28.));
#11131=CARTESIAN_POINT('Origin',(-125.000001862645,75.000000372529,-9.24446387081198E-31));
#11132=CARTESIAN_POINT('',(-125.000001862645,60.0000002793968,28.));
#11133=CARTESIAN_POINT('Origin',(-87.0000018626451,75.000000372529,-9.24446387081198E-31));
#11134=CARTESIAN_POINT('',(-87.4069405018995,75.000000372529,28.));
#11135=CARTESIAN_POINT('',(-43.5000009313226,75.000000372529,28.));
#11136=CARTESIAN_POINT('Ctrl Pts',(-87.4069405018995,75.000000372529,2.));
#11137=CARTESIAN_POINT('Ctrl Pts',(-87.4069405018995,75.000000372529,10.6666666666667));
#11138=CARTESIAN_POINT('Ctrl Pts',(-87.4069405018995,75.000000372529,19.3333333333333));
#11139=CARTESIAN_POINT('Ctrl Pts',(-87.4069405018995,75.000000372529,28.));
#11140=CARTESIAN_POINT('Ctrl Pts',(-87.4069405018995,75.000000372529,2.));
#11141=CARTESIAN_POINT('Ctrl Pts',(-87.4069405018995,75.000000372529,10.6666666666667));
#11142=CARTESIAN_POINT('Ctrl Pts',(-87.4069405018995,75.000000372529,19.3333333333333));
#11143=CARTESIAN_POINT('Ctrl Pts',(-87.4069405018995,75.000000372529,28.));
#11144=CARTESIAN_POINT('Ctrl Pts',(-87.1378006367189,75.000000372529,2.));
#11145=CARTESIAN_POINT('Ctrl Pts',(-87.1378006367189,75.000000372529,10.6666666666667));
#11146=CARTESIAN_POINT('Ctrl Pts',(-87.1378006367189,75.000000372529,19.3333333333333));
#11147=CARTESIAN_POINT('Ctrl Pts',(-87.1378006367189,75.000000372529,28.));
#11148=CARTESIAN_POINT('Ctrl Pts',(-86.8687790026382,74.944947278679,2.));
#11149=CARTESIAN_POINT('Ctrl Pts',(-86.8687790026382,74.944947278679,10.6666666666667));
#11150=CARTESIAN_POINT('Ctrl Pts',(-86.8687790026382,74.944947278679,19.3333333333333));
#11151=CARTESIAN_POINT('Ctrl Pts',(-86.8687790026382,74.944947278679,28.));
#11152=CARTESIAN_POINT('Ctrl Pts',(-86.6212752923151,74.8392203643866,2.));
#11153=CARTESIAN_POINT('Ctrl Pts',(-86.6212752923151,74.8392203643866,10.6666666666667));
#11154=CARTESIAN_POINT('Ctrl Pts',(-86.6212752923151,74.8392203643866,19.3333333333333));
#11155=CARTESIAN_POINT('Ctrl Pts',(-86.6212752923151,74.8392203643866,28.));
#11156=CARTESIAN_POINT('',(-86.621275292315,74.8392203643866,28.));
#11157=CARTESIAN_POINT('Origin',(-87.4069405018995,73.000000372529,28.));
#11158=CARTESIAN_POINT('Ctrl Pts',(-86.6212752923151,74.8392203643866,28.));
#11159=CARTESIAN_POINT('Ctrl Pts',(-86.6212752923151,74.8392203643866,19.3333333333333));
#11160=CARTESIAN_POINT('Ctrl Pts',(-86.6212752923151,74.8392203643866,10.6666666666667));
#11161=CARTESIAN_POINT('Ctrl Pts',(-86.6212752923151,74.8392203643866,2.));
#11162=CARTESIAN_POINT('Origin',(-87.4069405018995,73.000000372529,28.));
#11163=CARTESIAN_POINT('',(-87.4069405018995,73.0000003725291,30.));
#11164=CARTESIAN_POINT('Origin',(-87.4069405018995,73.000000372529,28.));
#11165=CARTESIAN_POINT('Origin',(-87.4069405018995,73.000000372529,28.));
#11166=CARTESIAN_POINT('Origin',(-43.5000009313226,73.000000372529,28.));
#11167=CARTESIAN_POINT('',(-43.5000009313226,73.000000372529,30.));
#11168=CARTESIAN_POINT('Origin',(123.000001862645,73.000000372529,28.));
#11169=CARTESIAN_POINT('Origin',(123.000001862645,73.000000372529,28.));
#11170=CARTESIAN_POINT('Origin',(62.5000009313226,73.000000372529,28.));
#11171=CARTESIAN_POINT('',(87.4069405018995,73.000000372529,30.));
#11172=CARTESIAN_POINT('Origin',(87.4069405018995,73.000000372529,28.));
#11173=CARTESIAN_POINT('',(62.5000009313226,73.000000372529,30.));
#11174=CARTESIAN_POINT('Ctrl Pts',(86.621275292315,74.8392203643866,2.));
#11175=CARTESIAN_POINT('Ctrl Pts',(86.621275292315,74.8392203643866,10.6666666666667));
#11176=CARTESIAN_POINT('Ctrl Pts',(86.621275292315,74.8392203643866,19.3333333333333));
#11177=CARTESIAN_POINT('Ctrl Pts',(86.621275292315,74.8392203643866,28.));
#11178=CARTESIAN_POINT('Ctrl Pts',(86.8687790026381,74.944947278679,2.));
#11179=CARTESIAN_POINT('Ctrl Pts',(86.8687790026381,74.944947278679,10.6666666666667));
#11180=CARTESIAN_POINT('Ctrl Pts',(86.8687790026381,74.944947278679,19.3333333333333));
#11181=CARTESIAN_POINT('Ctrl Pts',(86.8687790026381,74.944947278679,28.));
#11182=CARTESIAN_POINT('Ctrl Pts',(87.1378006367188,75.000000372529,2.));
#11183=CARTESIAN_POINT('Ctrl Pts',(87.1378006367188,75.000000372529,10.6666666666667));
#11184=CARTESIAN_POINT('Ctrl Pts',(87.1378006367188,75.000000372529,19.3333333333333));
#11185=CARTESIAN_POINT('Ctrl Pts',(87.1378006367188,75.000000372529,28.));
#11186=CARTESIAN_POINT('Ctrl Pts',(87.4069405018995,75.000000372529,2.));
#11187=CARTESIAN_POINT('Ctrl Pts',(87.4069405018995,75.000000372529,10.6666666666667));
#11188=CARTESIAN_POINT('Ctrl Pts',(87.4069405018995,75.000000372529,19.3333333333333));
#11189=CARTESIAN_POINT('Ctrl Pts',(87.4069405018995,75.000000372529,28.));
#11190=CARTESIAN_POINT('',(86.621275292315,74.8392203643866,28.));
#11191=CARTESIAN_POINT('Ctrl Pts',(86.621275292315,74.8392203643866,2.));
#11192=CARTESIAN_POINT('Ctrl Pts',(86.621275292315,74.8392203643866,10.6666666666667));
#11193=CARTESIAN_POINT('Ctrl Pts',(86.621275292315,74.8392203643866,19.3333333333333));
#11194=CARTESIAN_POINT('Ctrl Pts',(86.621275292315,74.8392203643866,28.));
#11195=CARTESIAN_POINT('Origin',(87.4069405018995,73.000000372529,28.));
#11196=CARTESIAN_POINT('Origin',(87.4069405018995,73.000000372529,28.));
#11197=CARTESIAN_POINT('Origin',(87.4069405018995,73.000000372529,28.));
#11198=CARTESIAN_POINT('Ctrl Pts',(87.0000018626451,75.000000372529,-9.24446387081198E-31));
#11199=CARTESIAN_POINT('Ctrl Pts',(87.0000018626451,75.000000372529,30.));
#11200=CARTESIAN_POINT('Ctrl Pts',(85.5807857055365,74.4012484146191,-9.02305824041211E-31));
#11201=CARTESIAN_POINT('Ctrl Pts',(85.5807857055365,74.4012484146191,30.));
#11202=CARTESIAN_POINT('Ctrl Pts',(82.7786987014674,73.1490899839237,-8.56003691238782E-31));
#11203=CARTESIAN_POINT('Ctrl Pts',(82.7786987014674,73.1490899839237,30.));
#11204=CARTESIAN_POINT('Ctrl Pts',(78.6845320973529,71.1069479274034,-7.80489658521758E-31));
#11205=CARTESIAN_POINT('Ctrl Pts',(78.6845320973529,71.1069479274034,30.));
#11206=CARTESIAN_POINT('Ctrl Pts',(73.3728077782413,68.1168201135994,-6.69921145994076E-31));
#11207=CARTESIAN_POINT('Ctrl Pts',(73.3728077782413,68.1168201135994,30.));
#11208=CARTESIAN_POINT('Ctrl Pts',(66.5997426319698,64.2588168988268,-5.27260462790117E-31));
#11209=CARTESIAN_POINT('Ctrl Pts',(66.5997426319698,64.2588168988268,30.));
#11210=CARTESIAN_POINT('Ctrl Pts',(59.2652904217923,60.6542946805681,-3.93972963103327E-31));
#11211=CARTESIAN_POINT('Ctrl Pts',(59.2652904217923,60.6542946805681,30.));
#11212=CARTESIAN_POINT('Ctrl Pts',(51.0198607608443,57.6227902921193,-2.81874433600836E-31));
#11213=CARTESIAN_POINT('Ctrl Pts',(51.0198607608443,57.6227902921193,30.));
#11214=CARTESIAN_POINT('Ctrl Pts',(41.7871085857903,55.278275284458,-1.95179297761089E-31));
#11215=CARTESIAN_POINT('Ctrl Pts',(41.7871085857903,55.278275284458,30.));
#11216=CARTESIAN_POINT('Ctrl Pts',(31.7533031576393,53.5341130099767,-1.30683918197041E-31));
#11217=CARTESIAN_POINT('Ctrl Pts',(31.7533031576393,53.5341130099767,30.));
#11218=CARTESIAN_POINT('Ctrl Pts',(21.221120303581,52.2107243224113,-8.17478432892877E-32));
#11219=CARTESIAN_POINT('Ctrl Pts',(21.221120303581,52.2107243224113,30.));
#11220=CARTESIAN_POINT('Ctrl Pts',(12.6653560229993,51.3186246277374,-4.87599101945447E-32));
#11221=CARTESIAN_POINT('Ctrl Pts',(12.6653560229993,51.3186246277374,30.));
#11222=CARTESIAN_POINT('Ctrl Pts',(6.29864400751236,50.6634496271351,-2.45329440670482E-32));
#11223=CARTESIAN_POINT('Ctrl Pts',(6.29864400751236,50.6634496271351,30.));
#11224=CARTESIAN_POINT('Ctrl Pts',(2.09306579722545,50.2219373420068,-8.20676683677296E-33));
#11225=CARTESIAN_POINT('Ctrl Pts',(2.09306579722545,50.2219373420068,30.));
#11226=CARTESIAN_POINT('Ctrl Pts',(7.45931094670027E-15,50.,0.));
#11227=CARTESIAN_POINT('Ctrl Pts',(7.45931094670027E-15,50.,30.));
#11228=CARTESIAN_POINT('',(7.73813370215774E-15,50.,28.));
#11229=CARTESIAN_POINT('',(7.45931094670027E-15,50.,0.));
#11230=CARTESIAN_POINT('Ctrl Pts',(86.6212752923151,74.8392203643866,28.));
#11231=CARTESIAN_POINT('Ctrl Pts',(84.5691626337987,73.9626131455211,28.));
#11232=CARTESIAN_POINT('Ctrl Pts',(80.5172867312516,72.0490667194337,28.));
#11233=CARTESIAN_POINT('Ctrl Pts',(72.7734899875119,67.8019209075278,28.));
#11234=CARTESIAN_POINT('Ctrl Pts',(65.2546595277205,63.5090604480055,28.));
#11235=CARTESIAN_POINT('Ctrl Pts',(57.4227805154196,60.0454172925019,28.));
#11236=CARTESIAN_POINT('Ctrl Pts',(49.3688221221963,57.1859656889199,28.));
#11237=CARTESIAN_POINT('Ctrl Pts',(38.9009979707036,54.6935257719671,28.));
#11238=CARTESIAN_POINT('Ctrl Pts',(26.0393811052205,52.7733515147611,28.));
#11239=CARTESIAN_POINT('Ctrl Pts',(13.0591192975002,51.3519771984709,28.));
#11240=CARTESIAN_POINT('Ctrl Pts',(4.35141791509538,50.4614007487568,28.));
#11241=CARTESIAN_POINT('Ctrl Pts',(3.66702073197611E-5,50.0000038883099,
28.));
#11242=CARTESIAN_POINT('Ctrl Pts',(1.83351074009346E-5,50.0000019441553,
28.));
#11243=CARTESIAN_POINT('Ctrl Pts',(1.12173777008112E-11,50.0000000000012,
28.));
#11244=CARTESIAN_POINT('Origin',(-123.000001862645,60.0000002793968,28.));
#11245=CARTESIAN_POINT('',(-123.000001862645,60.0000002793968,30.));
#11246=CARTESIAN_POINT('Ctrl Pts',(0.210886927728646,49.9776386942703,28.));
#11247=CARTESIAN_POINT('Ctrl Pts',(0.140591285152432,49.9850924628469,28.));
#11248=CARTESIAN_POINT('Ctrl Pts',(0.0702956425762186,49.9925462314234,
28.));
#11249=CARTESIAN_POINT('Ctrl Pts',(-4.35141791509535,50.4614007487568,28.));
#11250=CARTESIAN_POINT('Ctrl Pts',(-13.0587664041155,51.3530191391815,28.));
#11251=CARTESIAN_POINT('Ctrl Pts',(-26.040047723817,52.7712127794986,28.));
#11252=CARTESIAN_POINT('Ctrl Pts',(-38.8997769295911,54.6979012064919,28.));
#11253=CARTESIAN_POINT('Ctrl Pts',(-51.4652898639124,57.6747939974429,28.));
#11254=CARTESIAN_POINT('Ctrl Pts',(-63.3766502903666,62.4282705868595,28.));
#11255=CARTESIAN_POINT('Ctrl Pts',(-72.7721299435672,67.8056538832074,28.));
#11256=CARTESIAN_POINT('Ctrl Pts',(-80.5177557443526,72.0477662892068,28.));
#11257=CARTESIAN_POINT('Ctrl Pts',(-84.5691626337987,73.9626131455211,28.));
#11258=CARTESIAN_POINT('Ctrl Pts',(-86.6212752923151,74.8392203643866,28.));
#11259=CARTESIAN_POINT('Ctrl Pts',(0.210886927728646,49.9776386942703,28.5983986006838));
#11260=CARTESIAN_POINT('Ctrl Pts',(0.140591285152432,49.9850924628469,28.5983986006838));
#11261=CARTESIAN_POINT('Ctrl Pts',(0.0702956425762186,49.9925462314234,
28.5983986006838));
#11262=CARTESIAN_POINT('Ctrl Pts',(-4.35141791509535,50.4614007487568,28.5983986006838));
#11263=CARTESIAN_POINT('Ctrl Pts',(-13.0587664041155,51.3530191391815,28.5983986006838));
#11264=CARTESIAN_POINT('Ctrl Pts',(-26.040047723817,52.7712127794986,28.5983986006838));
#11265=CARTESIAN_POINT('Ctrl Pts',(-38.8997769295911,54.6979012064919,28.5983986006838));
#11266=CARTESIAN_POINT('Ctrl Pts',(-51.4652898639124,57.6747939974429,28.5983986006838));
#11267=CARTESIAN_POINT('Ctrl Pts',(-63.3766502903666,62.4282705868595,28.5983986006838));
#11268=CARTESIAN_POINT('Ctrl Pts',(-72.7721299435672,67.8056538832074,28.5983986006838));
#11269=CARTESIAN_POINT('Ctrl Pts',(-80.5177557443526,72.0477662892068,28.5983986006838));
#11270=CARTESIAN_POINT('Ctrl Pts',(-84.5691626337987,73.9626131455211,28.5983986006838));
#11271=CARTESIAN_POINT('Ctrl Pts',(-86.6212752923151,74.8392203643866,28.5983986006838));
#11272=CARTESIAN_POINT('Ctrl Pts',(0.157890616460531,49.4778365181633,29.6339850880483));
#11273=CARTESIAN_POINT('Ctrl Pts',(0.0875949738843174,49.4852902867398,
29.6339850880483));
#11274=CARTESIAN_POINT('Ctrl Pts',(0.017299331308102,49.4927440553164,29.6339850880483));
#11275=CARTESIAN_POINT('Ctrl Pts',(-4.40364267011222,49.9616063547751,29.6339850880483));
#11276=CARTESIAN_POINT('Ctrl Pts',(-13.1095047864929,50.8529919029268,29.6339850880483));
#11277=CARTESIAN_POINT('Ctrl Pts',(-26.1013329758969,52.2721516801046,29.6339850880483));
#11278=CARTESIAN_POINT('Ctrl Pts',(-38.9907427741157,54.2033726944653,29.6339850880483));
#11279=CARTESIAN_POINT('Ctrl Pts',(-51.6118857316579,57.1914817975924,29.6339850880483));
#11280=CARTESIAN_POINT('Ctrl Pts',(-63.6033695184768,61.9779085941737,29.6339850880483));
#11281=CARTESIAN_POINT('Ctrl Pts',(-73.0262146059869,67.3722186633471,29.6339850880483));
#11282=CARTESIAN_POINT('Ctrl Pts',(-80.7486958494848,71.6011275779936,29.6339850880483));
#11283=CARTESIAN_POINT('Ctrl Pts',(-84.7774850117359,73.5048322350011,29.6339850880483));
#11284=CARTESIAN_POINT('Ctrl Pts',(-86.8187145477877,74.377020662258,29.6339850880483));
#11285=CARTESIAN_POINT('Ctrl Pts',(0.0473229159206973,48.4350851263281,
30.));
#11286=CARTESIAN_POINT('Ctrl Pts',(-0.0229727266555165,48.4425388949046,
30.));
#11287=CARTESIAN_POINT('Ctrl Pts',(-0.0932683692317344,48.4499926634812,
30.));
#11288=CARTESIAN_POINT('Ctrl Pts',(-4.51235985905785,48.9186238324366,30.));
#11289=CARTESIAN_POINT('Ctrl Pts',(-13.2154905717771,49.809962558295,30.));
#11290=CARTESIAN_POINT('Ctrl Pts',(-26.229150262598,51.2308199707969,30.));
#11291=CARTESIAN_POINT('Ctrl Pts',(-39.1804641432163,53.1716338615054,30.));
#11292=CARTESIAN_POINT('Ctrl Pts',(-51.9181032264669,56.1836040446678,30.));
#11293=CARTESIAN_POINT('Ctrl Pts',(-64.0758369272049,61.0376184609336,30.));
#11294=CARTESIAN_POINT('Ctrl Pts',(-73.5570056231711,66.4687084057493,30.));
#11295=CARTESIAN_POINT('Ctrl Pts',(-81.2295961684911,70.6682120194281,30.));
#11296=CARTESIAN_POINT('Ctrl Pts',(-85.2129720715801,72.5506875346415,30.));
#11297=CARTESIAN_POINT('Ctrl Pts',(-87.2306376411416,73.412720373583,30.));
#11298=CARTESIAN_POINT('Ctrl Pts',(-6.21595762789575E-14,47.9887880956297,
30.));
#11299=CARTESIAN_POINT('Ctrl Pts',(-0.0702956425762763,47.9962418642063,
30.));
#11300=CARTESIAN_POINT('Ctrl Pts',(-0.140591285152495,48.0036956327828,
30.));
#11301=CARTESIAN_POINT('Ctrl Pts',(-4.55884762193748,48.4721835651692,30.));
#11302=CARTESIAN_POINT('Ctrl Pts',(-13.2608755152114,49.3635808862386,30.));
#11303=CARTESIAN_POINT('Ctrl Pts',(-26.2838481341293,50.7851079119904,30.));
#11304=CARTESIAN_POINT('Ctrl Pts',(-39.2616534575515,52.7300519850811,30.));
#11305=CARTESIAN_POINT('Ctrl Pts',(-52.0492305005985,55.7523171318875,30.));
#11306=CARTESIAN_POINT('Ctrl Pts',(-64.2779553930031,60.6350516909545,30.));
#11307=CARTESIAN_POINT('Ctrl Pts',(-73.7843069611054,66.0821458531172,30.));
#11308=CARTESIAN_POINT('Ctrl Pts',(-81.4352570564758,70.2687310881329,30.));
#11309=CARTESIAN_POINT('Ctrl Pts',(-85.3995140339031,72.1424818898646,30.));
#11310=CARTESIAN_POINT('Ctrl Pts',(-87.4069405018996,73.0000003725291,30.));
#11311=CARTESIAN_POINT('',(-7.69176389248116E-14,47.9887880956297,30.));
#11312=CARTESIAN_POINT('Ctrl Pts',(-87.4069405018996,73.0000003725291,30.));
#11313=CARTESIAN_POINT('Ctrl Pts',(-85.3995140339031,72.1424818898646,30.));
#11314=CARTESIAN_POINT('Ctrl Pts',(-81.4352570564758,70.2687310881329,30.));
#11315=CARTESIAN_POINT('Ctrl Pts',(-73.7843069611054,66.0821458531172,30.));
#11316=CARTESIAN_POINT('Ctrl Pts',(-64.2779553930031,60.6350516909545,30.));
#11317=CARTESIAN_POINT('Ctrl Pts',(-52.0492305005985,55.7523171318875,30.));
#11318=CARTESIAN_POINT('Ctrl Pts',(-39.2616534575515,52.7300519850811,30.));
#11319=CARTESIAN_POINT('Ctrl Pts',(-26.2838481341293,50.7851079119904,30.));
#11320=CARTESIAN_POINT('Ctrl Pts',(-13.2608755152114,49.3635808862386,30.));
#11321=CARTESIAN_POINT('Ctrl Pts',(-4.55884762193748,48.4721835651692,30.));
#11322=CARTESIAN_POINT('Ctrl Pts',(-0.140591285152495,48.0036956327828,
30.));
#11323=CARTESIAN_POINT('Ctrl Pts',(-0.0702956425762763,47.9962418642063,
30.));
#11324=CARTESIAN_POINT('Ctrl Pts',(-6.21595762789575E-14,47.9887880956297,
30.));
#11325=CARTESIAN_POINT('Ctrl Pts',(-7.88246043113668E-14,47.9887880956297,
30.));
#11326=CARTESIAN_POINT('Ctrl Pts',(-7.88294210874514E-14,47.9909172429579,
30.));
#11327=CARTESIAN_POINT('Ctrl Pts',(1.72087892350317E-12,47.9930463890054,
29.9999966378505));
#11328=CARTESIAN_POINT('Ctrl Pts',(-2.58900196722953E-11,48.1304021784232,
29.9995628377455));
#11329=CARTESIAN_POINT('Ctrl Pts',(7.15498274832349E-14,48.2652568077533,
29.9855745302767));
#11330=CARTESIAN_POINT('Ctrl Pts',(3.88896693908849E-14,48.5300662147232,
29.9308939116379));
#11331=CARTESIAN_POINT('Ctrl Pts',(2.15378440159639E-11,48.6593760248211,
29.8903466084764));
#11332=CARTESIAN_POINT('Ctrl Pts',(1.29980093050163E-11,49.0239680832025,
29.7343587380422));
#11333=CARTESIAN_POINT('Ctrl Pts',(2.65786335440625E-12,49.2420498765579,
29.5857926432639));
#11334=CARTESIAN_POINT('Ctrl Pts',(2.05750054815994E-12,49.6078456159889,
29.2144774680983));
#11335=CARTESIAN_POINT('Ctrl Pts',(1.07865328411407E-14,49.7524766605789,
28.9956886392682));
#11336=CARTESIAN_POINT('Ctrl Pts',(9.96196995202184E-15,49.9493821638788,
28.5155802737967));
#11337=CARTESIAN_POINT('Ctrl Pts',(-4.34681286503973E-14,50.,28.2590696368264));
#11338=CARTESIAN_POINT('Ctrl Pts',(-4.34418493157238E-14,50.,28.));
#11339=CARTESIAN_POINT('Ctrl Pts',(-1.11882770097702E-11,50.0000000000012,
28.));
#11340=CARTESIAN_POINT('Ctrl Pts',(-1.83351073786431E-5,50.0000019441553,
28.));
#11341=CARTESIAN_POINT('Ctrl Pts',(-3.66702073039404E-5,50.0000038883098,
28.));
#11342=CARTESIAN_POINT('Ctrl Pts',(-4.35141791509535,50.4614007487568,28.));
#11343=CARTESIAN_POINT('Ctrl Pts',(-13.0587664041155,51.3530191391815,28.));
#11344=CARTESIAN_POINT('Ctrl Pts',(-26.040047723817,52.7712127794986,28.));
#11345=CARTESIAN_POINT('Ctrl Pts',(-38.8997769295911,54.6979012064919,28.));
#11346=CARTESIAN_POINT('Ctrl Pts',(-51.4652898639124,57.6747939974429,28.));
#11347=CARTESIAN_POINT('Ctrl Pts',(-63.3766502903666,62.4282705868595,28.));
#11348=CARTESIAN_POINT('Ctrl Pts',(-72.7721299435672,67.8056538832074,28.));
#11349=CARTESIAN_POINT('Ctrl Pts',(-80.5177557443526,72.0477662892068,28.));
#11350=CARTESIAN_POINT('Ctrl Pts',(-84.5691626337987,73.9626131455211,28.));
#11351=CARTESIAN_POINT('Ctrl Pts',(-86.6212752923151,74.8392203643866,28.));
#11352=CARTESIAN_POINT('Ctrl Pts',(86.6212752923151,74.8392203643866,28.));
#11353=CARTESIAN_POINT('Ctrl Pts',(84.5691626337987,73.9626131455211,28.));
#11354=CARTESIAN_POINT('Ctrl Pts',(80.5172867312516,72.0490667194337,28.));
#11355=CARTESIAN_POINT('Ctrl Pts',(72.7734899875119,67.8019209075278,28.));
#11356=CARTESIAN_POINT('Ctrl Pts',(65.2546595277205,63.5090604480055,28.));
#11357=CARTESIAN_POINT('Ctrl Pts',(57.4227805154196,60.0454172925019,28.));
#11358=CARTESIAN_POINT('Ctrl Pts',(49.3688221221963,57.1859656889199,28.));
#11359=CARTESIAN_POINT('Ctrl Pts',(38.9009979707036,54.6935257719671,28.));
#11360=CARTESIAN_POINT('Ctrl Pts',(26.0393811052205,52.7733515147611,28.));
#11361=CARTESIAN_POINT('Ctrl Pts',(13.0591192975002,51.3519771984709,28.));
#11362=CARTESIAN_POINT('Ctrl Pts',(4.35141791509538,50.4614007487568,28.));
#11363=CARTESIAN_POINT('Ctrl Pts',(-0.0702956425762605,49.9925462314234,
28.));
#11364=CARTESIAN_POINT('Ctrl Pts',(-0.140591285152526,49.9850924628469,
28.));
#11365=CARTESIAN_POINT('Ctrl Pts',(-0.210886927728791,49.9776386942703,
28.));
#11366=CARTESIAN_POINT('Ctrl Pts',(86.6212752923151,74.8392203643866,28.5983986006838));
#11367=CARTESIAN_POINT('Ctrl Pts',(84.5691626337987,73.9626131455211,28.5983986006838));
#11368=CARTESIAN_POINT('Ctrl Pts',(80.5172867312516,72.0490667194337,28.5983986006838));
#11369=CARTESIAN_POINT('Ctrl Pts',(72.7734899875119,67.8019209075278,28.5983986006838));
#11370=CARTESIAN_POINT('Ctrl Pts',(65.2546595277205,63.5090604480055,28.5983986006838));
#11371=CARTESIAN_POINT('Ctrl Pts',(57.4227805154196,60.0454172925019,28.5983986006838));
#11372=CARTESIAN_POINT('Ctrl Pts',(49.3688221221963,57.1859656889199,28.5983986006838));
#11373=CARTESIAN_POINT('Ctrl Pts',(38.9009979707036,54.6935257719671,28.5983986006838));
#11374=CARTESIAN_POINT('Ctrl Pts',(26.0393811052205,52.7733515147611,28.5983986006838));
#11375=CARTESIAN_POINT('Ctrl Pts',(13.0591192975002,51.3519771984709,28.5983986006838));
#11376=CARTESIAN_POINT('Ctrl Pts',(4.35141791509538,50.4614007487568,28.5983986006838));
#11377=CARTESIAN_POINT('Ctrl Pts',(-0.0702956425762605,49.9925462314234,
28.5983986006838));
#11378=CARTESIAN_POINT('Ctrl Pts',(-0.140591285152526,49.9850924628469,
28.5983986006838));
#11379=CARTESIAN_POINT('Ctrl Pts',(-0.210886927728791,49.9776386942703,
28.5983986006838));
#11380=CARTESIAN_POINT('Ctrl Pts',(86.8187145477877,74.377020662258,29.6339850880483));
#11381=CARTESIAN_POINT('Ctrl Pts',(84.7776360341799,73.5050651346891,29.6339850880483));
#11382=CARTESIAN_POINT('Ctrl Pts',(80.7481723730466,71.6023152484737,29.6339850880483));
#11383=CARTESIAN_POINT('Ctrl Pts',(73.0272874123675,67.3681705052808,29.6339850880483));
#11384=CARTESIAN_POINT('Ctrl Pts',(65.4874135709706,63.062735556027,29.6339850880483));
#11385=CARTESIAN_POINT('Ctrl Pts',(57.6089451116665,59.5779504118832,29.6339850880483));
#11386=CARTESIAN_POINT('Ctrl Pts',(49.5067949121483,56.701613032119,29.6339850880483));
#11387=CARTESIAN_POINT('Ctrl Pts',(38.9917493148467,54.1986311759754,29.6339850880483));
#11388=CARTESIAN_POINT('Ctrl Pts',(26.100713803499,52.2743978186944,29.6339850880483));
#11389=CARTESIAN_POINT('Ctrl Pts',(13.1098718573825,50.8519574564027,29.6339850880483));
#11390=CARTESIAN_POINT('Ctrl Pts',(4.40356900834964,49.9614871369665,29.6339850880483));
#11391=CARTESIAN_POINT('Ctrl Pts',(-0.0172993313081468,49.4927440553164,
29.6339850880483));
#11392=CARTESIAN_POINT('Ctrl Pts',(-0.0875949738844125,49.4852902867399,
29.6339850880483));
#11393=CARTESIAN_POINT('Ctrl Pts',(-0.157890616460677,49.4778365181633,
29.6339850880483));
#11394=CARTESIAN_POINT('Ctrl Pts',(87.2306376411416,73.412720373583,30.));
#11395=CARTESIAN_POINT('Ctrl Pts',(85.213064244618,72.5508296795519,30.));
#11396=CARTESIAN_POINT('Ctrl Pts',(81.2293279420059,70.6697756540435,30.));
#11397=CARTESIAN_POINT('Ctrl Pts',(73.5574077755527,66.463704562828,30.));
#11398=CARTESIAN_POINT('Ctrl Pts',(65.9726451216119,62.1313159735736,30.));
#11399=CARTESIAN_POINT('Ctrl Pts',(57.9973822516237,58.6025844160605,30.));
#11400=CARTESIAN_POINT('Ctrl Pts',(49.7946614657735,55.6912121169747,30.));
#11401=CARTESIAN_POINT('Ctrl Pts',(39.1808951265225,53.1659532459665,30.));
#11402=CARTESIAN_POINT('Ctrl Pts',(26.2288098961426,51.2335357766321,30.));
#11403=CARTESIAN_POINT('Ctrl Pts',(13.2157081361791,49.8086767149685,30.));
#11404=CARTESIAN_POINT('Ctrl Pts',(4.51231490131346,48.9185510706185,30.));
#11405=CARTESIAN_POINT('Ctrl Pts',(0.0932683692316848,48.4499926634812,
30.));
#11406=CARTESIAN_POINT('Ctrl Pts',(0.0229727266554173,48.4425388949046,
30.));
#11407=CARTESIAN_POINT('Ctrl Pts',(-0.0473229159208474,48.4350851263281,
30.));
#11408=CARTESIAN_POINT('Ctrl Pts',(87.4069405018995,73.000000372529,30.));
#11409=CARTESIAN_POINT('Ctrl Pts',(85.3995140339031,72.1424818898646,30.));
#11410=CARTESIAN_POINT('Ctrl Pts',(81.4351641570905,70.2705651277734,30.));
#11411=CARTESIAN_POINT('Ctrl Pts',(73.7844092866568,66.0766795744942,30.));
#11412=CARTESIAN_POINT('Ctrl Pts',(66.1802577203097,61.732626018695,30.));
#11413=CARTESIAN_POINT('Ctrl Pts',(58.1636397090097,58.1851145684734,30.));
#11414=CARTESIAN_POINT('Ctrl Pts',(49.9178699908436,55.2587821588502,30.));
#11415=CARTESIAN_POINT('Ctrl Pts',(39.2618151658569,52.7239380289513,30.));
#11416=CARTESIAN_POINT('Ctrl Pts',(26.2836593086938,50.7880687294974,30.));
#11417=CARTESIAN_POINT('Ctrl Pts',(13.260997009852,49.3621396095215,30.));
#11418=CARTESIAN_POINT('Ctrl Pts',(4.55884762193749,48.4721835651692,30.));
#11419=CARTESIAN_POINT('Ctrl Pts',(0.140591285152444,48.0036956327828,30.));
#11420=CARTESIAN_POINT('Ctrl Pts',(0.0702956425761754,47.9962418642063,
30.));
#11421=CARTESIAN_POINT('Ctrl Pts',(-8.95799759428857E-14,47.9887880956297,
30.));
#11422=CARTESIAN_POINT('Ctrl Pts',(-8.95799759428857E-14,47.9887880956297,
30.));
#11423=CARTESIAN_POINT('Ctrl Pts',(0.0702956425761754,47.9962418642063,
30.));
#11424=CARTESIAN_POINT('Ctrl Pts',(0.140591285152444,48.0036956327828,30.));
#11425=CARTESIAN_POINT('Ctrl Pts',(4.55884762193749,48.4721835651692,30.));
#11426=CARTESIAN_POINT('Ctrl Pts',(13.260997009852,49.3621396095215,30.));
#11427=CARTESIAN_POINT('Ctrl Pts',(26.2836593086938,50.7880687294974,30.));
#11428=CARTESIAN_POINT('Ctrl Pts',(39.2618151658569,52.7239380289513,30.));
#11429=CARTESIAN_POINT('Ctrl Pts',(49.9178699908436,55.2587821588502,30.));
#11430=CARTESIAN_POINT('Ctrl Pts',(58.1636397090097,58.1851145684734,30.));
#11431=CARTESIAN_POINT('Ctrl Pts',(66.1802577203097,61.732626018695,30.));
#11432=CARTESIAN_POINT('Ctrl Pts',(73.7844092866568,66.0766795744942,30.));
#11433=CARTESIAN_POINT('Ctrl Pts',(81.4351641570905,70.2705651277734,30.));
#11434=CARTESIAN_POINT('Ctrl Pts',(85.3995140339031,72.1424818898646,30.));
#11435=CARTESIAN_POINT('Ctrl Pts',(87.4069405018995,73.000000372529,30.));
#11436=CARTESIAN_POINT('Origin',(7.45931094670027E-15,45.0000001862645,
30.));
#11437=CARTESIAN_POINT('Ctrl Pts',(7.45931094670027E-15,50.,0.));
#11438=CARTESIAN_POINT('Ctrl Pts',(7.45931094670027E-15,50.,30.));
#11439=CARTESIAN_POINT('Ctrl Pts',(-2.09306579722544,50.2219373420068,-8.20676683677297E-33));
#11440=CARTESIAN_POINT('Ctrl Pts',(-2.09306579722544,50.2219373420068,30.));
#11441=CARTESIAN_POINT('Ctrl Pts',(-6.29864400751234,50.6634496271352,-2.45329440670486E-32));
#11442=CARTESIAN_POINT('Ctrl Pts',(-6.29864400751234,50.6634496271352,30.));
#11443=CARTESIAN_POINT('Ctrl Pts',(-12.6653560229993,51.3186246277374,-4.87599101945459E-32));
#11444=CARTESIAN_POINT('Ctrl Pts',(-12.6653560229993,51.3186246277374,30.));
#11445=CARTESIAN_POINT('Ctrl Pts',(-21.221120303581,52.2107243224113,-8.17478432892896E-32));
#11446=CARTESIAN_POINT('Ctrl Pts',(-21.221120303581,52.2107243224113,30.));
#11447=CARTESIAN_POINT('Ctrl Pts',(-31.7533031576392,53.5341130099767,-1.30683918197042E-31));
#11448=CARTESIAN_POINT('Ctrl Pts',(-31.7533031576392,53.5341130099767,30.));
#11449=CARTESIAN_POINT('Ctrl Pts',(-41.7871085857903,55.278275284458,-1.9517929776109E-31));
#11450=CARTESIAN_POINT('Ctrl Pts',(-41.7871085857903,55.278275284458,30.));
#11451=CARTESIAN_POINT('Ctrl Pts',(-51.0198607608442,57.6227902921193,-2.81874433600837E-31));
#11452=CARTESIAN_POINT('Ctrl Pts',(-51.0198607608442,57.6227902921193,30.));
#11453=CARTESIAN_POINT('Ctrl Pts',(-59.2652904217923,60.6542946805681,-3.93972963103327E-31));
#11454=CARTESIAN_POINT('Ctrl Pts',(-59.2652904217923,60.6542946805681,30.));
#11455=CARTESIAN_POINT('Ctrl Pts',(-66.5997426319698,64.2588168988268,-5.27260462790117E-31));
#11456=CARTESIAN_POINT('Ctrl Pts',(-66.5997426319698,64.2588168988268,30.));
#11457=CARTESIAN_POINT('Ctrl Pts',(-73.3728077782413,68.1168201135994,-6.69921145994076E-31));
#11458=CARTESIAN_POINT('Ctrl Pts',(-73.3728077782413,68.1168201135994,30.));
#11459=CARTESIAN_POINT('Ctrl Pts',(-78.6845320973529,71.1069479274034,-7.80489658521758E-31));
#11460=CARTESIAN_POINT('Ctrl Pts',(-78.6845320973529,71.1069479274034,30.));
#11461=CARTESIAN_POINT('Ctrl Pts',(-82.7786987014674,73.1490899839237,-8.56003691238782E-31));
#11462=CARTESIAN_POINT('Ctrl Pts',(-82.7786987014674,73.1490899839237,30.));
#11463=CARTESIAN_POINT('Ctrl Pts',(-85.5807857055365,74.4012484146191,-9.02305824041211E-31));
#11464=CARTESIAN_POINT('Ctrl Pts',(-85.5807857055365,74.4012484146191,30.));
#11465=CARTESIAN_POINT('Ctrl Pts',(-87.0000018626451,75.000000372529,-9.24446387081198E-31));
#11466=CARTESIAN_POINT('Ctrl Pts',(-87.0000018626451,75.000000372529,30.));
#11467=CARTESIAN_POINT('',(0.,0.,0.));
#11468=CARTESIAN_POINT('Origin',(-181.004105217338,-100.,54.0041052173378));
#11469=CARTESIAN_POINT('',(-181.004105217338,-100.,47.5041052173378));
#11470=CARTESIAN_POINT('Origin',(-181.004105217338,-100.,54.0041052173378));
#11471=CARTESIAN_POINT('Origin',(-266.004105217338,-100.,54.0041052173377));
#11472=CARTESIAN_POINT('',(-266.004105217338,-100.,47.5041052173378));
#11473=CARTESIAN_POINT('',(-266.004105217338,-100.,47.5041052173378));
#11474=CARTESIAN_POINT('Origin',(-266.004105217338,-100.,54.0041052173377));
#11475=CARTESIAN_POINT('Ctrl Pts',(-283.681774747002,-100.,-55.9958947826623));
#11476=CARTESIAN_POINT('Ctrl Pts',(-283.681774747002,-108.22794437523,-55.9958947826623));
#11477=CARTESIAN_POINT('Ctrl Pts',(-283.681774747002,-124.683335589385,
-54.1421287987982));
#11478=CARTESIAN_POINT('Ctrl Pts',(-283.681774747002,-148.130093569002,
-45.9382776818639));
#11479=CARTESIAN_POINT('Ctrl Pts',(-283.681774747002,-169.161311305145,
-32.7218356627333));
#11480=CARTESIAN_POINT('Ctrl Pts',(-283.681774747002,-188.680055534075,
-13.2079803027963));
#11481=CARTESIAN_POINT('Ctrl Pts',(-283.681774747002,-203.937976632954,
13.2113270373847));
#11482=CARTESIAN_POINT('Ctrl Pts',(-283.681774747001,-211.341243731119,
45.6603493196973));
#11483=CARTESIAN_POINT('Ctrl Pts',(-283.681774747002,-208.856672968703,
78.849777661217));
#11484=CARTESIAN_POINT('Ctrl Pts',(-283.681774747001,-196.694876489961,
109.831088119552));
#11485=CARTESIAN_POINT('Ctrl Pts',(-283.681774747002,-175.945206580387,
135.853354373976));
#11486=CARTESIAN_POINT('Ctrl Pts',(-283.681774747002,-148.444831855568,
154.600900411843));
#11487=CARTESIAN_POINT('Ctrl Pts',(-283.681774747001,-116.64132722904,164.412612692172));
#11488=CARTESIAN_POINT('Ctrl Pts',(-283.681774747002,-83.3589214056257,
164.410777011357));
#11489=CARTESIAN_POINT('Ctrl Pts',(-283.681774747002,-51.5543261740884,
154.602668161125));
#11490=CARTESIAN_POINT('Ctrl Pts',(-283.681774747002,-24.0560682868411,
135.852005098899));
#11491=CARTESIAN_POINT('Ctrl Pts',(-283.681774747002,-3.30356646555226,
109.832088939927));
#11492=CARTESIAN_POINT('Ctrl Pts',(-283.681774747002,8.85482504188985,78.8492274592189));
#11493=CARTESIAN_POINT('Ctrl Pts',(-283.681774747001,11.3429318715483,45.6604530530054));
#11494=CARTESIAN_POINT('Ctrl Pts',(-283.681774747002,3.93630492253745,13.2116750068367));
#11495=CARTESIAN_POINT('Ctrl Pts',(-283.681774747001,-11.3187980258016,
-13.2084533104297));
#11496=CARTESIAN_POINT('Ctrl Pts',(-283.681774747002,-30.8391808370176,
-32.7216340591193));
#11497=CARTESIAN_POINT('Ctrl Pts',(-283.681774747001,-51.8696599199294,
-45.9383791683339));
#11498=CARTESIAN_POINT('Ctrl Pts',(-283.681774747002,-75.3167970318696,
-54.1420742140201));
#11499=CARTESIAN_POINT('Ctrl Pts',(-283.681774747002,-91.7720556247706,
-55.9958947826623));
#11500=CARTESIAN_POINT('Ctrl Pts',(-283.681774747002,-100.,-55.9958947826623));
#11501=CARTESIAN_POINT('Ctrl Pts',(-281.300822366049,-100.,-55.9958947826623));
#11502=CARTESIAN_POINT('Ctrl Pts',(-281.300822366049,-108.227754660258,
-55.9958947826623));
#11503=CARTESIAN_POINT('Ctrl Pts',(-281.300822366049,-124.683432793686,
-54.1420983145753));
#11504=CARTESIAN_POINT('Ctrl Pts',(-281.30082236605,-148.13003536796,-45.9382752095804));
#11505=CARTESIAN_POINT('Ctrl Pts',(-281.300822366049,-169.161326304674,
-32.7217984267001));
#11506=CARTESIAN_POINT('Ctrl Pts',(-281.300822366049,-188.680007384297,
-13.208031611132));
#11507=CARTESIAN_POINT('Ctrl Pts',(-281.30082236605,-203.937972859661,13.211421891109));
#11508=CARTESIAN_POINT('Ctrl Pts',(-281.300822366049,-211.341239573678,
45.6603200349095));
#11509=CARTESIAN_POINT('Ctrl Pts',(-281.30082236605,-208.856629180164,78.8497705425404));
#11510=CARTESIAN_POINT('Ctrl Pts',(-281.300822366049,-196.694871778615,
109.831109027247));
#11511=CARTESIAN_POINT('Ctrl Pts',(-281.30082236605,-175.945211756527,135.853272322453));
#11512=CARTESIAN_POINT('Ctrl Pts',(-281.300822366049,-148.44484233581,154.600923458343));
#11513=CARTESIAN_POINT('Ctrl Pts',(-281.300822366049,-116.64126044427,164.412563622265));
#11514=CARTESIAN_POINT('Ctrl Pts',(-281.300822366049,-83.3589402231926,
164.410789906429));
#11515=CARTESIAN_POINT('Ctrl Pts',(-281.300822366049,-51.5543486417891,
154.602621410052));
#11516=CARTESIAN_POINT('Ctrl Pts',(-281.300822366049,-24.0560468419452,
135.85199787175));
#11517=CARTESIAN_POINT('Ctrl Pts',(-281.300822366049,-3.30364548872675,
109.832112184677));
#11518=CARTESIAN_POINT('Ctrl Pts',(-281.300822366049,8.85484736844018,78.8492298641551));
#11519=CARTESIAN_POINT('Ctrl Pts',(-281.30082236605,11.3428754565156,45.6604055471158));
#11520=CARTESIAN_POINT('Ctrl Pts',(-281.300822366049,3.93631142544416,13.2116795490691));
#11521=CARTESIAN_POINT('Ctrl Pts',(-281.300822366049,-11.3188194623135,
-13.2084074258176));
#11522=CARTESIAN_POINT('Ctrl Pts',(-281.300822366049,-30.8391770520966,
-32.7216388895465));
#11523=CARTESIAN_POINT('Ctrl Pts',(-281.300822366049,-51.8697124301233,
-45.9383555603711));
#11524=CARTESIAN_POINT('Ctrl Pts',(-281.300822366049,-75.3167028869439,
-54.1420551012154));
#11525=CARTESIAN_POINT('Ctrl Pts',(-281.300822366049,-91.7722453397421,
-55.9958947826623));
#11526=CARTESIAN_POINT('Ctrl Pts',(-281.300822366049,-100.,-55.9958947826623));
#11527=CARTESIAN_POINT('Ctrl Pts',(-276.084252941707,-100.,-55.0045909800683));
#11528=CARTESIAN_POINT('Ctrl Pts',(-276.084252941707,-108.153985729873,
-55.0045909800683));
#11529=CARTESIAN_POINT('Ctrl Pts',(-276.084252941707,-124.460795459743,
-53.1675614530135));
#11530=CARTESIAN_POINT('Ctrl Pts',(-276.084252941707,-147.696410657257,
-45.0376141245279));
#11531=CARTESIAN_POINT('Ctrl Pts',(-276.084252941707,-168.538024699674,
-31.9403116199709));
#11532=CARTESIAN_POINT('Ctrl Pts',(-276.084252941707,-187.880932249668,
-12.602223397415));
#11533=CARTESIAN_POINT('Ctrl Pts',(-276.084252941707,-203.001306678792,
13.5788503625178));
#11534=CARTESIAN_POINT('Ctrl Pts',(-276.084252941707,-210.337857009484,
45.7355714063387));
#11535=CARTESIAN_POINT('Ctrl Pts',(-276.084252941707,-207.875716602487,
78.6258792632043));
#11536=CARTESIAN_POINT('Ctrl Pts',(-276.084252941707,-195.823481229077,
109.327962589371));
#11537=CARTESIAN_POINT('Ctrl Pts',(-276.084252941707,-175.260794367328,
135.115823331002));
#11538=CARTESIAN_POINT('Ctrl Pts',(-276.084252941707,-148.008243647488,
153.694313779323));
#11539=CARTESIAN_POINT('Ctrl Pts',(-276.084252941707,-116.491425056574,
163.417676721714));
#11540=CARTESIAN_POINT('Ctrl Pts',(-276.084252941707,-83.5088694722221,
163.415795402314));
#11541=CARTESIAN_POINT('Ctrl Pts',(-276.084252941707,-51.9908889068255,
153.696135639339));
#11542=CARTESIAN_POINT('Ctrl Pts',(-276.084252941707,-24.7404853365808,
135.114411129599));
#11543=CARTESIAN_POINT('Ctrl Pts',(-276.084252941707,-4.17490118683295,
109.32895204528));
#11544=CARTESIAN_POINT('Ctrl Pts',(-276.084252941707,7.87381898283786,78.6253244626596));
#11545=CARTESIAN_POINT('Ctrl Pts',(-276.084252941707,10.3395823768082,45.7356924895796));
#11546=CARTESIAN_POINT('Ctrl Pts',(-276.084252941707,2.9996397214812,13.5792858231413));
#11547=CARTESIAN_POINT('Ctrl Pts',(-276.084252941707,-12.1179584483554,
-12.6027896748923));
#11548=CARTESIAN_POINT('Ctrl Pts',(-276.084252941707,-31.4624517535876,
-31.9400696197472));
#11549=CARTESIAN_POINT('Ctrl Pts',(-276.084252941707,-52.3033507639263,
-45.0377359059397));
#11550=CARTESIAN_POINT('Ctrl Pts',(-276.084252941707,-75.5393328962856,
-53.1674959489981));
#11551=CARTESIAN_POINT('Ctrl Pts',(-276.084252941707,-91.8460142701275,
-55.0045909800683));
#11552=CARTESIAN_POINT('Ctrl Pts',(-276.084252941707,-100.,-55.0045909800683));
#11553=CARTESIAN_POINT('Ctrl Pts',(-269.218335486997,-100.,-49.6528943170613));
#11554=CARTESIAN_POINT('Ctrl Pts',(-269.218335486997,-107.753543345682,
-49.6528943170613));
#11555=CARTESIAN_POINT('Ctrl Pts',(-269.218335486997,-123.259977852666,
-47.9060316160013));
#11556=CARTESIAN_POINT('Ctrl Pts',(-269.218335486996,-145.354753164873,
-40.1752367142378));
#11557=CARTESIAN_POINT('Ctrl Pts',(-269.218335486997,-165.173214179935,
-27.7209124224815));
#11558=CARTESIAN_POINT('Ctrl Pts',(-269.218335486996,-183.566453931514,
-9.33227264276999));
#11559=CARTESIAN_POINT('Ctrl Pts',(-269.218335486997,-197.944535542252,
15.5635610394398));
#11560=CARTESIAN_POINT('Ctrl Pts',(-269.218335486996,-204.920903412924,
46.1414887183537));
#11561=CARTESIAN_POINT('Ctrl Pts',(-269.218335486997,-202.579612949999,
77.4170876936545));
#11562=CARTESIAN_POINT('Ctrl Pts',(-269.218335486996,-191.119099180802,
106.611895289402));
#11563=CARTESIAN_POINT('Ctrl Pts',(-269.218335486997,-171.565928058967,
131.133651262997));
#11564=CARTESIAN_POINT('Ctrl Pts',(-269.218335486997,-145.651323599187,
148.800116627637));
#11565=CARTESIAN_POINT('Ctrl Pts',(-269.218335486996,-115.68174609167,158.046069699346));
#11566=CARTESIAN_POINT('Ctrl Pts',(-269.218335486997,-84.3185014034044,
158.044322821664));
#11567=CARTESIAN_POINT('Ctrl Pts',(-269.218335486997,-54.3478739163221,
148.801801646008));
#11568=CARTESIAN_POINT('Ctrl Pts',(-269.218335486997,-28.4352777709248,
131.132359205022));
#11569=CARTESIAN_POINT('Ctrl Pts',(-269.218335486996,-8.87941311357446,
106.612837755819));
#11570=CARTESIAN_POINT('Ctrl Pts',(-269.218335486997,2.57785339061623,77.4165665980014));
#11571=CARTESIAN_POINT('Ctrl Pts',(-269.218335486996,4.92250858706665,46.1415914833346));
#11572=CARTESIAN_POINT('Ctrl Pts',(-269.218335486997,-2.05704259862596,
15.5639137918081));
#11573=CARTESIAN_POINT('Ctrl Pts',(-269.218335486996,-16.4324730861023,
-9.33274511651129));
#11574=CARTESIAN_POINT('Ctrl Pts',(-269.218335486997,-34.8272464979572,
-27.720710869994));
#11575=CARTESIAN_POINT('Ctrl Pts',(-269.218335486997,-54.6450161045507,
-40.175338163852));
#11576=CARTESIAN_POINT('Ctrl Pts',(-269.218335486996,-76.7401462794152,
-47.9059770500738));
#11577=CARTESIAN_POINT('Ctrl Pts',(-269.218335486997,-92.2464566543184,
-49.6528943170613));
#11578=CARTESIAN_POINT('Ctrl Pts',(-269.218335486997,-100.,-49.6528943170613));
#11579=CARTESIAN_POINT('Ctrl Pts',(-266.350674078354,-100.,-43.2243369991841));
#11580=CARTESIAN_POINT('Ctrl Pts',(-266.350674078354,-107.272360825781,
-43.2243369991841));
#11581=CARTESIAN_POINT('Ctrl Pts',(-266.350674078355,-121.817617339551,
-41.5857580584656));
#11582=CARTESIAN_POINT('Ctrl Pts',(-266.350674078355,-142.541860522106,
-34.3344566274678));
#11583=CARTESIAN_POINT('Ctrl Pts',(-266.350674078354,-161.131354301262,
-22.6524596971413));
#11584=CARTESIAN_POINT('Ctrl Pts',(-266.350674078354,-178.38378098538,-5.40439140348429));
#11585=CARTESIAN_POINT('Ctrl Pts',(-266.350674078355,-191.870244982463,
17.9477141716996));
#11586=CARTESIAN_POINT('Ctrl Pts',(-266.350674078354,-198.413954668476,
46.6290588553535));
#11587=CARTESIAN_POINT('Ctrl Pts',(-266.350674078355,-196.217797204029,
75.9650586919749));
#11588=CARTESIAN_POINT('Ctrl Pts',(-266.350674078354,-185.468104122048,
103.349322899961));
#11589=CARTESIAN_POINT('Ctrl Pts',(-266.350674078354,-167.127590567425,
126.350121496871));
#11590=CARTESIAN_POINT('Ctrl Pts',(-266.350674078355,-142.820156553943,
142.921136096504));
#11591=CARTESIAN_POINT('Ctrl Pts',(-266.350674078354,-114.709087071214,
151.593553347592));
#11592=CARTESIAN_POINT('Ctrl Pts',(-266.350674078354,-85.2910625367407,
151.592021431364));
#11593=CARTESIAN_POINT('Ctrl Pts',(-266.350674078355,-57.1791474238675,
142.922596512093));
#11594=CARTESIAN_POINT('Ctrl Pts',(-266.350674078354,-32.8735124858464,
126.349038320934));
#11595=CARTESIAN_POINT('Ctrl Pts',(-266.350674078355,-14.5306283060148,
103.350210938296));
#11596=CARTESIAN_POINT('Ctrl Pts',(-266.350674078354,-3.7837394662392,75.9645863008787));
#11597=CARTESIAN_POINT('Ctrl Pts',(-266.350674078355,-1.58462962703861,
46.6291238937039));
#11598=CARTESIAN_POINT('Ctrl Pts',(-266.350674078355,-8.13121760347075,
17.9478896465254));
#11599=CARTESIAN_POINT('Ctrl Pts',(-266.350674078354,-21.6151666099962,
-5.40466733380079));
#11600=CARTESIAN_POINT('Ctrl Pts',(-266.350674078355,-38.8690971036847,
-22.6523430290069));
#11601=CARTESIAN_POINT('Ctrl Pts',(-266.350674078354,-57.4579132643227,
-34.3345154168586));
#11602=CARTESIAN_POINT('Ctrl Pts',(-266.350674078355,-78.1825043584813,
-41.5857264435994));
#11603=CARTESIAN_POINT('Ctrl Pts',(-266.350674078354,-92.7276391742196,
-43.2243369991841));
#11604=CARTESIAN_POINT('Ctrl Pts',(-266.350674078354,-100.,-43.2243369991841));
#11605=CARTESIAN_POINT('Ctrl Pts',(-266.004105217338,-100.,-39.5087014434748));
#11606=CARTESIAN_POINT('Ctrl Pts',(-266.004105217338,-106.995123098998,
-39.5087014434748));
#11607=CARTESIAN_POINT('Ctrl Pts',(-266.004105217338,-120.983497662087,
-37.932850807967));
#11608=CARTESIAN_POINT('Ctrl Pts',(-266.004105217338,-140.916309572276,
-30.9585613327278));
#11609=CARTESIAN_POINT('Ctrl Pts',(-266.004105217338,-158.795134049363,
-19.7231224807699));
#11610=CARTESIAN_POINT('Ctrl Pts',(-266.004105217338,-175.388476387164,
-3.13388104086492));
#11611=CARTESIAN_POINT('Ctrl Pts',(-266.004105217338,-188.359389235965,
19.3252882822798));
#11612=CARTESIAN_POINT('Ctrl Pts',(-266.004105217338,-194.653029023929,
46.9110049556845));
#11613=CARTESIAN_POINT('Ctrl Pts',(-266.004105217338,-192.540940771405,
75.1258349082057));
#11614=CARTESIAN_POINT('Ctrl Pts',(-266.004105217338,-182.201912881724,
101.463494841234));
#11615=CARTESIAN_POINT('Ctrl Pts',(-266.004105217338,-164.562256199286,
123.585674616402));
#11616=CARTESIAN_POINT('Ctrl Pts',(-266.004105217338,-141.183724443017,
139.523042928927));
#11617=CARTESIAN_POINT('Ctrl Pts',(-266.004105217338,-114.147210790602,
147.864297471946));
#11618=CARTESIAN_POINT('Ctrl Pts',(-266.004105217338,-85.8531048605197,
147.862602215076));
#11619=CARTESIAN_POINT('Ctrl Pts',(-266.004105217339,-58.8154881539564,
139.524697464474));
#11620=CARTESIAN_POINT('Ctrl Pts',(-266.004105217338,-35.438862955243,123.584364904171));
#11621=CARTESIAN_POINT('Ctrl Pts',(-266.004105217338,-17.7966018921523,
101.464340574217));
#11622=CARTESIAN_POINT('Ctrl Pts',(-266.004105217338,-7.46077391850345,
75.1253464677174));
#11623=CARTESIAN_POINT('Ctrl Pts',(-266.004105217338,-5.34542224997125,
46.9111327545122));
#11624=CARTESIAN_POINT('Ctrl Pts',(-266.004105217338,-11.6420542534054,
19.3257804377954));
#11625=CARTESIAN_POINT('Ctrl Pts',(-266.004105217338,-24.6106070810184,
-3.1344944539657));
#11626=CARTESIAN_POINT('Ctrl Pts',(-266.004105217338,-41.2052599477462,
-19.7228596399779));
#11627=CARTESIAN_POINT('Ctrl Pts',(-266.004105217338,-59.0834932367574,
-30.9586935578957));
#11628=CARTESIAN_POINT('Ctrl Pts',(-266.004105217338,-79.0166084302114,
-37.932779682611));
#11629=CARTESIAN_POINT('Ctrl Pts',(-266.004105217338,-93.0048769010016,
-39.5087014434748));
#11630=CARTESIAN_POINT('Ctrl Pts',(-266.004105217338,-100.,-39.5087014434748));
#11631=CARTESIAN_POINT('Ctrl Pts',(-266.004105217338,-100.,-38.3182252529986));
#11632=CARTESIAN_POINT('Ctrl Pts',(-266.004105217338,-106.90566363365,-38.3182252529986));
#11633=CARTESIAN_POINT('Ctrl Pts',(-266.004105217338,-120.716573321759,
-36.7623707459352));
#11634=CARTESIAN_POINT('Ctrl Pts',(-266.004105217338,-140.395294582233,
-29.8769284373257));
#11635=CARTESIAN_POINT('Ctrl Pts',(-266.004105217338,-158.046667618868,
-18.7844490943057));
#11636=CARTESIAN_POINT('Ctrl Pts',(-266.004105217338,-174.42863084677,-2.40658906439241));
#11637=CARTESIAN_POINT('Ctrl Pts',(-266.004105217338,-187.234511155688,
19.7669747815854));
#11638=CARTESIAN_POINT('Ctrl Pts',(-266.004105217338,-193.448028170206,
47.0012416778307));
#11639=CARTESIAN_POINT('Ctrl Pts',(-266.004105217338,-191.362743051981,
74.8569268729881));
#11640=CARTESIAN_POINT('Ctrl Pts',(-266.004105217338,-181.155421291768,
100.859352168793));
#11641=CARTESIAN_POINT('Ctrl Pts',(-266.004105217338,-163.740349632295,
122.699681848138));
#11642=CARTESIAN_POINT('Ctrl Pts',(-266.004105217338,-140.659452510451,
138.434383128282));
#11643=CARTESIAN_POINT('Ctrl Pts',(-266.004105217338,-113.966964653677,
146.669293524868));
#11644=CARTESIAN_POINT('Ctrl Pts',(-266.004105217338,-86.0332440238849,
146.667752849133));
#11645=CARTESIAN_POINT('Ctrl Pts',(-266.004105217339,-59.3398408289643,
138.435866789494));
#11646=CARTESIAN_POINT('Ctrl Pts',(-266.004105217338,-36.2607203560099,
122.698549409779));
#11647=CARTESIAN_POINT('Ctrl Pts',(-266.004105217338,-18.8432718902709,
100.860192151242));
#11648=CARTESIAN_POINT('Ctrl Pts',(-266.004105217338,-8.63880790174552,
74.8564650918001));
#11649=CARTESIAN_POINT('Ctrl Pts',(-266.004105217338,-6.55055498380707,
47.0013287405647));
#11650=CARTESIAN_POINT('Ctrl Pts',(-266.004105217338,-12.7668919006896,
19.7672668302286));
#11651=CARTESIAN_POINT('Ctrl Pts',(-266.004105217338,-25.5704069530129,
-2.40698605682014));
#11652=CARTESIAN_POINT('Ctrl Pts',(-266.004105217338,-41.9537454330543,
-18.7842798896194));
#11653=CARTESIAN_POINT('Ctrl Pts',(-266.004105217338,-59.6044985225277,
-29.8770136143023));
#11654=CARTESIAN_POINT('Ctrl Pts',(-266.004105217338,-79.2835379864534,
-36.7623249332633));
#11655=CARTESIAN_POINT('Ctrl Pts',(-266.004105217338,-93.0943363663502,
-38.3182252529986));
#11656=CARTESIAN_POINT('Ctrl Pts',(-266.004105217338,-100.,-38.3182252529986));
#11657=CARTESIAN_POINT('',(-283.681774747002,-100.,-55.9958947826623));
#11658=CARTESIAN_POINT('',(-266.004105217338,-100.,-38.3182252529986));
#11659=CARTESIAN_POINT('Ctrl Pts',(-283.681774747002,-100.,-55.9958947826623));
#11660=CARTESIAN_POINT('Ctrl Pts',(-281.300822366049,-100.,-55.9958947826623));
#11661=CARTESIAN_POINT('Ctrl Pts',(-276.084252941707,-100.,-55.0045909800683));
#11662=CARTESIAN_POINT('Ctrl Pts',(-269.218335486997,-100.,-49.6528943170613));
#11663=CARTESIAN_POINT('Ctrl Pts',(-266.350674078354,-100.,-43.2243369991841));
#11664=CARTESIAN_POINT('Ctrl Pts',(-266.004105217338,-100.,-39.5087014434748));
#11665=CARTESIAN_POINT('Ctrl Pts',(-266.004105217338,-100.,-38.3182252529986));
#11666=CARTESIAN_POINT('Ctrl Pts',(-266.004105217338,-100.,-38.3182252529986));
#11667=CARTESIAN_POINT('Ctrl Pts',(-266.004105217338,-106.90566363365,-38.3182252529986));
#11668=CARTESIAN_POINT('Ctrl Pts',(-266.004105217338,-120.716573321759,
-36.7623707459352));
#11669=CARTESIAN_POINT('Ctrl Pts',(-266.004105217338,-140.395294582233,
-29.8769284373257));
#11670=CARTESIAN_POINT('Ctrl Pts',(-266.004105217338,-158.046667618868,
-18.7844490943057));
#11671=CARTESIAN_POINT('Ctrl Pts',(-266.004105217338,-174.42863084677,-2.40658906439241));
#11672=CARTESIAN_POINT('Ctrl Pts',(-266.004105217338,-187.234511155688,
19.7669747815854));
#11673=CARTESIAN_POINT('Ctrl Pts',(-266.004105217338,-193.448028170206,
47.0012416778307));
#11674=CARTESIAN_POINT('Ctrl Pts',(-266.004105217338,-191.362743051981,
74.8569268729881));
#11675=CARTESIAN_POINT('Ctrl Pts',(-266.004105217338,-181.155421291768,
100.859352168793));
#11676=CARTESIAN_POINT('Ctrl Pts',(-266.004105217338,-163.740349632295,
122.699681848138));
#11677=CARTESIAN_POINT('Ctrl Pts',(-266.004105217338,-140.659452510451,
138.434383128282));
#11678=CARTESIAN_POINT('Ctrl Pts',(-266.004105217338,-113.966964653677,
146.669293524868));
#11679=CARTESIAN_POINT('Ctrl Pts',(-266.004105217338,-86.0332440238849,
146.667752849133));
#11680=CARTESIAN_POINT('Ctrl Pts',(-266.004105217339,-59.3398408289643,
138.435866789494));
#11681=CARTESIAN_POINT('Ctrl Pts',(-266.004105217338,-36.2607203560099,
122.698549409779));
#11682=CARTESIAN_POINT('Ctrl Pts',(-266.004105217338,-18.8432718902709,
100.860192151242));
#11683=CARTESIAN_POINT('Ctrl Pts',(-266.004105217338,-8.63880790174552,
74.8564650918001));
#11684=CARTESIAN_POINT('Ctrl Pts',(-266.004105217338,-6.55055498380707,
47.0013287405647));
#11685=CARTESIAN_POINT('Ctrl Pts',(-266.004105217338,-12.7668919006896,
19.7672668302286));
#11686=CARTESIAN_POINT('Ctrl Pts',(-266.004105217338,-25.5704069530129,
-2.40698605682014));
#11687=CARTESIAN_POINT('Ctrl Pts',(-266.004105217338,-41.9537454330543,
-18.7842798896194));
#11688=CARTESIAN_POINT('Ctrl Pts',(-266.004105217338,-59.6044985225277,
-29.8770136143023));
#11689=CARTESIAN_POINT('Ctrl Pts',(-266.004105217338,-79.2835379864534,
-36.7623249332633));
#11690=CARTESIAN_POINT('Ctrl Pts',(-266.004105217338,-93.0943363663502,
-38.3182252529986));
#11691=CARTESIAN_POINT('Ctrl Pts',(-266.004105217338,-100.,-38.3182252529986));
#11692=CARTESIAN_POINT('Ctrl Pts',(-283.681774747002,-100.,-55.9958947826623));
#11693=CARTESIAN_POINT('Ctrl Pts',(-283.681774747002,-91.7720556247706,
-55.9958947826623));
#11694=CARTESIAN_POINT('Ctrl Pts',(-283.681774747002,-75.3167970318696,
-54.1420742140201));
#11695=CARTESIAN_POINT('Ctrl Pts',(-283.681774747001,-51.8696599199294,
-45.9383791683339));
#11696=CARTESIAN_POINT('Ctrl Pts',(-283.681774747002,-30.8391808370176,
-32.7216340591193));
#11697=CARTESIAN_POINT('Ctrl Pts',(-283.681774747001,-11.3187980258016,
-13.2084533104297));
#11698=CARTESIAN_POINT('Ctrl Pts',(-283.681774747002,3.93630492253745,13.2116750068367));
#11699=CARTESIAN_POINT('Ctrl Pts',(-283.681774747001,11.3429318715483,45.6604530530054));
#11700=CARTESIAN_POINT('Ctrl Pts',(-283.681774747002,8.85482504188985,78.8492274592189));
#11701=CARTESIAN_POINT('Ctrl Pts',(-283.681774747002,-3.30356646555226,
109.832088939927));
#11702=CARTESIAN_POINT('Ctrl Pts',(-283.681774747002,-24.0560682868411,
135.852005098899));
#11703=CARTESIAN_POINT('Ctrl Pts',(-283.681774747002,-51.5543261740884,
154.602668161125));
#11704=CARTESIAN_POINT('Ctrl Pts',(-283.681774747002,-83.3589214056257,
164.410777011357));
#11705=CARTESIAN_POINT('Ctrl Pts',(-283.681774747001,-116.64132722904,164.412612692172));
#11706=CARTESIAN_POINT('Ctrl Pts',(-283.681774747002,-148.444831855568,
154.600900411843));
#11707=CARTESIAN_POINT('Ctrl Pts',(-283.681774747002,-175.945206580387,
135.853354373976));
#11708=CARTESIAN_POINT('Ctrl Pts',(-283.681774747001,-196.694876489961,
109.831088119552));
#11709=CARTESIAN_POINT('Ctrl Pts',(-283.681774747002,-208.856672968703,
78.849777661217));
#11710=CARTESIAN_POINT('Ctrl Pts',(-283.681774747001,-211.341243731119,
45.6603493196973));
#11711=CARTESIAN_POINT('Ctrl Pts',(-283.681774747002,-203.937976632954,
13.2113270373847));
#11712=CARTESIAN_POINT('Ctrl Pts',(-283.681774747002,-188.680055534075,
-13.2079803027963));
#11713=CARTESIAN_POINT('Ctrl Pts',(-283.681774747002,-169.161311305145,
-32.7218356627333));
#11714=CARTESIAN_POINT('Ctrl Pts',(-283.681774747002,-148.130093569002,
-45.9382776818639));
#11715=CARTESIAN_POINT('Ctrl Pts',(-283.681774747002,-124.683335589385,
-54.1421287987982));
#11716=CARTESIAN_POINT('Ctrl Pts',(-283.681774747002,-108.22794437523,-55.9958947826623));
#11717=CARTESIAN_POINT('Ctrl Pts',(-283.681774747002,-100.,-55.9958947826623));
#11718=CARTESIAN_POINT('Origin',(-266.004105217338,-100.,54.0041052173377));
#11719=CARTESIAN_POINT('',(-328.326435687674,-100.,-55.9958947826623));
#11720=CARTESIAN_POINT('Ctrl Pts',(-328.326435687674,-100.,-55.9958947826623));
#11721=CARTESIAN_POINT('Ctrl Pts',(-328.326435687674,-108.22794437523,-55.9958947826623));
#11722=CARTESIAN_POINT('Ctrl Pts',(-328.326435687674,-124.68333939162,-54.1421227324737));
#11723=CARTESIAN_POINT('Ctrl Pts',(-328.326435687674,-148.130086930664,
-45.9382766625204));
#11724=CARTESIAN_POINT('Ctrl Pts',(-328.326435687675,-169.16132233079,-32.7218388321688));
#11725=CARTESIAN_POINT('Ctrl Pts',(-328.326435687674,-188.680038816408,
-13.2079797789644));
#11726=CARTESIAN_POINT('Ctrl Pts',(-328.326435687675,-203.93801641726,13.2113301838327));
#11727=CARTESIAN_POINT('Ctrl Pts',(-328.326435687674,-211.341195548837,
45.6603438417596));
#11728=CARTESIAN_POINT('Ctrl Pts',(-328.326435687674,-208.856731443783,
78.849794264001));
#11729=CARTESIAN_POINT('Ctrl Pts',(-328.326435687675,-196.694832037145,
109.831065488657));
#11730=CARTESIAN_POINT('Ctrl Pts',(-328.326435687674,-175.945241190433,
135.853379020751));
#11731=CARTESIAN_POINT('Ctrl Pts',(-328.326435687675,-148.444822508222,
154.600879307343));
#11732=CARTESIAN_POINT('Ctrl Pts',(-328.326435687674,-116.641323255308,
164.412655301941));
#11733=CARTESIAN_POINT('Ctrl Pts',(-328.326435687675,-83.3589337771448,
164.410728291012));
#11734=CARTESIAN_POINT('Ctrl Pts',(-328.326435687674,-51.5542989638421,
154.602723440775));
#11735=CARTESIAN_POINT('Ctrl Pts',(-328.326435687675,-24.0560996400712,
135.851965654679));
#11736=CARTESIAN_POINT('Ctrl Pts',(-328.326435687674,-3.30353433595756,
109.832117743445));
#11737=CARTESIAN_POINT('Ctrl Pts',(-328.326435687674,8.85480145542624,78.8492219816531));
#11738=CARTESIAN_POINT('Ctrl Pts',(-328.326435687674,11.3429725064127,45.6604437293561));
#11739=CARTESIAN_POINT('Ctrl Pts',(-328.326435687674,3.93625934330357,13.211692213004));
#11740=CARTESIAN_POINT('Ctrl Pts',(-328.326435687675,-11.3187670874248,
-13.2084662153569));
#11741=CARTESIAN_POINT('Ctrl Pts',(-328.326435687674,-30.8391831782263,
-32.7216357075382));
#11742=CARTESIAN_POINT('Ctrl Pts',(-328.326435687675,-51.8696604805134,
-45.938378775062));
#11743=CARTESIAN_POINT('Ctrl Pts',(-328.326435687674,-75.3167964241074,
-54.1420678566446));
#11744=CARTESIAN_POINT('Ctrl Pts',(-328.326435687674,-91.7720556247706,
-55.9958947826623));
#11745=CARTESIAN_POINT('Ctrl Pts',(-328.326435687674,-100.,-55.9958947826623));
#11746=CARTESIAN_POINT('',(-266.004105217338,-100.,-55.9958947826623));
#11747=CARTESIAN_POINT('Origin',(-266.004105217338,-100.,54.0041052173377));
#11748=CARTESIAN_POINT('Ctrl Pts',(-346.004105217338,-100.,-38.3182252529986));
#11749=CARTESIAN_POINT('Ctrl Pts',(-346.004105217338,-106.90566363365,-38.3182252529986));
#11750=CARTESIAN_POINT('Ctrl Pts',(-346.004105217338,-120.716576512951,
-36.762365654506));
#11751=CARTESIAN_POINT('Ctrl Pts',(-346.004105217338,-140.395289010716,
-29.8769275817969));
#11752=CARTESIAN_POINT('Ctrl Pts',(-346.004105217338,-158.046676872624,
-18.7844517543935));
#11753=CARTESIAN_POINT('Ctrl Pts',(-346.004105217338,-174.428616815734,
-2.40658862474352));
#11754=CARTESIAN_POINT('Ctrl Pts',(-346.004105217339,-187.234544546414,
19.7669774223802));
#11755=CARTESIAN_POINT('Ctrl Pts',(-346.004105217338,-193.44798773111,47.0012370802309));
#11756=CARTESIAN_POINT('Ctrl Pts',(-346.004105217338,-191.36279212976,74.8569408076038));
#11757=CARTESIAN_POINT('Ctrl Pts',(-346.004105217338,-181.155383982791,
100.85933317482));
#11758=CARTESIAN_POINT('Ctrl Pts',(-346.004105217338,-163.740378680296,
122.699702534026));
#11759=CARTESIAN_POINT('Ctrl Pts',(-346.004105217338,-140.659444665281,
138.434365415404));
#11760=CARTESIAN_POINT('Ctrl Pts',(-346.004105217338,-113.966961318547,
146.669329286987));
#11761=CARTESIAN_POINT('Ctrl Pts',(-346.004105217338,-86.0332544072256,
146.667711958444));
#11762=CARTESIAN_POINT('Ctrl Pts',(-346.004105217338,-59.3398179915701,
138.435913185369));
#11763=CARTESIAN_POINT('Ctrl Pts',(-346.004105217338,-36.2607466705851,
122.698516304484));
#11764=CARTESIAN_POINT('Ctrl Pts',(-346.004105217338,-18.8432449240977,
100.860216325859));
#11765=CARTESIAN_POINT('Ctrl Pts',(-346.004105217338,-8.63882769772085,
74.8564604945124));
#11766=CARTESIAN_POINT('Ctrl Pts',(-346.004105217338,-6.55052087921273,
47.0013209152826));
#11767=CARTESIAN_POINT('Ctrl Pts',(-346.004105217338,-12.7669301550632,
19.7672812712601));
#11768=CARTESIAN_POINT('Ctrl Pts',(-346.004105217338,-25.5703809866216,
-2.40699688784697));
#11769=CARTESIAN_POINT('Ctrl Pts',(-346.004105217338,-41.9537473980164,
-18.7842812731274));
#11770=CARTESIAN_POINT('Ctrl Pts',(-346.004105217338,-59.6044989930224,
-29.8770132842316));
#11771=CARTESIAN_POINT('Ctrl Pts',(-346.004105217338,-79.2835374763623,
-36.7623195975566));
#11772=CARTESIAN_POINT('Ctrl Pts',(-346.004105217338,-93.0943363663502,
-38.3182252529986));
#11773=CARTESIAN_POINT('Ctrl Pts',(-346.004105217338,-100.,-38.3182252529986));
#11774=CARTESIAN_POINT('Ctrl Pts',(-346.004105217338,-100.,-40.699177633951));
#11775=CARTESIAN_POINT('Ctrl Pts',(-346.004105217338,-107.082822521558,
-40.699177633951));
#11776=CARTESIAN_POINT('Ctrl Pts',(-346.004105217338,-121.251317330745,
-39.1030339545139));
#11777=CARTESIAN_POINT('Ctrl Pts',(-346.004105217338,-141.43677737039,-32.0401658302176));
#11778=CARTESIAN_POINT('Ctrl Pts',(-346.004105217338,-159.543743152751,
-20.6614443049322));
#11779=CARTESIAN_POINT('Ctrl Pts',(-346.004105217338,-176.347849370782,
-3.86165817441684));
#11780=CARTESIAN_POINT('Ctrl Pts',(-346.004105217339,-189.484261289191,
18.8845105186641));
#11781=CARTESIAN_POINT('Ctrl Pts',(-346.004105217338,-195.85794730045,46.8204856675087));
#11782=CARTESIAN_POINT('Ctrl Pts',(-346.004105217338,-193.71876812678,75.394688410104));
#11783=CARTESIAN_POINT('Ctrl Pts',(-346.004105217338,-183.248319076623,
102.067815641563));
#11784=CARTESIAN_POINT('Ctrl Pts',(-346.004105217338,-165.384242715478,
124.470903114998));
#11785=CARTESIAN_POINT('Ctrl Pts',(-346.004105217338,-141.708086084118,
140.611899452754));
#11786=CARTESIAN_POINT('Ctrl Pts',(-346.004105217338,-114.326813555581,
149.05886924176));
#11787=CARTESIAN_POINT('Ctrl Pts',(-346.004105217338,-85.6731560065106,
149.057529162644));
#11788=CARTESIAN_POINT('Ctrl Pts',(-346.004105217338,-58.2913271290078,
140.61312807188));
#11789=CARTESIAN_POINT('Ctrl Pts',(-346.004105217338,-34.616830699135,124.470075301783));
#11790=CARTESIAN_POINT('Ctrl Pts',(-346.004105217338,-16.7506602730485,
102.068737096178));
#11791=CARTESIAN_POINT('Ctrl Pts',(-346.004105217338,-6.28255294308051,
75.3942450531235));
#11792=CARTESIAN_POINT('Ctrl Pts',(-346.004105217338,-4.14079337342793,
46.8204727812421));
#11793=CARTESIAN_POINT('Ctrl Pts',(-346.004105217338,-10.5171985425359,
18.8843531668757));
#11794=CARTESIAN_POINT('Ctrl Pts',(-346.004105217338,-23.6509827140764,
-3.86157494408213));
#11795=CARTESIAN_POINT('Ctrl Pts',(-346.004105217338,-40.4567491521954,
-20.6614829544844));
#11796=CARTESIAN_POINT('Ctrl Pts',(-346.004105217338,-58.5629761853226,
-32.0401466736851));
#11797=CARTESIAN_POINT('Ctrl Pts',(-346.004105217338,-78.7488151590838,
-39.1030442758238));
#11798=CARTESIAN_POINT('Ctrl Pts',(-346.004105217338,-92.9171774784425,
-40.699177633951));
#11799=CARTESIAN_POINT('Ctrl Pts',(-346.004105217338,-100.,-40.699177633951));
#11800=CARTESIAN_POINT('Ctrl Pts',(-345.01278989161,-100.,-45.9158093114151));
#11801=CARTESIAN_POINT('Ctrl Pts',(-345.01278989161,-107.474038221989,-45.9158093114151));
#11802=CARTESIAN_POINT('Ctrl Pts',(-345.01278989161,-122.421389021962,-44.2319250999622));
#11803=CARTESIAN_POINT('Ctrl Pts',(-345.01278989161,-143.719607794064,-36.7798439768506));
#11804=CARTESIAN_POINT('Ctrl Pts',(-345.01278989161,-162.823570757326,-24.7745375813584));
#11805=CARTESIAN_POINT('Ctrl Pts',(-345.01278989161,-180.553674683424,-7.04883427591559));
#11806=CARTESIAN_POINT('Ctrl Pts',(-345.01278989161,-194.413435808535,16.9494216733745));
#11807=CARTESIAN_POINT('Ctrl Pts',(-345.012789891611,-201.138208700516,
46.4249550149384));
#11808=CARTESIAN_POINT('Ctrl Pts',(-345.01278989161,-198.881431325582,76.5730095677311));
#11809=CARTESIAN_POINT('Ctrl Pts',(-345.012789891611,-187.83399636831,104.715233447894));
#11810=CARTESIAN_POINT('Ctrl Pts',(-345.01278989161,-168.985834102241,128.352981888662));
#11811=CARTESIAN_POINT('Ctrl Pts',(-345.012789891611,-144.005473077721,
145.382468865423));
#11812=CARTESIAN_POINT('Ctrl Pts',(-345.01278989161,-115.116389559769,154.295153092583));
#11813=CARTESIAN_POINT('Ctrl Pts',(-345.01278989161,-84.8838652229817,154.293375673433));
#11814=CARTESIAN_POINT('Ctrl Pts',(-345.01278989161,-55.9937145490165,145.38417439609));
#11815=CARTESIAN_POINT('Ctrl Pts',(-345.01278989161,-31.0153907100254,128.351665117074));
#11816=CARTESIAN_POINT('Ctrl Pts',(-345.01278989161,-12.1644870546766,104.716187962948));
#11817=CARTESIAN_POINT('Ctrl Pts',(-345.01278989161,-1.12035062387549,76.5724855517202));
#11818=CARTESIAN_POINT('Ctrl Pts',(-345.012789891611,1.13984571775525,46.4250541177588));
#11819=CARTESIAN_POINT('Ctrl Pts',(-345.01278989161,-5.58816472932774,16.9497902224598));
#11820=CARTESIAN_POINT('Ctrl Pts',(-345.012789891611,-19.4452524814658,
-7.04931862351422));
#11821=CARTESIAN_POINT('Ctrl Pts',(-345.01278989161,-37.1768835964683,-24.7743349993647));
#11822=CARTESIAN_POINT('Ctrl Pts',(-345.012789891611,-56.2801652163106,
-36.7799457935048));
#11823=CARTESIAN_POINT('Ctrl Pts',(-345.01278989161,-77.5787330310698,-44.2318703809029));
#11824=CARTESIAN_POINT('Ctrl Pts',(-345.01278989161,-92.5259617780112,-45.9158093114151));
#11825=CARTESIAN_POINT('Ctrl Pts',(-345.01278989161,-100.,-45.9158093114151));
#11826=CARTESIAN_POINT('Ctrl Pts',(-339.66110036675,-100.,-52.781701744909));
#11827=CARTESIAN_POINT('Ctrl Pts',(-339.66110036675,-107.987138605507,-52.781701744909));
#11828=CARTESIAN_POINT('Ctrl Pts',(-339.66110036675,-123.962287409409,-50.9820311480991));
#11829=CARTESIAN_POINT('Ctrl Pts',(-339.66110036675,-146.723609863715,-43.0179596716326));
#11830=CARTESIAN_POINT('Ctrl Pts',(-339.66110036675,-167.140460904334,-30.1876328754858));
#11831=CARTESIAN_POINT('Ctrl Pts',(-339.66110036675,-186.088711060987,-11.244155199184));
#11832=CARTESIAN_POINT('Ctrl Pts',(-339.66110036675,-200.900944308577,14.4034961005298));
#11833=CARTESIAN_POINT('Ctrl Pts',(-339.66110036675,-208.08780336679,45.9040859314325));
#11834=CARTESIAN_POINT('Ctrl Pts',(-339.661100366749,-205.675849635493,
78.1237891789797));
#11835=CARTESIAN_POINT('Ctrl Pts',(-339.66110036675,-193.869404176499,108.199849259021));
#11836=CARTESIAN_POINT('Ctrl Pts',(-339.661100366749,-173.726137453784,
133.461571569144));
#11837=CARTESIAN_POINT('Ctrl Pts',(-339.66110036675,-147.029289388368,151.661495243968));
#11838=CARTESIAN_POINT('Ctrl Pts',(-339.661100366749,-116.154920644486,
161.186419059964));
#11839=CARTESIAN_POINT('Ctrl Pts',(-339.66110036675,-83.8452250378765,161.184679929761));
#11840=CARTESIAN_POINT('Ctrl Pts',(-339.66110036675,-52.9699277041493,151.663137373649));
#11841=CARTESIAN_POINT('Ctrl Pts',(-339.66110036675,-26.2751308016296,133.460359970962));
#11842=CARTESIAN_POINT('Ctrl Pts',(-339.66110036675,-6.12916907800029,108.200877172217));
#11843=CARTESIAN_POINT('Ctrl Pts',(-339.66110036675,5.67411651376216,78.12325397317));
#11844=CARTESIAN_POINT('Ctrl Pts',(-339.66110036675,8.08941680753996,45.9041421100714));
#11845=CARTESIAN_POINT('Ctrl Pts',(-339.66110036675,0.899260398597813,14.403654069516));
#11846=CARTESIAN_POINT('Ctrl Pts',(-339.66110036675,-13.9100720361619,-11.2444203333901));
#11847=CARTESIAN_POINT('Ctrl Pts',(-339.66110036675,-32.8600533849093,-30.187523768057));
#11848=CARTESIAN_POINT('Ctrl Pts',(-339.66110036675,-53.2761329732895,-43.0180146334877));
#11849=CARTESIAN_POINT('Ctrl Pts',(-339.66110036675,-76.0378508567474,-50.9820016222283));
#11850=CARTESIAN_POINT('Ctrl Pts',(-339.66110036675,-92.0128613944929,-52.781701744909));
#11851=CARTESIAN_POINT('Ctrl Pts',(-339.66110036675,-100.,-52.781701744909));
#11852=CARTESIAN_POINT('Ctrl Pts',(-333.232545871378,-100.,-55.6493539414624));
#11853=CARTESIAN_POINT('Ctrl Pts',(-333.232545871378,-108.202176114549,
-55.6493539414624));
#11854=CARTESIAN_POINT('Ctrl Pts',(-333.232545871379,-124.605500999576,
-53.8014479685089));
#11855=CARTESIAN_POINT('Ctrl Pts',(-333.232545871378,-147.97850641869,-45.623423793237));
#11856=CARTESIAN_POINT('Ctrl Pts',(-333.232545871378,-168.943427380937,
-32.448651347611));
#11857=CARTESIAN_POINT('Ctrl Pts',(-333.232545871378,-188.400704427651,
-12.9961938569841));
#11858=CARTESIAN_POINT('Ctrl Pts',(-333.232545871379,-203.610576976209,
13.3397619089744));
#11859=CARTESIAN_POINT('Ctrl Pts',(-333.232545871378,-210.990433205281,
45.6866543850904));
#11860=CARTESIAN_POINT('Ctrl Pts',(-333.232545871378,-208.513829959845,
78.771527308085));
#11861=CARTESIAN_POINT('Ctrl Pts',(-333.232545871378,-196.390211768221,
109.655172399009));
#11862=CARTESIAN_POINT('Ctrl Pts',(-333.232545871378,-175.705980965661,
135.595593479559));
#11863=CARTESIAN_POINT('Ctrl Pts',(-333.232545871379,-148.292194802287,
154.283943377559));
#11864=CARTESIAN_POINT('Ctrl Pts',(-333.232545871378,-116.588954033352,
164.064869129652));
#11865=CARTESIAN_POINT('Ctrl Pts',(-333.232545871379,-83.4113433259075,
164.062896066024));
#11866=CARTESIAN_POINT('Ctrl Pts',(-333.232545871378,-51.7069017264744,
154.285840379045));
#11867=CARTESIAN_POINT('Ctrl Pts',(-333.232545871378,-24.2953688707551,
135.594120995394));
#11868=CARTESIAN_POINT('Ctrl Pts',(-333.232545871378,-3.60809670460744,
109.656218801343));
#11869=CARTESIAN_POINT('Ctrl Pts',(-333.232545871378,8.51185040282884,78.7709487651138));
#11870=CARTESIAN_POINT('Ctrl Pts',(-333.232545871379,10.9922487733645,45.6867701172534));
#11871=CARTESIAN_POINT('Ctrl Pts',(-333.232545871378,3.60881679264575,13.3401994463149));
#11872=CARTESIAN_POINT('Ctrl Pts',(-333.232545871379,-11.5981280954026,
-12.9967608000269));
#11873=CARTESIAN_POINT('Ctrl Pts',(-333.232545871378,-31.0570672056315,
-32.4484139688327));
#11874=CARTESIAN_POINT('Ctrl Pts',(-333.232545871378,-52.0212465241872,
-45.6235430810377));
#11875=CARTESIAN_POINT('Ctrl Pts',(-333.232545871378,-75.3946318453811,
-53.8013838582747));
#11876=CARTESIAN_POINT('Ctrl Pts',(-333.232545871378,-91.7978238854514,
-55.6493539414624));
#11877=CARTESIAN_POINT('Ctrl Pts',(-333.232545871378,-100.,-55.6493539414624));
#11878=CARTESIAN_POINT('Ctrl Pts',(-329.516911878151,-100.,-55.9958947826623));
#11879=CARTESIAN_POINT('Ctrl Pts',(-329.516911878151,-108.227475628813,
-55.9958947826623));
#11880=CARTESIAN_POINT('Ctrl Pts',(-329.516911878151,-124.683574681772,
-54.142042960399));
#11881=CARTESIAN_POINT('Ctrl Pts',(-329.516911878151,-148.129942361934,
-45.9382682561664));
#11882=CARTESIAN_POINT('Ctrl Pts',(-329.516911878151,-169.1613563967,-32.7217423979848));
#11883=CARTESIAN_POINT('Ctrl Pts',(-329.51691187815,-188.679914101928,-13.2081113659013));
#11884=CARTESIAN_POINT('Ctrl Pts',(-329.516911878151,-203.938004451149,
13.2115776005657));
#11885=CARTESIAN_POINT('Ctrl Pts',(-329.51691187815,-211.341184010808,45.6602683943331));
#11886=CARTESIAN_POINT('Ctrl Pts',(-329.516911878151,-208.856615999169,
78.8497752791297));
#11887=CARTESIAN_POINT('Ctrl Pts',(-329.51691187815,-196.694818684435,109.831118974184));
#11888=CARTESIAN_POINT('Ctrl Pts',(-329.516911878151,-175.945255048009,
135.853164121769));
#11889=CARTESIAN_POINT('Ctrl Pts',(-329.51691187815,-148.44484866723,154.600936793614));
#11890=CARTESIAN_POINT('Ctrl Pts',(-329.51691187815,-116.641148034196,164.412527230563));
#11891=CARTESIAN_POINT('Ctrl Pts',(-329.516911878151,-83.3589828188389,
164.410760099641));
#11892=CARTESIAN_POINT('Ctrl Pts',(-329.516911878151,-51.5543578036111,
154.602600942953));
#11893=CARTESIAN_POINT('Ctrl Pts',(-329.51691187815,-24.05604520163,135.851945748117));
#11894=CARTESIAN_POINT('Ctrl Pts',(-329.516911878151,-3.30374107406827,
109.832179012203));
#11895=CARTESIAN_POINT('Ctrl Pts',(-329.51691187815,8.85485670420642,78.8492277302797));
#11896=CARTESIAN_POINT('Ctrl Pts',(-329.516911878151,11.3428253660357,45.6603187161674));
#11897=CARTESIAN_POINT('Ctrl Pts',(-329.51691187815,3.93627389439595,13.2117045228404));
#11898=CARTESIAN_POINT('Ctrl Pts',(-329.516911878151,-11.3188216907803,
-13.208346161227));
#11899=CARTESIAN_POINT('Ctrl Pts',(-329.51691187815,-30.8391777302261,-32.7216463049935));
#11900=CARTESIAN_POINT('Ctrl Pts',(-329.516911878151,-51.8697905225133,
-45.9383166997713));
#11901=CARTESIAN_POINT('Ctrl Pts',(-329.51691187815,-75.3165689338699,-54.1420169398215));
#11902=CARTESIAN_POINT('Ctrl Pts',(-329.516911878151,-91.7725243711874,
-55.9958947826623));
#11903=CARTESIAN_POINT('Ctrl Pts',(-329.516911878151,-100.,-55.9958947826623));
#11904=CARTESIAN_POINT('Ctrl Pts',(-328.326435687674,-100.,-55.9958947826623));
#11905=CARTESIAN_POINT('Ctrl Pts',(-328.326435687674,-108.22794437523,-55.9958947826623));
#11906=CARTESIAN_POINT('Ctrl Pts',(-328.326435687674,-124.68333939162,-54.1421227324737));
#11907=CARTESIAN_POINT('Ctrl Pts',(-328.326435687674,-148.130086930664,
-45.9382766625204));
#11908=CARTESIAN_POINT('Ctrl Pts',(-328.326435687675,-169.16132233079,-32.7218388321688));
#11909=CARTESIAN_POINT('Ctrl Pts',(-328.326435687674,-188.680038816408,
-13.2079797789644));
#11910=CARTESIAN_POINT('Ctrl Pts',(-328.326435687675,-203.93801641726,13.2113301838327));
#11911=CARTESIAN_POINT('Ctrl Pts',(-328.326435687674,-211.341195548837,
45.6603438417596));
#11912=CARTESIAN_POINT('Ctrl Pts',(-328.326435687674,-208.856731443783,
78.849794264001));
#11913=CARTESIAN_POINT('Ctrl Pts',(-328.326435687675,-196.694832037145,
109.831065488657));
#11914=CARTESIAN_POINT('Ctrl Pts',(-328.326435687674,-175.945241190433,
135.853379020751));
#11915=CARTESIAN_POINT('Ctrl Pts',(-328.326435687675,-148.444822508222,
154.600879307343));
#11916=CARTESIAN_POINT('Ctrl Pts',(-328.326435687674,-116.641323255308,
164.412655301941));
#11917=CARTESIAN_POINT('Ctrl Pts',(-328.326435687675,-83.3589337771448,
164.410728291012));
#11918=CARTESIAN_POINT('Ctrl Pts',(-328.326435687674,-51.5542989638421,
154.602723440775));
#11919=CARTESIAN_POINT('Ctrl Pts',(-328.326435687675,-24.0560996400712,
135.851965654679));
#11920=CARTESIAN_POINT('Ctrl Pts',(-328.326435687674,-3.30353433595756,
109.832117743445));
#11921=CARTESIAN_POINT('Ctrl Pts',(-328.326435687674,8.85480145542624,78.8492219816531));
#11922=CARTESIAN_POINT('Ctrl Pts',(-328.326435687674,11.3429725064127,45.6604437293561));
#11923=CARTESIAN_POINT('Ctrl Pts',(-328.326435687674,3.93625934330357,13.211692213004));
#11924=CARTESIAN_POINT('Ctrl Pts',(-328.326435687675,-11.3187670874248,
-13.2084662153569));
#11925=CARTESIAN_POINT('Ctrl Pts',(-328.326435687674,-30.8391831782263,
-32.7216357075382));
#11926=CARTESIAN_POINT('Ctrl Pts',(-328.326435687675,-51.8696604805134,
-45.938378775062));
#11927=CARTESIAN_POINT('Ctrl Pts',(-328.326435687674,-75.3167964241074,
-54.1420678566446));
#11928=CARTESIAN_POINT('Ctrl Pts',(-328.326435687674,-91.7720556247706,
-55.9958947826623));
#11929=CARTESIAN_POINT('Ctrl Pts',(-328.326435687674,-100.,-55.9958947826623));
#11930=CARTESIAN_POINT('',(-346.004105217338,-100.,-38.3182252529986));
#11931=CARTESIAN_POINT('Ctrl Pts',(-346.004105217338,-100.,-38.3182252529986));
#11932=CARTESIAN_POINT('Ctrl Pts',(-346.004105217338,-100.,-40.699177633951));
#11933=CARTESIAN_POINT('Ctrl Pts',(-345.01278989161,-100.,-45.9158093114151));
#11934=CARTESIAN_POINT('Ctrl Pts',(-339.66110036675,-100.,-52.781701744909));
#11935=CARTESIAN_POINT('Ctrl Pts',(-333.232545871378,-100.,-55.6493539414624));
#11936=CARTESIAN_POINT('Ctrl Pts',(-329.516911878151,-100.,-55.9958947826623));
#11937=CARTESIAN_POINT('Ctrl Pts',(-328.326435687674,-100.,-55.9958947826623));
#11938=CARTESIAN_POINT('Ctrl Pts',(-346.004105217338,-100.,-38.3182252529986));
#11939=CARTESIAN_POINT('Ctrl Pts',(-346.004105217338,-93.0943363663502,
-38.3182252529986));
#11940=CARTESIAN_POINT('Ctrl Pts',(-346.004105217338,-79.2835374763623,
-36.7623195975566));
#11941=CARTESIAN_POINT('Ctrl Pts',(-346.004105217338,-59.6044989930224,
-29.8770132842316));
#11942=CARTESIAN_POINT('Ctrl Pts',(-346.004105217338,-41.9537473980164,
-18.7842812731274));
#11943=CARTESIAN_POINT('Ctrl Pts',(-346.004105217338,-25.5703809866216,
-2.40699688784697));
#11944=CARTESIAN_POINT('Ctrl Pts',(-346.004105217338,-12.7669301550632,
19.7672812712601));
#11945=CARTESIAN_POINT('Ctrl Pts',(-346.004105217338,-6.55052087921273,
47.0013209152826));
#11946=CARTESIAN_POINT('Ctrl Pts',(-346.004105217338,-8.63882769772085,
74.8564604945124));
#11947=CARTESIAN_POINT('Ctrl Pts',(-346.004105217338,-18.8432449240977,
100.860216325859));
#11948=CARTESIAN_POINT('Ctrl Pts',(-346.004105217338,-36.2607466705851,
122.698516304484));
#11949=CARTESIAN_POINT('Ctrl Pts',(-346.004105217338,-59.3398179915701,
138.435913185369));
#11950=CARTESIAN_POINT('Ctrl Pts',(-346.004105217338,-86.0332544072256,
146.667711958444));
#11951=CARTESIAN_POINT('Ctrl Pts',(-346.004105217338,-113.966961318547,
146.669329286987));
#11952=CARTESIAN_POINT('Ctrl Pts',(-346.004105217338,-140.659444665281,
138.434365415404));
#11953=CARTESIAN_POINT('Ctrl Pts',(-346.004105217338,-163.740378680296,
122.699702534026));
#11954=CARTESIAN_POINT('Ctrl Pts',(-346.004105217338,-181.155383982791,
100.85933317482));
#11955=CARTESIAN_POINT('Ctrl Pts',(-346.004105217338,-191.36279212976,74.8569408076038));
#11956=CARTESIAN_POINT('Ctrl Pts',(-346.004105217338,-193.44798773111,47.0012370802309));
#11957=CARTESIAN_POINT('Ctrl Pts',(-346.004105217339,-187.234544546414,
19.7669774223802));
#11958=CARTESIAN_POINT('Ctrl Pts',(-346.004105217338,-174.428616815734,
-2.40658862474352));
#11959=CARTESIAN_POINT('Ctrl Pts',(-346.004105217338,-158.046676872624,
-18.7844517543935));
#11960=CARTESIAN_POINT('Ctrl Pts',(-346.004105217338,-140.395289010716,
-29.8769275817969));
#11961=CARTESIAN_POINT('Ctrl Pts',(-346.004105217338,-120.716576512951,
-36.762365654506));
#11962=CARTESIAN_POINT('Ctrl Pts',(-346.004105217338,-106.90566363365,-38.3182252529986));
#11963=CARTESIAN_POINT('Ctrl Pts',(-346.004105217338,-100.,-38.3182252529986));
#11964=CARTESIAN_POINT('Origin',(-346.004105217338,-100.,54.0041052173377));
#11965=CARTESIAN_POINT('',(-346.004105217338,-100.,132.504105217338));
#11966=CARTESIAN_POINT('Origin',(-346.004105217338,-100.,54.0041052173377));
#11967=CARTESIAN_POINT('Origin',(-340.004105217338,-100.,54.0041052173377));
#11968=CARTESIAN_POINT('',(-340.004105217338,-100.,126.504105217338));
#11969=CARTESIAN_POINT('Origin',(-340.004105217338,-100.,132.504105217338));
#11970=CARTESIAN_POINT('',(-340.004105217338,-100.,-18.4958947826623));
#11971=CARTESIAN_POINT('Origin',(-340.004105217338,-100.,54.0041052173377));
#11972=CARTESIAN_POINT('Origin',(-340.004105217338,-100.,54.0041052173377));
#11973=CARTESIAN_POINT('Origin',(-266.004105217338,-100.,54.0041052173377));
#11974=CARTESIAN_POINT('',(-326.004105217338,-100.,-18.4958947826623));
#11975=CARTESIAN_POINT('',(-266.004105217338,-100.,-18.4958947826623));
#11976=CARTESIAN_POINT('',(-326.004105217338,-62.9006390645124,-8.28463708958652));
#11977=CARTESIAN_POINT('Origin',(-326.004105217338,-100.,54.0041052173377));
#11978=CARTESIAN_POINT('',(-332.004105217338,-62.9006390645124,-8.28463708958638));
#11979=CARTESIAN_POINT('',(-266.004105217338,-62.9006390645124,-8.28463708958638));
#11980=CARTESIAN_POINT('',(-337.004105217338,-58.6150702582871,-5.52351518087307));
#11981=CARTESIAN_POINT('Origin',(-320.363710029662,-100.,54.0041052173377));
#11982=CARTESIAN_POINT('',(-337.004105217338,-49.748355354651,1.7449221923654));
#11983=CARTESIAN_POINT('Origin',(-337.004105217338,-100.,54.0041052173377));
#11984=CARTESIAN_POINT('',(-332.004105217338,-45.9345032140616,5.70118545786896));
#11985=CARTESIAN_POINT('Origin',(-364.560522512344,-100.,54.0041052173377));
#11986=CARTESIAN_POINT('',(-326.004105217338,-45.9345032140615,5.70118545786911));
#11987=CARTESIAN_POINT('',(-266.004105217338,-45.9345032140616,5.70118545786896));
#11988=CARTESIAN_POINT('',(-326.004105217338,-27.5043766889913,54.8007235376917));
#11989=CARTESIAN_POINT('Origin',(-326.004105217338,-100.,54.0041052173377));
#11990=CARTESIAN_POINT('',(-332.004105217338,-27.5043766889913,54.8007235376917));
#11991=CARTESIAN_POINT('',(-266.004105217338,-27.5043766889913,54.8007235376917));
#11992=CARTESIAN_POINT('',(-337.004105217338,-27.7394616698959,59.8917703100167));
#11993=CARTESIAN_POINT('Origin',(-320.473241677205,-100.,54.0041052173377));
#11994=CARTESIAN_POINT('',(-337.004105217338,-29.4734528853617,70.8045859273264));
#11995=CARTESIAN_POINT('Origin',(-337.004105217338,-100.,54.0041052173377));
#11996=CARTESIAN_POINT('',(-332.004105217338,-30.9501601686764,76.103191607244));
#11997=CARTESIAN_POINT('Origin',(-364.699683194027,-100.,54.0041052173377));
#11998=CARTESIAN_POINT('',(-326.004105217338,-30.9501601686764,76.1031916072441));
#11999=CARTESIAN_POINT('',(-266.004105217338,-30.9501601686764,76.103191607244));
#12000=CARTESIAN_POINT('',(-326.004105217338,-63.7963960936459,116.817710942466));
#12001=CARTESIAN_POINT('Origin',(-326.004105217338,-100.,54.0041052173377));
#12002=CARTESIAN_POINT('',(-332.004105217338,-63.7963960936459,116.817710942466));
#12003=CARTESIAN_POINT('',(-266.004105217338,-63.7963960936459,116.817710942466));
#12004=CARTESIAN_POINT('',(-337.004105217338,-68.2898790175468,119.201637588419));
#12005=CARTESIAN_POINT('Origin',(-321.183825559448,-100.,54.0041052173377));
#12006=CARTESIAN_POINT('',(-337.004105217338,-78.608663359988,123.276471401507));
#12007=CARTESIAN_POINT('Origin',(-337.004105217338,-100.,54.0041052173377));
#12008=CARTESIAN_POINT('',(-332.004105217338,-83.8942169048342,124.692532494308));
#12009=CARTESIAN_POINT('Origin',(-363.938201620125,-100.,54.0041052173377));
#12010=CARTESIAN_POINT('',(-326.004105217338,-83.8942169048342,124.692532494308));
#12011=CARTESIAN_POINT('',(-266.004105217338,-83.8942169048342,124.692532494308));
#12012=CARTESIAN_POINT('',(-326.004105217338,-136.434064046626,116.684317222773));
#12013=CARTESIAN_POINT('Origin',(-326.004105217338,-100.,54.0041052173377));
#12014=CARTESIAN_POINT('',(-332.004105217338,-136.434064046626,116.684317222773));
#12015=CARTESIAN_POINT('',(-266.004105217338,-136.434064046626,116.684317222773));
#12016=CARTESIAN_POINT('',(-337.004105217338,-140.741254452438,113.974099261374));
#12017=CARTESIAN_POINT('Origin',(-321.018149477477,-100.,54.0041052173377));
#12018=CARTESIAN_POINT('',(-337.004105217338,-149.258475687807,107.200463860705));
#12019=CARTESIAN_POINT('Origin',(-337.004105217338,-100.,54.0041052173377));
#12020=CARTESIAN_POINT('',(-332.004105217338,-153.114441413218,103.350899574842));
#12021=CARTESIAN_POINT('Origin',(-363.292639926234,-100.,54.0041052173377));
#12022=CARTESIAN_POINT('',(-326.004105217338,-153.114441413218,103.350899574842));
#12023=CARTESIAN_POINT('',(-266.004105217338,-153.114441413218,103.350899574842));
#12024=CARTESIAN_POINT('',(-326.004105217338,-172.499987165993,54.0472437254375));
#12025=CARTESIAN_POINT('Origin',(-326.004105217338,-100.,54.0041052173377));
#12026=CARTESIAN_POINT('',(-332.004105217338,-172.499987165993,54.0472437254375));
#12027=CARTESIAN_POINT('',(-266.004105217338,-172.499987165993,54.0472437254375));
#12028=CARTESIAN_POINT('',(-337.004105217338,-172.324747336633,48.9661569551757));
#12029=CARTESIAN_POINT('Origin',(-321.379298426869,-100.,54.0041052173377));
#12030=CARTESIAN_POINT('',(-337.004105217338,-170.63812648546,37.67912170665));
#12031=CARTESIAN_POINT('Origin',(-337.004105217338,-100.,54.0041052173377));
#12032=CARTESIAN_POINT('',(-332.004105217338,-169.209940871207,32.4116508731927));
#12033=CARTESIAN_POINT('Origin',(-363.544934115136,-100.,54.0041052173377));
#12034=CARTESIAN_POINT('',(-326.004105217338,-169.209940871207,32.4116508731927));
#12035=CARTESIAN_POINT('',(-266.004105217338,-169.209940871207,32.4116508731927));
#12036=CARTESIAN_POINT('',(-326.004105217338,-135.511412953794,-9.20340659909997));
#12037=CARTESIAN_POINT('Origin',(-326.004105217338,-100.,54.0041052173377));
#12038=CARTESIAN_POINT('',(-332.004105217338,-135.511412953794,-9.20340659909997));
#12039=CARTESIAN_POINT('',(-266.004105217338,-135.511412953794,-9.20340659909997));
#12040=CARTESIAN_POINT('',(-337.004105217338,-130.983471651267,-11.5418670802423));
#12041=CARTESIAN_POINT('Origin',(-320.496641557863,-100.,54.0041052173377));
#12042=CARTESIAN_POINT('',(-337.004105217338,-121.824187973398,-15.1331121066318));
#12043=CARTESIAN_POINT('Origin',(-337.004105217338,-100.,54.0041052173377));
#12044=CARTESIAN_POINT('',(-332.004105217338,-116.583165688516,-16.5738560435773));
#12045=CARTESIAN_POINT('Origin',(-362.91726319716,-100.,54.0041052173377));
#12046=CARTESIAN_POINT('',(-326.004105217338,-116.583165688516,-16.5738560435773));
#12047=CARTESIAN_POINT('',(-266.004105217338,-116.583165688516,-16.5738560435773));
#12048=CARTESIAN_POINT('Origin',(-326.004105217338,-100.,54.0041052173377));
#12049=CARTESIAN_POINT('Origin',(-340.004105217338,-100.,54.0041052173377));
#12050=CARTESIAN_POINT('',(-343.004105217338,-100.,60.5041052173378));
#12051=CARTESIAN_POINT('Origin',(-343.004105217338,-100.,54.0041052173377));
#12052=CARTESIAN_POINT('',(-337.004105217338,-100.,66.5041052173377));
#12053=CARTESIAN_POINT('',(-340.004105217338,-100.,63.5041052173378));
#12054=CARTESIAN_POINT('',(-337.004105217338,-91.8238482571154,63.4592912375767));
#12055=CARTESIAN_POINT('Origin',(-337.004105217338,-100.,54.0041052173377));
#12056=CARTESIAN_POINT('',(-337.004105217338,-90.7790297749421,62.4435520131264));
#12057=CARTESIAN_POINT('Origin',(-337.004105217338,-100.,54.0041052173377));
#12058=CARTESIAN_POINT('',(-337.004105217338,-87.7128990011508,51.7069006021451));
#12059=CARTESIAN_POINT('Origin',(-337.004105217338,-100.,54.0041052173377));
#12060=CARTESIAN_POINT('',(-337.004105217338,-88.0455654277578,50.3515550585932));
#12061=CARTESIAN_POINT('Origin',(-337.004105217338,-100.,54.0041052173377));
#12062=CARTESIAN_POINT('',(-337.004105217338,-95.1070560153662,42.5015359755022));
#12063=CARTESIAN_POINT('Origin',(-337.004105217338,-100.,54.0041052173377));
#12064=CARTESIAN_POINT('',(-337.004105217338,-97.1099975902883,41.84276680109));
#12065=CARTESIAN_POINT('Origin',(-337.004105217338,-100.,54.0041052173377));
#12066=CARTESIAN_POINT('',(-337.004105217338,-107.826194670006,44.2572761438807));
#12067=CARTESIAN_POINT('Origin',(-337.004105217338,-100.,54.0041052173377));
#12068=CARTESIAN_POINT('',(-337.004105217338,-109.459840699797,45.8334309911829));
#12069=CARTESIAN_POINT('Origin',(-337.004105217338,-100.,54.0041052173377));
#12070=CARTESIAN_POINT('',(-337.004105217338,-112.095994678144,57.1563921246991));
#12071=CARTESIAN_POINT('Origin',(-337.004105217338,-100.,54.0041052173377));
#12072=CARTESIAN_POINT('',(-337.004105217338,-111.685129790469,58.4437868805667));
#12073=CARTESIAN_POINT('Origin',(-337.004105217338,-100.,54.0041052173377));
#12074=CARTESIAN_POINT('',(-337.004105217338,-103.779938938277,65.9188885398701));
#12075=CARTESIAN_POINT('Origin',(-337.004105217338,-100.,54.0041052173377));
#12076=CARTESIAN_POINT('',(-337.004105217338,-102.098847835176,66.326692375807));
#12077=CARTESIAN_POINT('Origin',(-337.004105217338,-100.,54.0041052173377));
#12078=CARTESIAN_POINT('Origin',(-337.004105217338,-100.,54.0041052173377));
#12079=CARTESIAN_POINT('Origin',(-326.004105217338,-100.,54.0041052173377));
#12080=CARTESIAN_POINT('',(-332.004105217338,-88.0936751711812,57.8106034861737));
#12081=CARTESIAN_POINT('Ctrl Pts',(-337.004105217338,-90.7792361063473,
62.4437446182547));
#12082=CARTESIAN_POINT('Ctrl Pts',(-336.163683662725,-90.2100371219491,
61.821863848909));
#12083=CARTESIAN_POINT('Ctrl Pts',(-335.321590942512,-89.6987774462932,
61.136876268762));
#12084=CARTESIAN_POINT('Ctrl Pts',(-333.228995136681,-88.5709455118039,
59.2417954669773));
#12085=CARTESIAN_POINT('Ctrl Pts',(-332.382642671134,-88.2404883066634,
58.2698194785988));
#12086=CARTESIAN_POINT('Ctrl Pts',(-332.004105217338,-88.0936751711812,
57.8106034861737));
#12087=CARTESIAN_POINT('',(-326.004105217338,-88.0936751711812,57.8106034861737));
#12088=CARTESIAN_POINT('',(-326.004105217338,-88.0936751711812,57.8106034861737));
#12089=CARTESIAN_POINT('',(-326.004105217338,-87.8068283112098,56.7566611509538));
#12090=CARTESIAN_POINT('Origin',(-326.004105217338,-100.,54.0041052173377));
#12091=CARTESIAN_POINT('',(-332.004105217338,-87.8068283112098,56.7566611509538));
#12092=CARTESIAN_POINT('',(-326.004105217338,-87.8068283112098,56.7566611509538));
#12093=CARTESIAN_POINT('Ctrl Pts',(-332.004105217338,-87.8068283112099,
56.7566611509538));
#12094=CARTESIAN_POINT('Ctrl Pts',(-332.836989485753,-87.6230737347036,
55.9426718428426));
#12095=CARTESIAN_POINT('Ctrl Pts',(-333.674504085737,-87.5209421915038,
55.1107932074015));
#12096=CARTESIAN_POINT('Ctrl Pts',(-335.34606911532,-87.484588308036,53.4233933571872));
#12097=CARTESIAN_POINT('Ctrl Pts',(-336.18435252917,-87.5528066563312,52.5631895008025));
#12098=CARTESIAN_POINT('Ctrl Pts',(-337.004105217338,-87.7128990011501,
51.7069006021456));
#12099=CARTESIAN_POINT('Origin',(-326.004105217338,-100.,54.0041052173377));
#12100=CARTESIAN_POINT('',(-332.004105217338,-96.662844754856,66.0504073416332));
#12101=CARTESIAN_POINT('Ctrl Pts',(-337.004105217338,-102.099335041723,
66.3265559631348));
#12102=CARTESIAN_POINT('Ctrl Pts',(-336.435382677837,-101.535606224449,
66.4225965710095));
#12103=CARTESIAN_POINT('Ctrl Pts',(-335.867253588992,-100.96173175779,66.4805412402296));
#12104=CARTESIAN_POINT('Ctrl Pts',(-333.515739086432,-98.5252780097144,
66.5550373063208));
#12105=CARTESIAN_POINT('Ctrl Pts',(-332.395617092765,-97.166963121822,66.1900619207012));
#12106=CARTESIAN_POINT('Ctrl Pts',(-332.004105217338,-96.662844754856,66.0504073416332));
#12107=CARTESIAN_POINT('',(-326.004105217338,-96.662844754856,66.0504073416332));
#12108=CARTESIAN_POINT('',(-326.004105217338,-96.662844754856,66.0504073416332));
#12109=CARTESIAN_POINT('',(-326.004105217338,-96.234466435031,65.9234490319565));
#12110=CARTESIAN_POINT('Origin',(-326.004105217338,-100.,54.0041052173377));
#12111=CARTESIAN_POINT('',(-332.004105217338,-96.234466435031,65.9234490319565));
#12112=CARTESIAN_POINT('',(-326.004105217338,-96.234466435031,65.9234490319565));
#12113=CARTESIAN_POINT('Ctrl Pts',(-332.004105217338,-96.234466435031,65.9234490319565));
#12114=CARTESIAN_POINT('Ctrl Pts',(-332.837080504087,-95.4387770407035,
65.6720765429815));
#12115=CARTESIAN_POINT('Ctrl Pts',(-333.674596406766,-94.6686664725186,
65.341159567872));
#12116=CARTESIAN_POINT('Ctrl Pts',(-335.346180077722,-93.1922982796834,
64.5221185917636));
#12117=CARTESIAN_POINT('Ctrl Pts',(-336.184480951404,-92.4832354722508,
64.0294809637996));
#12118=CARTESIAN_POINT('Ctrl Pts',(-337.004105217338,-91.8238482571154,
63.4592912375768));
#12119=CARTESIAN_POINT('Origin',(-326.004105217338,-100.,54.0041052173377));
#12120=CARTESIAN_POINT('',(-332.004105217338,-108.730759927306,62.9497092266679));
#12121=CARTESIAN_POINT('Ctrl Pts',(-337.004105217338,-111.685468141888,
58.4425547557381));
#12122=CARTESIAN_POINT('Ctrl Pts',(-336.162826069358,-111.385370423743,
59.2326464971214));
#12123=CARTESIAN_POINT('Ctrl Pts',(-335.320528903376,-111.002045062906,
60.0002572295877));
#12124=CARTESIAN_POINT('Ctrl Pts',(-333.231569817176,-109.810200120246,
61.867431022422));
#12125=CARTESIAN_POINT('Ctrl Pts',(-332.388386712587,-109.084852350717,
62.60412094245));
#12126=CARTESIAN_POINT('Ctrl Pts',(-332.004105217338,-108.730759927306,
62.9497092266679));
#12127=CARTESIAN_POINT('',(-326.004105217338,-108.730759927306,62.9497092266679));
#12128=CARTESIAN_POINT('',(-326.004105217338,-108.730759927306,62.9497092266679));
#12129=CARTESIAN_POINT('',(-326.004105217338,-108.197151678606,63.4410911958126));
#12130=CARTESIAN_POINT('Origin',(-326.004105217338,-100.,54.0041052173377));
#12131=CARTESIAN_POINT('',(-332.004105217338,-108.197151678606,63.4410911958126));
#12132=CARTESIAN_POINT('',(-326.004105217338,-108.197151678606,63.4410911958126));
#12133=CARTESIAN_POINT('Ctrl Pts',(-332.004105217338,-108.197151678606,
63.4410911958126));
#12134=CARTESIAN_POINT('Ctrl Pts',(-332.837735237323,-107.567186129999,
63.9882916649033));
#12135=CARTESIAN_POINT('Ctrl Pts',(-333.675275673436,-106.88224969694,64.4725684081126));
#12136=CARTESIAN_POINT('Ctrl Pts',(-335.346999054196,-105.408946556305,
65.3054995829264));
#12137=CARTESIAN_POINT('Ctrl Pts',(-336.185415093837,-104.61502050714,65.6539607393945));
#12138=CARTESIAN_POINT('Ctrl Pts',(-337.004105217338,-103.779938938277,
65.9188885398703));
#12139=CARTESIAN_POINT('Origin',(-326.004105217338,-100.,54.0041052173377));
#12140=CARTESIAN_POINT('',(-332.004105217338,-112.057435953265,50.7074041036607));
#12141=CARTESIAN_POINT('Ctrl Pts',(-337.004105217338,-109.460236752677,
45.8337979658747));
#12142=CARTESIAN_POINT('Ctrl Pts',(-336.1609035337,-110.014783249602,46.4758963582379));
#12143=CARTESIAN_POINT('Ctrl Pts',(-335.316021705514,-110.510526006171,
47.1822638989934));
#12144=CARTESIAN_POINT('Ctrl Pts',(-333.128076211662,-111.649155281522,
49.2364470719661));
#12145=CARTESIAN_POINT('Ctrl Pts',(-332.31015632045,-111.942549731041,50.2872164012841));
#12146=CARTESIAN_POINT('Ctrl Pts',(-332.004105217338,-112.057435953265,
50.7074041036606));
#12147=CARTESIAN_POINT('',(-326.004105217338,-112.057435953265,50.707404103661));
#12148=CARTESIAN_POINT('',(-326.004105217338,-112.057435953265,50.707404103661));
#12149=CARTESIAN_POINT('',(-326.004105217338,-112.349578861416,52.0707397718843));
#12150=CARTESIAN_POINT('Origin',(-326.004105217338,-100.,54.0041052173377));
#12151=CARTESIAN_POINT('',(-332.004105217338,-112.349578861416,52.0707397718843));
#12152=CARTESIAN_POINT('',(-326.004105217338,-112.349578861416,52.0707397718843));
#12153=CARTESIAN_POINT('Ctrl Pts',(-332.004105217338,-112.349578861416,
52.0707397718843));
#12154=CARTESIAN_POINT('Ctrl Pts',(-332.838977938904,-112.478722062348,
52.8956558000866));
#12155=CARTESIAN_POINT('Ctrl Pts',(-333.676568408934,-112.525441643515,
53.7349763495649));
#12156=CARTESIAN_POINT('Ctrl Pts',(-335.348602078964,-112.447570989967,
55.4346724753888));
#12157=CARTESIAN_POINT('Ctrl Pts',(-336.187271127335,-112.319214902328,
56.2998486934879));
#12158=CARTESIAN_POINT('Ctrl Pts',(-337.004105217338,-112.095994678144,
57.1563921246992));
#12159=CARTESIAN_POINT('Origin',(-326.004105217338,-100.,54.0041052173377));
#12160=CARTESIAN_POINT('',(-332.004105217338,-102.50126545136,41.7569148807));
#12161=CARTESIAN_POINT('Ctrl Pts',(-337.004105217338,-97.109864946068,41.8428092596681));
#12162=CARTESIAN_POINT('Ctrl Pts',(-336.428282601632,-97.6717200630775,
41.7092842492948));
#12163=CARTESIAN_POINT('Ctrl Pts',(-335.852478948507,-98.2456758131711,
41.6140341617859));
#12164=CARTESIAN_POINT('Ctrl Pts',(-334.000801057155,-100.143190656494,
41.4352577249134));
#12165=CARTESIAN_POINT('Ctrl Pts',(-332.862843578705,-101.387593140127,
41.5294676050673));
#12166=CARTESIAN_POINT('Ctrl Pts',(-332.004105217338,-102.50126545136,41.7569148807));
#12167=CARTESIAN_POINT('',(-326.004105217338,-102.50126545136,41.7569148807004));
#12168=CARTESIAN_POINT('',(-326.004105217338,-102.50126545136,41.7569148807001));
#12169=CARTESIAN_POINT('',(-326.004105217338,-103.358123726148,41.963631595429));
#12170=CARTESIAN_POINT('Origin',(-326.004105217338,-100.,54.0041052173377));
#12171=CARTESIAN_POINT('',(-332.004105217338,-103.358123726148,41.963631595429));
#12172=CARTESIAN_POINT('',(-326.004105217338,-103.358123726148,41.963631595429));
#12173=CARTESIAN_POINT('Ctrl Pts',(-332.004105217338,-103.358123726148,
41.9636315954289));
#12174=CARTESIAN_POINT('Ctrl Pts',(-332.835078999592,-104.163222530448,
42.1881760345856));
#12175=CARTESIAN_POINT('Ctrl Pts',(-333.672607595454,-104.943447274777,
42.4928263403873));
#12176=CARTESIAN_POINT('Ctrl Pts',(-335.343785942292,-106.43797965263,43.2563816451459));
#12177=CARTESIAN_POINT('Ctrl Pts',(-336.181783196238,-107.155686347294,
43.7188929813314));
#12178=CARTESIAN_POINT('Ctrl Pts',(-337.004105217338,-107.826194670006,
44.2572761438813));
#12179=CARTESIAN_POINT('Origin',(-326.004105217338,-100.,54.0041052173377));
#12180=CARTESIAN_POINT('',(-332.004105217338,-90.6599437953118,45.6966778121016));
#12181=CARTESIAN_POINT('Ctrl Pts',(-337.004105217338,-88.0456100328262,
50.3513582355809));
#12182=CARTESIAN_POINT('Ctrl Pts',(-336.164010465923,-88.2917691944028,
49.5457501203253));
#12183=CARTESIAN_POINT('Ctrl Pts',(-335.322143966004,-88.6214764763314,
48.7582968018719));
#12184=CARTESIAN_POINT('Ctrl Pts',(-333.236822968415,-89.6739492815412,
46.8347959684308));
#12185=CARTESIAN_POINT('Ctrl Pts',(-332.388589023952,-90.3374460310262,
46.0592626530377));
#12186=CARTESIAN_POINT('Ctrl Pts',(-332.004105217338,-90.659943795312,45.6966778121016));
#12187=CARTESIAN_POINT('',(-326.004105217338,-90.659943795312,45.6966778121016));
#12188=CARTESIAN_POINT('',(-326.004105217338,-90.659943795312,45.6966778121016));
#12189=CARTESIAN_POINT('',(-326.004105217338,-90.978819800403,45.3514577723993));
#12190=CARTESIAN_POINT('Origin',(-326.004105217338,-100.,54.0041052173377));
#12191=CARTESIAN_POINT('',(-332.004105217338,-90.9788198004033,45.3514577723992));
#12192=CARTESIAN_POINT('',(-326.004105217338,-90.978819800403,45.3514577723993));
#12193=CARTESIAN_POINT('Ctrl Pts',(-332.004105217338,-90.9788198004031,
45.3514577723994));
#12194=CARTESIAN_POINT('Ctrl Pts',(-332.834535523084,-91.5578954714722,
44.7477181642435));
#12195=CARTESIAN_POINT('Ctrl Pts',(-333.671995321025,-92.1954868732384,
44.2043006536551));
#12196=CARTESIAN_POINT('Ctrl Pts',(-335.343252240307,-93.5734691238925,
43.2496538411925));
#12197=CARTESIAN_POINT('Ctrl Pts',(-336.181108203179,-94.3183703750515,
42.8370257759463));
#12198=CARTESIAN_POINT('Ctrl Pts',(-337.004105217338,-95.1070560153656,
42.5015359755018));
#12199=CARTESIAN_POINT('Origin',(-343.004105217338,-100.,54.0041052173377));
#12200=CARTESIAN_POINT('Ctrl Pts',(-337.004105217338,-106.254631484859,
19.6020952535955));
#12201=CARTESIAN_POINT('Ctrl Pts',(-337.004105217338,-104.156867560319,
21.9636814311771));
#12202=CARTESIAN_POINT('Ctrl Pts',(-337.004105217338,-100.513808346147,
26.5294600186786));
#12203=CARTESIAN_POINT('Ctrl Pts',(-337.004105217338,-97.3858733018444,
32.1780338832357));
#12204=CARTESIAN_POINT('Ctrl Pts',(-337.004105217338,-96.3609608810749,
37.139002864145));
#12205=CARTESIAN_POINT('Ctrl Pts',(-337.004105217338,-96.6588857455038,
40.8904312396419));
#12206=CARTESIAN_POINT('Ctrl Pts',(-337.004105217338,-97.5551783717981,
43.1638391574787));
#12207=CARTESIAN_POINT('Ctrl Pts',(-337.004105217338,-98.1447140500145,
44.2105774262497));
#12208=CARTESIAN_POINT('Ctrl Pts',(-335.337438550671,-107.5006866418,20.708948596925));
#12209=CARTESIAN_POINT('Ctrl Pts',(-335.337438550671,-105.440175911571,
23.0285964859662));
#12210=CARTESIAN_POINT('Ctrl Pts',(-335.337438550671,-101.872673233194,
27.4986286444628));
#12211=CARTESIAN_POINT('Ctrl Pts',(-335.337438550671,-98.9435078586237,
32.8457287177739));
#12212=CARTESIAN_POINT('Ctrl Pts',(-335.337438550671,-98.046477582763,37.2578930348463));
#12213=CARTESIAN_POINT('Ctrl Pts',(-335.337438550671,-98.30685334791,40.5103424329442));
#12214=CARTESIAN_POINT('Ctrl Pts',(-335.337438550671,-99.0825068192943,
42.479373215687));
#12215=CARTESIAN_POINT('Ctrl Pts',(-335.337438550671,-99.5968978504631,
43.3926899110665));
#12216=CARTESIAN_POINT('Ctrl Pts',(-333.670771884005,-108.74674179874,21.8158019402545));
#12217=CARTESIAN_POINT('Ctrl Pts',(-333.670771884005,-106.723484262823,
24.0935115407552));
#12218=CARTESIAN_POINT('Ctrl Pts',(-333.670771884005,-103.231538120241,
28.467797270247));
#12219=CARTESIAN_POINT('Ctrl Pts',(-333.670771884005,-100.501142415403,
33.5134235523121));
#12220=CARTESIAN_POINT('Ctrl Pts',(-333.670771884005,-99.731994284451,37.3767832055475));
#12221=CARTESIAN_POINT('Ctrl Pts',(-333.670771884005,-99.9548209503163,
40.1302536262466));
#12222=CARTESIAN_POINT('Ctrl Pts',(-333.670771884005,-100.609835266791,
41.7949072738953));
#12223=CARTESIAN_POINT('Ctrl Pts',(-333.670771884005,-101.049081650912,
42.5748023958833));
#12224=CARTESIAN_POINT('Ctrl Pts',(-332.004105217338,-109.992796955681,
22.922655283584));
#12225=CARTESIAN_POINT('Ctrl Pts',(-332.004105217338,-108.006792614075,
25.1584265955442));
#12226=CARTESIAN_POINT('Ctrl Pts',(-332.004105217338,-104.590403007287,
29.4369658960312));
#12227=CARTESIAN_POINT('Ctrl Pts',(-332.004105217338,-102.058776972183,
34.1811183868503));
#12228=CARTESIAN_POINT('Ctrl Pts',(-332.004105217338,-101.417510986139,
37.4956733762488));
#12229=CARTESIAN_POINT('Ctrl Pts',(-332.004105217338,-101.602788552722,
39.7501648195489));
#12230=CARTESIAN_POINT('Ctrl Pts',(-332.004105217338,-102.137163714287,
41.1104413321035));
#12231=CARTESIAN_POINT('Ctrl Pts',(-332.004105217338,-102.50126545136,41.7569148807));
#12232=CARTESIAN_POINT('',(-332.004105217338,-109.99279695568,22.9226552835843));
#12233=CARTESIAN_POINT('Ctrl Pts',(-332.004105217338,-109.992796955681,
22.922655283584));
#12234=CARTESIAN_POINT('Ctrl Pts',(-332.004105217338,-108.006792614075,
25.1584265955442));
#12235=CARTESIAN_POINT('Ctrl Pts',(-332.004105217338,-104.590403007287,
29.4369658960312));
#12236=CARTESIAN_POINT('Ctrl Pts',(-332.004105217338,-102.058776972183,
34.1811183868503));
#12237=CARTESIAN_POINT('Ctrl Pts',(-332.004105217338,-101.417510986139,
37.4956733762488));
#12238=CARTESIAN_POINT('Ctrl Pts',(-332.004105217338,-101.602788552722,
39.7501648195489));
#12239=CARTESIAN_POINT('Ctrl Pts',(-332.004105217338,-102.137163714287,
41.1104413321035));
#12240=CARTESIAN_POINT('Ctrl Pts',(-332.004105217338,-102.50126545136,41.7569148807));
#12241=CARTESIAN_POINT('',(-337.004105217338,-106.162063025285,19.7064619667822));
#12242=CARTESIAN_POINT('Ctrl Pts',(-337.004105217338,-97.1101302345086,
41.8427243425119));
#12243=CARTESIAN_POINT('Ctrl Pts',(-337.004105217338,-97.0041085270782,
41.5114981830398));
#12244=CARTESIAN_POINT('Ctrl Pts',(-337.004105217338,-96.5879742536219,
39.9975236157524));
#12245=CARTESIAN_POINT('Ctrl Pts',(-337.004105217338,-96.3609608810749,
37.139002864145));
#12246=CARTESIAN_POINT('Ctrl Pts',(-337.004105217338,-97.3858733018444,
32.1780338832357));
#12247=CARTESIAN_POINT('Ctrl Pts',(-337.004105217338,-100.495368464446,
26.5627596340367));
#12248=CARTESIAN_POINT('Ctrl Pts',(-337.004105217338,-104.103237867128,
22.030969616535));
#12249=CARTESIAN_POINT('Ctrl Pts',(-337.004105217338,-106.162060584816,
19.706459805353));
#12250=CARTESIAN_POINT('Ctrl Pts',(-337.004105217338,-106.162063025283,
19.7064619667842));
#12251=CARTESIAN_POINT('Ctrl Pts',(-336.170807145957,-106.800682733198,
20.2422309629749));
#12252=CARTESIAN_POINT('Ctrl Pts',(-335.337401862386,-107.439291416388,
20.7781862100791));
#12253=CARTESIAN_POINT('Ctrl Pts',(-333.670809166638,-108.716148462263,
21.8502000361548));
#12254=CARTESIAN_POINT('Ctrl Pts',(-332.837399699859,-109.354566950826,
22.3864014499132));
#12255=CARTESIAN_POINT('Ctrl Pts',(-332.004105217338,-109.99279695568,22.922655283585));
#12256=CARTESIAN_POINT('Origin',(-334.504105217338,-122.858469437902,2.70631639083532));
#12257=CARTESIAN_POINT('',(-337.004105217338,-120.900892444493,1.1513590554486));
#12258=CARTESIAN_POINT('',(-332.004105217338,-124.816046431312,4.26127372622189));
#12259=CARTESIAN_POINT('Ctrl Pts',(-326.004105217338,-109.99279695568,22.9226552835843));
#12260=CARTESIAN_POINT('Ctrl Pts',(-337.004105217338,-109.99279695568,22.9226552835843));
#12261=CARTESIAN_POINT('Ctrl Pts',(-326.004105217338,-109.572353543936,
23.3959751543357));
#12262=CARTESIAN_POINT('Ctrl Pts',(-337.004105217338,-109.572353543936,
23.3959751543357));
#12263=CARTESIAN_POINT('Ctrl Pts',(-326.004105217338,-108.753282180431,
24.3350369410041));
#12264=CARTESIAN_POINT('Ctrl Pts',(-337.004105217338,-108.753282180431,
24.3350369410041));
#12265=CARTESIAN_POINT('Ctrl Pts',(-326.004105217338,-107.590119120643,
25.7208965882567));
#12266=CARTESIAN_POINT('Ctrl Pts',(-337.004105217338,-107.590119120643,
25.7208965882567));
#12267=CARTESIAN_POINT('Ctrl Pts',(-326.004105217338,-106.172296800155,
27.5224882850945));
#12268=CARTESIAN_POINT('Ctrl Pts',(-337.004105217338,-106.172296800155,
27.5224882850945));
#12269=CARTESIAN_POINT('Ctrl Pts',(-326.004105217338,-104.638596442984,
29.691604116575));
#12270=CARTESIAN_POINT('Ctrl Pts',(-337.004105217338,-104.638596442984,
29.691604116575));
#12271=CARTESIAN_POINT('Ctrl Pts',(-326.004105217338,-103.370054995203,
31.7686126892082));
#12272=CARTESIAN_POINT('Ctrl Pts',(-337.004105217338,-103.370054995203,
31.7686126892082));
#12273=CARTESIAN_POINT('Ctrl Pts',(-326.004105217338,-102.398682534715,
33.7423947823723));
#12274=CARTESIAN_POINT('Ctrl Pts',(-337.004105217338,-102.398682534715,
33.7423947823723));
#12275=CARTESIAN_POINT('Ctrl Pts',(-326.004105217338,-101.754919694928,
35.6023763474843));
#12276=CARTESIAN_POINT('Ctrl Pts',(-337.004105217338,-101.754919694928,
35.6023763474843));
#12277=CARTESIAN_POINT('Ctrl Pts',(-326.004105217338,-101.455870800347,
37.3426159196032));
#12278=CARTESIAN_POINT('Ctrl Pts',(-337.004105217338,-101.455870800347,
37.3426159196032));
#12279=CARTESIAN_POINT('Ctrl Pts',(-326.004105217338,-101.490877808005,
38.9404864547256));
#12280=CARTESIAN_POINT('Ctrl Pts',(-337.004105217338,-101.490877808005,
38.9404864547256));
#12281=CARTESIAN_POINT('Ctrl Pts',(-326.004105217338,-101.761019140787,
40.1294072441236));
#12282=CARTESIAN_POINT('Ctrl Pts',(-337.004105217338,-101.761019140787,
40.1294072441236));
#12283=CARTESIAN_POINT('Ctrl Pts',(-326.004105217338,-102.089464158205,
40.9708032854614));
#12284=CARTESIAN_POINT('Ctrl Pts',(-337.004105217338,-102.089464158205,
40.9708032854614));
#12285=CARTESIAN_POINT('Ctrl Pts',(-326.004105217338,-102.359505000665,
41.5052149510363));
#12286=CARTESIAN_POINT('Ctrl Pts',(-337.004105217338,-102.359505000665,
41.5052149510363));
#12287=CARTESIAN_POINT('Ctrl Pts',(-326.004105217338,-102.50126545136,41.7569148807004));
#12288=CARTESIAN_POINT('Ctrl Pts',(-337.004105217338,-102.50126545136,41.7569148807004));
#12289=CARTESIAN_POINT('',(-326.004105217338,-109.99279695568,22.9226552835843));
#12290=CARTESIAN_POINT('',(-326.004105217338,-109.99279695568,22.9226552835843));
#12291=CARTESIAN_POINT('Ctrl Pts',(-326.004105217338,-102.50126545136,41.7569148807004));
#12292=CARTESIAN_POINT('Ctrl Pts',(-326.004105217338,-102.359505000665,
41.5052149510363));
#12293=CARTESIAN_POINT('Ctrl Pts',(-326.004105217338,-102.089464158205,
40.9708032854614));
#12294=CARTESIAN_POINT('Ctrl Pts',(-326.004105217338,-101.761019140787,
40.1294072441236));
#12295=CARTESIAN_POINT('Ctrl Pts',(-326.004105217338,-101.490877808005,
38.9404864547256));
#12296=CARTESIAN_POINT('Ctrl Pts',(-326.004105217338,-101.455870800347,
37.3426159196032));
#12297=CARTESIAN_POINT('Ctrl Pts',(-326.004105217338,-101.754919694928,
35.6023763474843));
#12298=CARTESIAN_POINT('Ctrl Pts',(-326.004105217338,-102.398682534715,
33.7423947823723));
#12299=CARTESIAN_POINT('Ctrl Pts',(-326.004105217338,-103.370054995203,
31.7686126892082));
#12300=CARTESIAN_POINT('Ctrl Pts',(-326.004105217338,-104.638596442984,
29.691604116575));
#12301=CARTESIAN_POINT('Ctrl Pts',(-326.004105217338,-106.172296800155,
27.5224882850945));
#12302=CARTESIAN_POINT('Ctrl Pts',(-326.004105217338,-107.590119120643,
25.7208965882567));
#12303=CARTESIAN_POINT('Ctrl Pts',(-326.004105217338,-108.753282180431,
24.3350369410041));
#12304=CARTESIAN_POINT('Ctrl Pts',(-326.004105217338,-109.572353543936,
23.3959751543357));
#12305=CARTESIAN_POINT('Ctrl Pts',(-326.004105217338,-109.99279695568,22.9226552835843));
#12306=CARTESIAN_POINT('Origin',(-326.004105217338,-135.511412953794,-9.20340659909997));
#12307=CARTESIAN_POINT('',(-326.004105217338,-113.25035725444,18.8216263033196));
#12308=CARTESIAN_POINT('Origin',(-334.504105217338,-97.4924022768127,11.4794147752856));
#12309=CARTESIAN_POINT('',(-332.004105217338,-92.1442269550368,14.1929715209318));
#12310=CARTESIAN_POINT('',(-332.004105217338,-95.534825283403,9.92445743989903));
#12311=CARTESIAN_POINT('',(-337.004105217338,-95.9578099639979,17.4307565872006));
#12312=CARTESIAN_POINT('',(-337.004105217338,-99.4499792702224,13.0343721106723));
#12313=CARTESIAN_POINT('Ctrl Pts',(-337.004105217338,-95.9578099639976,
17.430756587201));
#12314=CARTESIAN_POINT('Ctrl Pts',(-336.170773080617,-95.3222137085142,
16.8911265176968));
#12315=CARTESIAN_POINT('Ctrl Pts',(-335.337440943896,-94.6866174530309,
16.3514964481926));
#12316=CARTESIAN_POINT('Ctrl Pts',(-333.670774277229,-93.4154231167119,
15.2722347594347));
#12317=CARTESIAN_POINT('Ctrl Pts',(-332.837439747284,-92.7798250358724,
14.7326031401855));
#12318=CARTESIAN_POINT('Ctrl Pts',(-332.004105217338,-92.1442269550367,
14.1929715209319));
#12319=CARTESIAN_POINT('Ctrl Pts',(-337.004105217338,-95.1070560153658,
42.5015359755022));
#12320=CARTESIAN_POINT('Ctrl Pts',(-337.004105217338,-95.0215367867063,
42.3968848892282));
#12321=CARTESIAN_POINT('Ctrl Pts',(-337.004105217338,-94.9360175580468,
42.2922338029541));
#12322=CARTESIAN_POINT('Ctrl Pts',(-337.004105217338,-94.8504983293872,
42.1875827166799));
#12323=CARTESIAN_POINT('Ctrl Pts',(-337.004105217338,-92.6664652963327,
39.5149506905248));
#12324=CARTESIAN_POINT('Ctrl Pts',(-337.004105217338,-90.3809507442907,
35.6641417795104));
#12325=CARTESIAN_POINT('Ctrl Pts',(-337.004105217338,-89.3864184051352,
31.3602187921286));
#12326=CARTESIAN_POINT('Ctrl Pts',(-337.004105217338,-89.4998722974131,
28.3922361782773));
#12327=CARTESIAN_POINT('Ctrl Pts',(-337.004105217338,-90.5122062270154,
25.1231943122237));
#12328=CARTESIAN_POINT('Ctrl Pts',(-337.004105217338,-92.5855898382119,
21.4674509143894));
#12329=CARTESIAN_POINT('Ctrl Pts',(-337.004105217338,-94.6516705875509,
18.8711085356984));
#12330=CARTESIAN_POINT('Ctrl Pts',(-337.004105217338,-95.8481117569732,
17.5517268520008));
#12331=CARTESIAN_POINT('Ctrl Pts',(-337.004105217338,-95.8846778259815,
17.5114034304006));
#12332=CARTESIAN_POINT('Ctrl Pts',(-337.004105217338,-95.9212438949899,
17.4710800088004));
#12333=CARTESIAN_POINT('Ctrl Pts',(-337.004105217338,-95.9578099639982,
17.4307565872002));
#12334=CARTESIAN_POINT('Ctrl Pts',(-335.337438550671,-93.8164965057044,
43.5561609940753));
#12335=CARTESIAN_POINT('Ctrl Pts',(-335.337438550671,-93.7309772770449,
43.4515099078013));
#12336=CARTESIAN_POINT('Ctrl Pts',(-335.337438550671,-93.6454580483854,
43.3468588215272));
#12337=CARTESIAN_POINT('Ctrl Pts',(-335.337438550671,-93.5599388197258,
43.2422077352531));
#12338=CARTESIAN_POINT('Ctrl Pts',(-335.337438550671,-91.2898091461867,
40.4597229948958));
#12339=CARTESIAN_POINT('Ctrl Pts',(-335.337438550671,-88.8482376572667,
36.3972026217716));
#12340=CARTESIAN_POINT('Ctrl Pts',(-335.337438550671,-87.7058242798082,
31.5421719447867));
#12341=CARTESIAN_POINT('Ctrl Pts',(-335.337438550671,-87.8403430066079,
28.0798890845004));
#12342=CARTESIAN_POINT('Ctrl Pts',(-335.337438550671,-88.9872596132397,
24.422214794415));
#12343=CARTESIAN_POINT('Ctrl Pts',(-335.337438550671,-91.2127295728958,
20.5113923089174));
#12344=CARTESIAN_POINT('Ctrl Pts',(-335.337438550671,-93.3723560182396,
17.8008853967485));
#12345=CARTESIAN_POINT('Ctrl Pts',(-335.337438550671,-94.613483489661,16.4321417416445));
#12346=CARTESIAN_POINT('Ctrl Pts',(-335.337438550671,-94.6500495586694,
16.3918183200443));
#12347=CARTESIAN_POINT('Ctrl Pts',(-335.337438550671,-94.6866156276777,
16.3514948984441));
#12348=CARTESIAN_POINT('Ctrl Pts',(-335.337438550671,-94.7231816966861,
16.3111714768439));
#12349=CARTESIAN_POINT('Ctrl Pts',(-333.670771884005,-92.5259369960431,
44.6107860126484));
#12350=CARTESIAN_POINT('Ctrl Pts',(-333.670771884005,-92.4404177673835,
44.5061349263744));
#12351=CARTESIAN_POINT('Ctrl Pts',(-333.670771884005,-92.354898538724,44.4014838401003));
#12352=CARTESIAN_POINT('Ctrl Pts',(-333.670771884005,-92.2693793100644,
44.2968327538262));
#12353=CARTESIAN_POINT('Ctrl Pts',(-333.670771884005,-89.9038167235702,
41.4065554937675));
#12354=CARTESIAN_POINT('Ctrl Pts',(-333.670771884005,-87.3153909296646,
37.1299610148854));
#12355=CARTESIAN_POINT('Ctrl Pts',(-333.670771884005,-86.0218669045138,
31.7249228916864));
#12356=CARTESIAN_POINT('Ctrl Pts',(-333.670771884005,-86.1765330873972,
27.7681286142085));
#12357=CARTESIAN_POINT('Ctrl Pts',(-333.670771884005,-87.4610053048178,
23.7215098210012));
#12358=CARTESIAN_POINT('Ctrl Pts',(-333.670771884005,-89.8385962401994,
19.5554900221428));
#12359=CARTESIAN_POINT('Ctrl Pts',(-333.670771884005,-92.0927952788566,
16.7306819604055));
#12360=CARTESIAN_POINT('Ctrl Pts',(-333.670771884005,-93.3788552223489,
15.3125566312881));
#12361=CARTESIAN_POINT('Ctrl Pts',(-333.670771884005,-93.4154212913573,
15.2722332096879));
#12362=CARTESIAN_POINT('Ctrl Pts',(-333.670771884005,-93.4519873603656,
15.2319097880877));
#12363=CARTESIAN_POINT('Ctrl Pts',(-333.670771884005,-93.488553429374,15.1915863664875));
#12364=CARTESIAN_POINT('Ctrl Pts',(-332.004105217338,-91.2353774863817,
45.6654110312215));
#12365=CARTESIAN_POINT('Ctrl Pts',(-332.004105217338,-91.1498582577221,
45.5607599449474));
#12366=CARTESIAN_POINT('Ctrl Pts',(-332.004105217338,-91.0643390290626,
45.4561088586734));
#12367=CARTESIAN_POINT('Ctrl Pts',(-332.004105217338,-90.978819800403,45.3514577723993));
#12368=CARTESIAN_POINT('Ctrl Pts',(-332.004105217338,-88.5271605734243,
42.3513277981385));
#12369=CARTESIAN_POINT('Ctrl Pts',(-332.004105217338,-85.7826778426407,
37.8630218571466));
#12370=CARTESIAN_POINT('Ctrl Pts',(-332.004105217338,-84.3412727791868,
31.9068760443446));
#12371=CARTESIAN_POINT('Ctrl Pts',(-332.004105217338,-84.517003796592,27.4557815204317));
#12372=CARTESIAN_POINT('Ctrl Pts',(-332.004105217338,-85.9360586910421,
23.0205303031924));
#12373=CARTESIAN_POINT('Ctrl Pts',(-332.004105217338,-88.4657359748833,
18.5994314166709));
#12374=CARTESIAN_POINT('Ctrl Pts',(-332.004105217338,-90.8134807095453,
15.6604588214556));
#12375=CARTESIAN_POINT('Ctrl Pts',(-332.004105217338,-92.1442269550368,
14.1929715209318));
#12376=CARTESIAN_POINT('Ctrl Pts',(-332.004105217338,-92.1807930240452,
14.1526480993316));
#12377=CARTESIAN_POINT('Ctrl Pts',(-332.004105217338,-92.2173590930535,
14.1123246777314));
#12378=CARTESIAN_POINT('Ctrl Pts',(-332.004105217338,-92.2539251620618,
14.0720012561312));
#12379=CARTESIAN_POINT('Ctrl Pts',(-337.004105217338,-95.9578099639982,
17.4307565872002));
#12380=CARTESIAN_POINT('Ctrl Pts',(-337.004105217338,-95.9212438949899,
17.4710800088004));
#12381=CARTESIAN_POINT('Ctrl Pts',(-337.004105217338,-95.8846778259815,
17.5114034304006));
#12382=CARTESIAN_POINT('Ctrl Pts',(-337.004105217338,-95.8481117569732,
17.5517268520008));
#12383=CARTESIAN_POINT('Ctrl Pts',(-337.004105217338,-94.6516705875509,
18.8711085356984));
#12384=CARTESIAN_POINT('Ctrl Pts',(-337.004105217338,-92.5855898382119,
21.4674509143894));
#12385=CARTESIAN_POINT('Ctrl Pts',(-337.004105217338,-90.5122062270154,
25.1231943122237));
#12386=CARTESIAN_POINT('Ctrl Pts',(-337.004105217338,-89.4998722974131,
28.3922361782773));
#12387=CARTESIAN_POINT('Ctrl Pts',(-337.004105217338,-89.3864184051352,
31.3602187921286));
#12388=CARTESIAN_POINT('Ctrl Pts',(-337.004105217338,-90.3809507442907,
35.6641417795104));
#12389=CARTESIAN_POINT('Ctrl Pts',(-337.004105217338,-92.6664652963327,
39.5149506905248));
#12390=CARTESIAN_POINT('Ctrl Pts',(-337.004105217338,-94.8504983293872,
42.1875827166799));
#12391=CARTESIAN_POINT('Ctrl Pts',(-337.004105217338,-94.9360175580468,
42.2922338029541));
#12392=CARTESIAN_POINT('Ctrl Pts',(-337.004105217338,-95.0215367867063,
42.3968848892282));
#12393=CARTESIAN_POINT('Ctrl Pts',(-337.004105217338,-95.1070560153658,
42.5015359755022));
#12394=CARTESIAN_POINT('Ctrl Pts',(-332.004105217338,-90.978819800403,45.3514577723993));
#12395=CARTESIAN_POINT('Ctrl Pts',(-332.004105217338,-88.5271605734243,
42.3513277981385));
#12396=CARTESIAN_POINT('Ctrl Pts',(-332.004105217338,-85.7826778426407,
37.8630218571466));
#12397=CARTESIAN_POINT('Ctrl Pts',(-332.004105217338,-84.3412727791868,
31.9068760443446));
#12398=CARTESIAN_POINT('Ctrl Pts',(-332.004105217338,-84.517003796592,27.4557815204317));
#12399=CARTESIAN_POINT('Ctrl Pts',(-332.004105217338,-85.9360586910421,
23.0205303031924));
#12400=CARTESIAN_POINT('Ctrl Pts',(-332.004105217338,-88.4657359748833,
18.5994314166709));
#12401=CARTESIAN_POINT('Ctrl Pts',(-332.004105217338,-90.8134807095453,
15.6604588214556));
#12402=CARTESIAN_POINT('Ctrl Pts',(-332.004105217338,-92.1442269550368,
14.1929715209318));
#12403=CARTESIAN_POINT('Origin',(-326.004105217338,-92.1442269550368,14.1929715209318));
#12404=CARTESIAN_POINT('',(-326.004105217338,-92.1442269550368,14.1929715209318));
#12405=CARTESIAN_POINT('',(-326.004105217338,-92.1442269550368,14.1929715209318));
#12406=CARTESIAN_POINT('',(-326.004105217338,-83.9691361065304,24.4848100169968));
#12407=CARTESIAN_POINT('Ctrl Pts',(-326.004105217338,-90.978819800403,45.3514577723993));
#12408=CARTESIAN_POINT('Ctrl Pts',(-337.004105217338,-90.978819800403,45.3514577723993));
#12409=CARTESIAN_POINT('Ctrl Pts',(-326.004105217338,-90.4639713627375,
44.7214304778045));
#12410=CARTESIAN_POINT('Ctrl Pts',(-337.004105217338,-90.4639713627375,
44.7214304778045));
#12411=CARTESIAN_POINT('Ctrl Pts',(-326.004105217338,-89.4814281540714,
43.4619767538135));
#12412=CARTESIAN_POINT('Ctrl Pts',(-337.004105217338,-89.4814281540714,
43.4619767538135));
#12413=CARTESIAN_POINT('Ctrl Pts',(-326.004105217338,-88.1490708049794,
41.5745987183655));
#12414=CARTESIAN_POINT('Ctrl Pts',(-337.004105217338,-88.1490708049794,
41.5745987183655));
#12415=CARTESIAN_POINT('Ctrl Pts',(-326.004105217338,-86.6601943091007,
39.0617594722643));
#12416=CARTESIAN_POINT('Ctrl Pts',(-337.004105217338,-86.6601943091007,
39.0617594722643));
#12417=CARTESIAN_POINT('Ctrl Pts',(-326.004105217338,-85.310826716552,35.927231213133));
#12418=CARTESIAN_POINT('Ctrl Pts',(-337.004105217338,-85.310826716552,35.927231213133));
#12419=CARTESIAN_POINT('Ctrl Pts',(-326.004105217338,-84.5183853171672,
32.7997996992261));
#12420=CARTESIAN_POINT('Ctrl Pts',(-337.004105217338,-84.5183853171672,
32.7997996992261));
#12421=CARTESIAN_POINT('Ctrl Pts',(-326.004105217338,-84.3274857108201,
29.680033453792));
#12422=CARTESIAN_POINT('Ctrl Pts',(-337.004105217338,-84.3274857108201,
29.680033453792));
#12423=CARTESIAN_POINT('Ctrl Pts',(-326.004105217338,-84.7609532408776,
26.5682233333013));
#12424=CARTESIAN_POINT('Ctrl Pts',(-337.004105217338,-84.7609532408776,
26.5682233333012));
#12425=CARTESIAN_POINT('Ctrl Pts',(-326.004105217338,-85.7922631492769,
23.464031340536));
#12426=CARTESIAN_POINT('Ctrl Pts',(-337.004105217338,-85.7922631492769,
23.464031340536));
#12427=CARTESIAN_POINT('Ctrl Pts',(-326.004105217338,-87.3755476075006,
20.3668729952764));
#12428=CARTESIAN_POINT('Ctrl Pts',(-337.004105217338,-87.3755476075006,
20.3668729952764));
#12429=CARTESIAN_POINT('Ctrl Pts',(-326.004105217338,-89.0471455659463,
17.8943067362194));
#12430=CARTESIAN_POINT('Ctrl Pts',(-337.004105217338,-89.0471455659463,
17.8943067362194));
#12431=CARTESIAN_POINT('Ctrl Pts',(-326.004105217338,-90.5141056287652,
16.0425995708933));
#12432=CARTESIAN_POINT('Ctrl Pts',(-337.004105217338,-90.5141056287652,
16.0425995708932));
#12433=CARTESIAN_POINT('Ctrl Pts',(-326.004105217338,-91.5853135319303,
14.8093161871517));
#12434=CARTESIAN_POINT('Ctrl Pts',(-337.004105217338,-91.5853135319303,
14.8093161871517));
#12435=CARTESIAN_POINT('Ctrl Pts',(-326.004105217338,-92.1442269550368,
14.1929715209318));
#12436=CARTESIAN_POINT('Ctrl Pts',(-337.004105217338,-92.1442269550368,
14.1929715209318));
#12437=CARTESIAN_POINT('Ctrl Pts',(-326.004105217338,-92.1442269550368,
14.1929715209318));
#12438=CARTESIAN_POINT('Ctrl Pts',(-326.004105217338,-91.5853135319303,
14.8093161871517));
#12439=CARTESIAN_POINT('Ctrl Pts',(-326.004105217338,-90.5141056287652,
16.0425995708933));
#12440=CARTESIAN_POINT('Ctrl Pts',(-326.004105217338,-89.0471455659463,
17.8943067362194));
#12441=CARTESIAN_POINT('Ctrl Pts',(-326.004105217338,-87.3755476075006,
20.3668729952764));
#12442=CARTESIAN_POINT('Ctrl Pts',(-326.004105217338,-85.7922631492769,
23.464031340536));
#12443=CARTESIAN_POINT('Ctrl Pts',(-326.004105217338,-84.7609532408776,
26.5682233333013));
#12444=CARTESIAN_POINT('Ctrl Pts',(-326.004105217338,-84.3274857108201,
29.680033453792));
#12445=CARTESIAN_POINT('Ctrl Pts',(-326.004105217338,-84.5183853171672,
32.7997996992261));
#12446=CARTESIAN_POINT('Ctrl Pts',(-326.004105217338,-85.310826716552,35.927231213133));
#12447=CARTESIAN_POINT('Ctrl Pts',(-326.004105217338,-86.6601943091007,
39.0617594722643));
#12448=CARTESIAN_POINT('Ctrl Pts',(-326.004105217338,-88.1490708049794,
41.5745987183655));
#12449=CARTESIAN_POINT('Ctrl Pts',(-326.004105217338,-89.4814281540714,
43.4619767538135));
#12450=CARTESIAN_POINT('Ctrl Pts',(-326.004105217338,-90.4639713627375,
44.7214304778045));
#12451=CARTESIAN_POINT('Ctrl Pts',(-326.004105217338,-90.978819800403,45.3514577723993));
#12452=CARTESIAN_POINT('Ctrl Pts',(-337.004105217338,-72.8366702278868,
30.4524386273924));
#12453=CARTESIAN_POINT('Ctrl Pts',(-337.004105217338,-73.2896768732083,
31.99696941461));
#12454=CARTESIAN_POINT('Ctrl Pts',(-337.004105217338,-74.7384366539824,
36.420806444279));
#12455=CARTESIAN_POINT('Ctrl Pts',(-337.004105217338,-77.0269247184748,
41.5514079795346));
#12456=CARTESIAN_POINT('Ctrl Pts',(-337.004105217338,-80.1748359598821,
45.8414509206659));
#12457=CARTESIAN_POINT('Ctrl Pts',(-337.004105217338,-83.1540889776606,
48.4426242350344));
#12458=CARTESIAN_POINT('Ctrl Pts',(-337.004105217338,-86.6211798697584,
50.1265280466286));
#12459=CARTESIAN_POINT('Ctrl Pts',(-337.004105217338,-89.0719048048913,
50.5966411893832));
#12460=CARTESIAN_POINT('Ctrl Pts',(-337.004105217338,-90.3063478145575,
50.6841591285973));
#12461=CARTESIAN_POINT('Ctrl Pts',(-335.337438550671,-74.4359674460206,
29.9833691380337));
#12462=CARTESIAN_POINT('Ctrl Pts',(-335.337438550671,-74.8800618698162,
31.4975136148705));
#12463=CARTESIAN_POINT('Ctrl Pts',(-335.337438550671,-76.2947503759437,
35.8232388103863));
#12464=CARTESIAN_POINT('Ctrl Pts',(-335.337438550671,-78.5115417382319,
40.7634771044995));
#12465=CARTESIAN_POINT('Ctrl Pts',(-335.337438550671,-81.4257567279492,
44.7195559412638));
#12466=CARTESIAN_POINT('Ctrl Pts',(-335.337438550671,-84.0926840090338,
47.0406113555095));
#12467=CARTESIAN_POINT('Ctrl Pts',(-335.337438550671,-87.1508549188508,
48.525387587537));
#12468=CARTESIAN_POINT('Ctrl Pts',(-335.337438550671,-89.3226673965442,
48.9435693951025));
#12469=CARTESIAN_POINT('Ctrl Pts',(-335.337438550671,-90.4242131414758,
49.0216653564321));
#12470=CARTESIAN_POINT('Ctrl Pts',(-333.670771884005,-76.0352646641544,
29.514299648675));
#12471=CARTESIAN_POINT('Ctrl Pts',(-333.670771884005,-76.4704468664241,
30.998057815131));
#12472=CARTESIAN_POINT('Ctrl Pts',(-333.670771884005,-77.8510640979051,
35.2256711764936));
#12473=CARTESIAN_POINT('Ctrl Pts',(-333.670771884005,-79.9961587579889,
39.9755462294645));
#12474=CARTESIAN_POINT('Ctrl Pts',(-333.670771884005,-82.6766774960162,
43.5976609618616));
#12475=CARTESIAN_POINT('Ctrl Pts',(-333.670771884005,-85.031279040407,45.6385984759846));
#12476=CARTESIAN_POINT('Ctrl Pts',(-333.670771884005,-87.6805299679431,
46.9242471284453));
#12477=CARTESIAN_POINT('Ctrl Pts',(-333.670771884005,-89.5734299881971,
47.2904976008217));
#12478=CARTESIAN_POINT('Ctrl Pts',(-333.670771884005,-90.5420784683941,
47.3591715842668));
#12479=CARTESIAN_POINT('Ctrl Pts',(-332.004105217338,-77.6345618822882,
29.0452301593163));
#12480=CARTESIAN_POINT('Ctrl Pts',(-332.004105217338,-78.0608318630319,
30.4986020153914));
#12481=CARTESIAN_POINT('Ctrl Pts',(-332.004105217338,-79.4073778198665,
34.6281035426008));
#12482=CARTESIAN_POINT('Ctrl Pts',(-332.004105217338,-81.480775777746,39.1876153544294));
#12483=CARTESIAN_POINT('Ctrl Pts',(-332.004105217338,-83.9275982640832,
42.4757659824595));
#12484=CARTESIAN_POINT('Ctrl Pts',(-332.004105217338,-85.9698740717802,
44.2365855964596));
#12485=CARTESIAN_POINT('Ctrl Pts',(-332.004105217338,-88.2102050170354,
45.3231066693536));
#12486=CARTESIAN_POINT('Ctrl Pts',(-332.004105217338,-89.8241925798501,
45.637425806541));
#12487=CARTESIAN_POINT('Ctrl Pts',(-332.004105217338,-90.6599437953124,
45.6966778121016));
#12488=CARTESIAN_POINT('',(-332.004105217338,-77.6345618822885,29.0452301593167));
#12489=CARTESIAN_POINT('Ctrl Pts',(-332.004105217338,-77.6345618822882,
29.0452301593163));
#12490=CARTESIAN_POINT('Ctrl Pts',(-332.004105217338,-78.0608318630319,
30.4986020153914));
#12491=CARTESIAN_POINT('Ctrl Pts',(-332.004105217338,-79.4073778198665,
34.6281035426008));
#12492=CARTESIAN_POINT('Ctrl Pts',(-332.004105217338,-81.480775777746,39.1876153544294));
#12493=CARTESIAN_POINT('Ctrl Pts',(-332.004105217338,-83.9275982640832,
42.4757659824595));
#12494=CARTESIAN_POINT('Ctrl Pts',(-332.004105217338,-85.9698740717802,
44.2365855964596));
#12495=CARTESIAN_POINT('Ctrl Pts',(-332.004105217338,-88.2102050170354,
45.3231066693536));
#12496=CARTESIAN_POINT('Ctrl Pts',(-332.004105217338,-89.8241925798501,
45.637425806541));
#12497=CARTESIAN_POINT('Ctrl Pts',(-332.004105217338,-90.6599437953124,
45.6966778121016));
#12498=CARTESIAN_POINT('',(-337.004105217338,-72.9017543312087,30.6732279719928));
#12499=CARTESIAN_POINT('Ctrl Pts',(-337.004105217338,-88.0455208226894,
50.3517518816056));
#12500=CARTESIAN_POINT('Ctrl Pts',(-337.004105217338,-87.578165816347,50.245903272951));
#12501=CARTESIAN_POINT('Ctrl Pts',(-337.004105217338,-85.9105616965303,
49.7813935555732));
#12502=CARTESIAN_POINT('Ctrl Pts',(-337.004105217338,-83.1540889776606,
48.4426242350344));
#12503=CARTESIAN_POINT('Ctrl Pts',(-337.004105217338,-80.1748359598821,
45.8414509206659));
#12504=CARTESIAN_POINT('Ctrl Pts',(-337.004105217338,-77.0269247184748,
41.5514079795346));
#12505=CARTESIAN_POINT('Ctrl Pts',(-337.004105217338,-74.7657564902544,
36.4820552644477));
#12506=CARTESIAN_POINT('Ctrl Pts',(-337.004105217338,-73.3358652317452,
32.1376541939591));
#12507=CARTESIAN_POINT('Ctrl Pts',(-337.004105217338,-72.9017704370572,
30.673223197807));
#12508=CARTESIAN_POINT('Ctrl Pts',(-337.004105217338,-72.9017543312087,
30.6732279719941));
#12509=CARTESIAN_POINT('Ctrl Pts',(-336.1708092007,-73.6903135623562,30.4013834461807));
#12510=CARTESIAN_POINT('Ctrl Pts',(-335.337400585922,-74.4790799966343,
30.1297571945295));
#12511=CARTESIAN_POINT('Ctrl Pts',(-333.670813764475,-76.0566041566942,
29.5871102147915));
#12512=CARTESIAN_POINT('Ctrl Pts',(-332.837395366897,-76.8455892419894,
29.3160112908963));
#12513=CARTESIAN_POINT('Ctrl Pts',(-332.004105217338,-77.6345618822881,
29.0452301593156));
#12514=CARTESIAN_POINT('Origin',(-334.504105217338,-66.5446814317211,7.75742832628892));
#12515=CARTESIAN_POINT('',(-337.004105217338,-64.2192603807704,8.67526106475238));
#12516=CARTESIAN_POINT('',(-332.004105217338,-68.8701024826718,6.83959558782546));
#12517=CARTESIAN_POINT('Ctrl Pts',(-326.004105217338,-77.6345618822882,
29.0452301593163));
#12518=CARTESIAN_POINT('Ctrl Pts',(-337.004105217338,-77.6345618822882,
29.0452301593163));
#12519=CARTESIAN_POINT('Ctrl Pts',(-326.004105217338,-77.8135952742006,
29.6556463388678));
#12520=CARTESIAN_POINT('Ctrl Pts',(-337.004105217338,-77.8135952742006,
29.6556463388678));
#12521=CARTESIAN_POINT('Ctrl Pts',(-326.004105217338,-78.1782794383533,
30.8539491643528));
#12522=CARTESIAN_POINT('Ctrl Pts',(-337.004105217338,-78.1782794383533,
30.8539491643528));
#12523=CARTESIAN_POINT('Ctrl Pts',(-326.004105217338,-78.7451568657141,
32.5838180696358));
#12524=CARTESIAN_POINT('Ctrl Pts',(-337.004105217338,-78.7451568657141,
32.5838180696358));
#12525=CARTESIAN_POINT('Ctrl Pts',(-326.004105217338,-79.5413572165308,
34.7528874111724));
#12526=CARTESIAN_POINT('Ctrl Pts',(-337.004105217338,-79.5413572165308,
34.7528874111724));
#12527=CARTESIAN_POINT('Ctrl Pts',(-326.004105217338,-80.6088988143845,
37.2181016008535));
#12528=CARTESIAN_POINT('Ctrl Pts',(-337.004105217338,-80.6088988143845,
37.2181016008535));
#12529=CARTESIAN_POINT('Ctrl Pts',(-326.004105217338,-81.7565880659503,
39.4104450816495));
#12530=CARTESIAN_POINT('Ctrl Pts',(-337.004105217338,-81.7565880659503,
39.4104450816495));
#12531=CARTESIAN_POINT('Ctrl Pts',(-326.004105217338,-82.9936462275292,
41.2985231632744));
#12532=CARTESIAN_POINT('Ctrl Pts',(-337.004105217338,-82.9936462275292,
41.2985231632744));
#12533=CARTESIAN_POINT('Ctrl Pts',(-326.004105217338,-84.3286141336609,
42.8532577193999));
#12534=CARTESIAN_POINT('Ctrl Pts',(-337.004105217338,-84.3286141336609,
42.8532577193999));
#12535=CARTESIAN_POINT('Ctrl Pts',(-326.004105217338,-85.7652851776589,
44.0617337625237));
#12536=CARTESIAN_POINT('Ctrl Pts',(-337.004105217338,-85.7652851776589,
44.0617337625237));
#12537=CARTESIAN_POINT('Ctrl Pts',(-326.004105217338,-87.2997247934971,
44.9373469162333));
#12538=CARTESIAN_POINT('Ctrl Pts',(-337.004105217338,-87.2997247934971,
44.9373469162333));
#12539=CARTESIAN_POINT('Ctrl Pts',(-326.004105217338,-88.6007104939434,
45.3878240088046));
#12540=CARTESIAN_POINT('Ctrl Pts',(-337.004105217338,-88.6007104939434,
45.3878240088046));
#12541=CARTESIAN_POINT('Ctrl Pts',(-326.004105217338,-89.615417118226,45.5930135879166));
#12542=CARTESIAN_POINT('Ctrl Pts',(-337.004105217338,-89.615417118226,45.5930135879166));
#12543=CARTESIAN_POINT('Ctrl Pts',(-326.004105217338,-90.3089282848179,
45.6717919697661));
#12544=CARTESIAN_POINT('Ctrl Pts',(-337.004105217338,-90.3089282848179,
45.6717919697661));
#12545=CARTESIAN_POINT('Ctrl Pts',(-326.004105217338,-90.659943795312,45.6966778121016));
#12546=CARTESIAN_POINT('Ctrl Pts',(-337.004105217338,-90.659943795312,45.6966778121016));
#12547=CARTESIAN_POINT('',(-326.004105217338,-77.6345618822882,29.0452301593163));
#12548=CARTESIAN_POINT('',(-326.004105217338,-77.6345618822882,29.0452301593163));
#12549=CARTESIAN_POINT('Ctrl Pts',(-326.004105217338,-90.659943795312,45.6966778121016));
#12550=CARTESIAN_POINT('Ctrl Pts',(-326.004105217338,-90.3089282848179,
45.6717919697661));
#12551=CARTESIAN_POINT('Ctrl Pts',(-326.004105217338,-89.615417118226,45.5930135879166));
#12552=CARTESIAN_POINT('Ctrl Pts',(-326.004105217338,-88.6007104939434,
45.3878240088046));
#12553=CARTESIAN_POINT('Ctrl Pts',(-326.004105217338,-87.2997247934971,
44.9373469162333));
#12554=CARTESIAN_POINT('Ctrl Pts',(-326.004105217338,-85.7652851776589,
44.0617337625237));
#12555=CARTESIAN_POINT('Ctrl Pts',(-326.004105217338,-84.3286141336609,
42.8532577193999));
#12556=CARTESIAN_POINT('Ctrl Pts',(-326.004105217338,-82.9936462275292,
41.2985231632744));
#12557=CARTESIAN_POINT('Ctrl Pts',(-326.004105217338,-81.7565880659503,
39.4104450816495));
#12558=CARTESIAN_POINT('Ctrl Pts',(-326.004105217338,-80.6088988143845,
37.2181016008535));
#12559=CARTESIAN_POINT('Ctrl Pts',(-326.004105217338,-79.5413572165308,
34.7528874111724));
#12560=CARTESIAN_POINT('Ctrl Pts',(-326.004105217338,-78.7451568657141,
32.5838180696358));
#12561=CARTESIAN_POINT('Ctrl Pts',(-326.004105217338,-78.1782794383533,
30.8539491643528));
#12562=CARTESIAN_POINT('Ctrl Pts',(-326.004105217338,-77.8135952742006,
29.6556463388678));
#12563=CARTESIAN_POINT('Ctrl Pts',(-326.004105217338,-77.6345618822882,
29.0452301593163));
#12564=CARTESIAN_POINT('Origin',(-326.004105217338,-62.9006390645124,-8.28463708958652));
#12565=CARTESIAN_POINT('',(-326.004105217338,-76.0365555300947,24.996521222256));
#12566=CARTESIAN_POINT('Ctrl Pts',(-337.004105217338,-87.7128990011502,
51.7069006021457));
#12567=CARTESIAN_POINT('Ctrl Pts',(-337.004105217338,-87.4781565111754,
51.7448596241894));
#12568=CARTESIAN_POINT('Ctrl Pts',(-337.004105217338,-87.2434140212006,
51.782818646233));
#12569=CARTESIAN_POINT('Ctrl Pts',(-337.004105217338,-87.0086715312258,
51.8207776682766));
#12570=CARTESIAN_POINT('Ctrl Pts',(-337.004105217338,-85.2717655396507,
52.1016439606509));
#12571=CARTESIAN_POINT('Ctrl Pts',(-337.004105217338,-81.9906798556499,
52.4133478953263));
#12572=CARTESIAN_POINT('Ctrl Pts',(-337.004105217338,-77.7552845493256,
52.1484575570393));
#12573=CARTESIAN_POINT('Ctrl Pts',(-337.004105217338,-74.3130481452524,
51.1919537303833));
#12574=CARTESIAN_POINT('Ctrl Pts',(-337.004105217338,-71.49859729808,49.580595071203));
#12575=CARTESIAN_POINT('Ctrl Pts',(-337.004105217338,-68.9018925344141,
47.0713692793787));
#12576=CARTESIAN_POINT('Ctrl Pts',(-337.004105217338,-66.4820272157566,
43.5123562196796));
#12577=CARTESIAN_POINT('Ctrl Pts',(-337.004105217338,-65.0496558095827,
40.4958386796835));
#12578=CARTESIAN_POINT('Ctrl Pts',(-337.004105217338,-64.38984977543,38.8406919195966));
#12579=CARTESIAN_POINT('Ctrl Pts',(-335.337438550671,-87.978951261145,53.3521950963714));
#12580=CARTESIAN_POINT('Ctrl Pts',(-335.337438550671,-87.7442087711701,
53.3901541184151));
#12581=CARTESIAN_POINT('Ctrl Pts',(-335.337438550671,-87.5094662811953,
53.4281131404587));
#12582=CARTESIAN_POINT('Ctrl Pts',(-335.337438550671,-87.2747237912205,
53.4660721625023));
#12583=CARTESIAN_POINT('Ctrl Pts',(-335.337438550671,-85.4704858543702,
53.7578016024081));
#12584=CARTESIAN_POINT('Ctrl Pts',(-335.337438550671,-82.0394104578123,
54.0857196910582));
#12585=CARTESIAN_POINT('Ctrl Pts',(-335.337438550671,-77.5085933487261,
53.8082691086136));
#12586=CARTESIAN_POINT('Ctrl Pts',(-335.337438550672,-73.6811339340412,
52.7557024026403));
#12587=CARTESIAN_POINT('Ctrl Pts',(-335.337438550672,-70.4687892805367,
50.9157649194686));
#12588=CARTESIAN_POINT('Ctrl Pts',(-335.337438550672,-67.5982133687797,
48.1270090971544));
#12589=CARTESIAN_POINT('Ctrl Pts',(-335.337438550671,-65.0200126621787,
44.3254130064194));
#12590=CARTESIAN_POINT('Ctrl Pts',(-335.337438550671,-63.5262671472854,
41.1749894412009));
#12591=CARTESIAN_POINT('Ctrl Pts',(-335.337438550671,-62.8416631051634,
39.4578594914819));
#12592=CARTESIAN_POINT('Ctrl Pts',(-333.670771884005,-88.2450035211397,
54.9974895905972));
#12593=CARTESIAN_POINT('Ctrl Pts',(-333.670771884005,-88.0102610311648,
55.0354486126408));
#12594=CARTESIAN_POINT('Ctrl Pts',(-333.670771884005,-87.77551854119,55.0734076346845));
#12595=CARTESIAN_POINT('Ctrl Pts',(-333.670771884005,-87.5407760512152,
55.1113666567281));
#12596=CARTESIAN_POINT('Ctrl Pts',(-333.670771884005,-85.6685781297486,
55.4141350846896));
#12597=CARTESIAN_POINT('Ctrl Pts',(-333.670771884005,-82.0888568385496,
55.7581568870001));
#12598=CARTESIAN_POINT('Ctrl Pts',(-333.670771884005,-77.2608216766807,
55.4687534951943));
#12599=CARTESIAN_POINT('Ctrl Pts',(-333.670771884005,-73.0497718445684,
54.3202769459786));
#12600=CARTESIAN_POINT('Ctrl Pts',(-333.670771884005,-69.4406497162294,
52.2507578703177));
#12601=CARTESIAN_POINT('Ctrl Pts',(-333.670771884005,-66.2945537542688,
49.1825794594671));
#12602=CARTESIAN_POINT('Ctrl Pts',(-333.670771884005,-63.5584347395045,
45.1378666510052));
#12603=CARTESIAN_POINT('Ctrl Pts',(-333.670771884005,-62.0028002969809,
41.8546145351615));
#12604=CARTESIAN_POINT('Ctrl Pts',(-333.670771884005,-61.2934764348969,
40.0750270633672));
#12605=CARTESIAN_POINT('Ctrl Pts',(-332.004105217338,-88.5110557811344,
56.6427840848229));
#12606=CARTESIAN_POINT('Ctrl Pts',(-332.004105217338,-88.2763132911595,
56.6807431068665));
#12607=CARTESIAN_POINT('Ctrl Pts',(-332.004105217338,-88.0415708011847,
56.7187021289102));
#12608=CARTESIAN_POINT('Ctrl Pts',(-332.004105217338,-87.8068283112098,
56.7566611509538));
#12609=CARTESIAN_POINT('Ctrl Pts',(-332.004105217338,-85.867298444468,57.0702927264468));
#12610=CARTESIAN_POINT('Ctrl Pts',(-332.004105217338,-82.1375874407121,
57.430528682732));
#12611=CARTESIAN_POINT('Ctrl Pts',(-332.004105217338,-77.0141304760812,
57.1285650467686));
#12612=CARTESIAN_POINT('Ctrl Pts',(-332.004105217338,-72.4178576333573,
55.8840256182356));
#12613=CARTESIAN_POINT('Ctrl Pts',(-332.004105217338,-68.4108416986861,
53.5859277185833));
#12614=CARTESIAN_POINT('Ctrl Pts',(-332.004105217338,-64.9908745886344,
50.2382192772428));
#12615=CARTESIAN_POINT('Ctrl Pts',(-332.004105217338,-62.0964201859266,
45.950923437745));
#12616=CARTESIAN_POINT('Ctrl Pts',(-332.004105217338,-60.4794116346836,
42.5337652966789));
#12617=CARTESIAN_POINT('Ctrl Pts',(-332.004105217338,-59.7452897646303,
40.6921946352524));
#12618=CARTESIAN_POINT('',(-332.004105217338,-59.7452897646305,40.6921946352529));
#12619=CARTESIAN_POINT('',(-337.004105217338,-64.3930050616573,38.848604858905));
#12620=CARTESIAN_POINT('Ctrl Pts',(-332.004105217338,-59.7452897646305,
40.6921946352528));
#12621=CARTESIAN_POINT('Ctrl Pts',(-333.670771884005,-61.2946465001312,
40.0779622133679));
#12622=CARTESIAN_POINT('Ctrl Pts',(-335.337438354918,-62.8438851612647,
39.4634322502748));
#12623=CARTESIAN_POINT('Ctrl Pts',(-337.004105217338,-64.3930050580288,
38.8486048603516));
#12624=CARTESIAN_POINT('Ctrl Pts',(-337.004105217338,-64.3930050603924,
38.8486048662775));
#12625=CARTESIAN_POINT('Ctrl Pts',(-337.004105217338,-65.0519388805272,
40.5006460860188));
#12626=CARTESIAN_POINT('Ctrl Pts',(-337.004105217338,-66.4833128334886,
43.5142470399094));
#12627=CARTESIAN_POINT('Ctrl Pts',(-337.004105217338,-68.9018925344141,
47.0713692793787));
#12628=CARTESIAN_POINT('Ctrl Pts',(-337.004105217338,-71.49859729808,49.580595071203));
#12629=CARTESIAN_POINT('Ctrl Pts',(-337.004105217338,-74.3130481452524,
51.1919537303833));
#12630=CARTESIAN_POINT('Ctrl Pts',(-337.004105217338,-77.7552845493256,
52.1484575570393));
#12631=CARTESIAN_POINT('Ctrl Pts',(-337.004105217338,-81.9906798556499,
52.4133478953263));
#12632=CARTESIAN_POINT('Ctrl Pts',(-337.004105217338,-85.2717655396507,
52.1016439606509));
#12633=CARTESIAN_POINT('Ctrl Pts',(-337.004105217338,-87.0086715312258,
51.8207776682766));
#12634=CARTESIAN_POINT('Ctrl Pts',(-337.004105217338,-87.2434140212006,
51.782818646233));
#12635=CARTESIAN_POINT('Ctrl Pts',(-337.004105217338,-87.4781565111754,
51.7448596241894));
#12636=CARTESIAN_POINT('Ctrl Pts',(-337.004105217338,-87.7128990011502,
51.7069006021457));
#12637=CARTESIAN_POINT('Ctrl Pts',(-332.004105217338,-87.8068283112098,
56.7566611509538));
#12638=CARTESIAN_POINT('Ctrl Pts',(-332.004105217338,-85.867298444468,57.0702927264468));
#12639=CARTESIAN_POINT('Ctrl Pts',(-332.004105217338,-82.1375874407121,
57.430528682732));
#12640=CARTESIAN_POINT('Ctrl Pts',(-332.004105217338,-77.0141304760812,
57.1285650467686));
#12641=CARTESIAN_POINT('Ctrl Pts',(-332.004105217338,-72.4178576333573,
55.8840256182356));
#12642=CARTESIAN_POINT('Ctrl Pts',(-332.004105217338,-68.4108416986861,
53.5859277185833));
#12643=CARTESIAN_POINT('Ctrl Pts',(-332.004105217338,-64.9908745886344,
50.2382192772428));
#12644=CARTESIAN_POINT('Ctrl Pts',(-332.004105217338,-62.0964201859266,
45.950923437745));
#12645=CARTESIAN_POINT('Ctrl Pts',(-332.004105217338,-60.4794116346836,
42.5337652966789));
#12646=CARTESIAN_POINT('Ctrl Pts',(-332.004105217338,-59.7452897646303,
40.6921946352524));
#12647=CARTESIAN_POINT('Origin',(-334.504105217338,-59.890137261575,34.2496606814885));
#12648=CARTESIAN_POINT('',(-332.004105217338,-57.5647162106244,35.1674934199519));
#12649=CARTESIAN_POINT('',(-337.004105217338,-62.2155583125256,33.331827943025));
#12650=CARTESIAN_POINT('Origin',(-337.004105217338,-68.2972235046868,24.546060001277));
#12651=CARTESIAN_POINT('Ctrl Pts',(-337.004105217338,-66.0077004683902,
65.6059477155085));
#12652=CARTESIAN_POINT('Ctrl Pts',(-337.004105217338,-69.1344698190542,
66.3639803480557));
#12653=CARTESIAN_POINT('Ctrl Pts',(-337.004105217338,-74.9981750889809,
67.4317318551841));
#12654=CARTESIAN_POINT('Ctrl Pts',(-337.004105217338,-81.7294388399028,
67.3660048725244));
#12655=CARTESIAN_POINT('Ctrl Pts',(-337.004105217338,-86.7275691642342,
65.6753868354274));
#12656=CARTESIAN_POINT('Ctrl Pts',(-337.004105217338,-89.914226038531,63.5163798132048));
#12657=CARTESIAN_POINT('Ctrl Pts',(-337.004105217338,-91.5472796550085,
61.6316343087157));
#12658=CARTESIAN_POINT('Ctrl Pts',(-337.004105217338,-92.2385490898885,
60.6070333883919));
#12659=CARTESIAN_POINT('Ctrl Pts',(-335.337438550671,-66.4003808487124,
63.9862008535922));
#12660=CARTESIAN_POINT('Ctrl Pts',(-335.337438550671,-69.4658641091775,
64.7293757044862));
#12661=CARTESIAN_POINT('Ctrl Pts',(-335.337438550671,-75.1971794725965,
65.7710061157917));
#12662=CARTESIAN_POINT('Ctrl Pts',(-335.337438550671,-81.5233480270041,
65.6812651835832));
#12663=CARTESIAN_POINT('Ctrl Pts',(-335.337438550671,-85.9840178762242,
64.1602077057886));
#12664=CARTESIAN_POINT('Ctrl Pts',(-335.337438550671,-88.7939274242492,
62.2574161710857));
#12665=CARTESIAN_POINT('Ctrl Pts',(-335.337438550671,-90.2405114212401,
60.5885386955992));
#12666=CARTESIAN_POINT('Ctrl Pts',(-335.337438550671,-90.8569244503194,
59.6748900876526));
#12667=CARTESIAN_POINT('Ctrl Pts',(-333.670771884005,-66.7930612290346,
62.3664539916759));
#12668=CARTESIAN_POINT('Ctrl Pts',(-333.670771884005,-69.7972583993008,
63.0947710609167));
#12669=CARTESIAN_POINT('Ctrl Pts',(-333.670771884005,-75.3961838562122,
64.1102803763993));
#12670=CARTESIAN_POINT('Ctrl Pts',(-333.670771884005,-81.3172572141055,
63.9965254946421));
#12671=CARTESIAN_POINT('Ctrl Pts',(-333.670771884005,-85.2404665882142,
62.6450285761496));
#12672=CARTESIAN_POINT('Ctrl Pts',(-333.670771884005,-87.6736288099674,
60.9984525289666));
#12673=CARTESIAN_POINT('Ctrl Pts',(-333.670771884005,-88.9337431874717,
59.5454430824827));
#12674=CARTESIAN_POINT('Ctrl Pts',(-333.670771884005,-89.4752998107502,
58.7427467869132));
#12675=CARTESIAN_POINT('Ctrl Pts',(-332.004105217338,-67.1857416093568,
60.7467071297596));
#12676=CARTESIAN_POINT('Ctrl Pts',(-332.004105217338,-70.128652689424,61.4601664173472));
#12677=CARTESIAN_POINT('Ctrl Pts',(-332.004105217338,-75.5951882398279,
62.4495546370069));
#12678=CARTESIAN_POINT('Ctrl Pts',(-332.004105217338,-81.1111664012068,
62.3117858057009));
#12679=CARTESIAN_POINT('Ctrl Pts',(-332.004105217338,-84.4969153002041,
61.1298494465107));
#12680=CARTESIAN_POINT('Ctrl Pts',(-332.004105217338,-86.5533301956855,
59.7394888868474));
#12681=CARTESIAN_POINT('Ctrl Pts',(-332.004105217338,-87.6269749537033,
58.5023474693663));
#12682=CARTESIAN_POINT('Ctrl Pts',(-332.004105217338,-88.0936751711811,
57.8106034861739));
#12683=CARTESIAN_POINT('',(-332.004105217338,-67.1857416093575,60.7467071297597));
#12684=CARTESIAN_POINT('Ctrl Pts',(-332.004105217338,-67.1857416093568,
60.7467071297596));
#12685=CARTESIAN_POINT('Ctrl Pts',(-332.004105217338,-70.128652689424,61.4601664173472));
#12686=CARTESIAN_POINT('Ctrl Pts',(-332.004105217338,-75.5951882398279,
62.4495546370069));
#12687=CARTESIAN_POINT('Ctrl Pts',(-332.004105217338,-81.1111664012068,
62.3117858057009));
#12688=CARTESIAN_POINT('Ctrl Pts',(-332.004105217338,-84.4969153002041,
61.1298494465107));
#12689=CARTESIAN_POINT('Ctrl Pts',(-332.004105217338,-86.5533301956855,
59.7394888868474));
#12690=CARTESIAN_POINT('Ctrl Pts',(-332.004105217338,-87.6269749537033,
58.5023474693663));
#12691=CARTESIAN_POINT('Ctrl Pts',(-332.004105217338,-88.0936751711811,
57.8106034861739));
#12692=CARTESIAN_POINT('',(-337.004105217338,-66.2277016047717,65.6589722094377));
#12693=CARTESIAN_POINT('Ctrl Pts',(-337.004105217338,-90.778823443537,62.443359407998));
#12694=CARTESIAN_POINT('Ctrl Pts',(-337.004105217338,-90.4664065239681,
62.7780394773643));
#12695=CARTESIAN_POINT('Ctrl Pts',(-337.004105217338,-89.243072599528,63.9710961648409));
#12696=CARTESIAN_POINT('Ctrl Pts',(-337.004105217338,-86.7275691642342,
65.6753868354274));
#12697=CARTESIAN_POINT('Ctrl Pts',(-337.004105217338,-81.7294388399028,
67.3660048725244));
#12698=CARTESIAN_POINT('Ctrl Pts',(-337.004105217338,-75.0614149752445,
67.4311143534695));
#12699=CARTESIAN_POINT('Ctrl Pts',(-337.004105217338,-69.272126844637,66.3889045182282));
#12700=CARTESIAN_POINT('Ctrl Pts',(-337.004105217338,-66.2276976743673,
65.6589886078972));
#12701=CARTESIAN_POINT('Ctrl Pts',(-337.004105217338,-66.2277016047737,
65.6589722094384));
#12702=CARTESIAN_POINT('Ctrl Pts',(-336.170809467364,-66.3868224235283,
64.8402165750922));
#12703=CARTESIAN_POINT('Ctrl Pts',(-335.337401180954,-66.5462302744031,
64.021390157751));
#12704=CARTESIAN_POINT('Ctrl Pts',(-333.670814181461,-66.8655543630836,
62.3840456377299));
#12705=CARTESIAN_POINT('Ctrl Pts',(-332.837395821551,-67.0255165297075,
61.5652920948854));
#12706=CARTESIAN_POINT('Ctrl Pts',(-332.004105217338,-67.1857416093572,
60.7467071297597));
#12707=CARTESIAN_POINT('Origin',(-334.504105217338,-44.9564439286477,59.9437079724323));
#12708=CARTESIAN_POINT('',(-337.004105217338,-44.5859718876083,62.4161056885792));
#12709=CARTESIAN_POINT('',(-332.004105217338,-45.326915969687,57.4713102562855));
#12710=CARTESIAN_POINT('Ctrl Pts',(-326.004105217338,-67.1857416093575,
60.7467071297597));
#12711=CARTESIAN_POINT('Ctrl Pts',(-337.004105217338,-67.1857416093575,
60.7467071297597));
#12712=CARTESIAN_POINT('Ctrl Pts',(-326.004105217338,-67.8037529361716,
60.8965335801531));
#12713=CARTESIAN_POINT('Ctrl Pts',(-337.004105217338,-67.8037529361716,
60.8965335801531));
#12714=CARTESIAN_POINT('Ctrl Pts',(-326.004105217338,-69.0235500636293,
61.1792549594782));
#12715=CARTESIAN_POINT('Ctrl Pts',(-337.004105217338,-69.0235500636293,
61.1792549594782));
#12716=CARTESIAN_POINT('Ctrl Pts',(-326.004105217338,-70.80457151115,61.5525449005194));
#12717=CARTESIAN_POINT('Ctrl Pts',(-337.004105217338,-70.80457151115,61.5525449005194));
#12718=CARTESIAN_POINT('Ctrl Pts',(-326.004105217338,-73.0802966801002,
61.9469884005635));
#12719=CARTESIAN_POINT('Ctrl Pts',(-337.004105217338,-73.0802966801002,
61.9469884005635));
#12720=CARTESIAN_POINT('Ctrl Pts',(-326.004105217338,-75.7476919670953,
62.2550687204485));
#12721=CARTESIAN_POINT('Ctrl Pts',(-337.004105217338,-75.7476919670953,
62.2550687204485));
#12722=CARTESIAN_POINT('Ctrl Pts',(-326.004105217338,-78.2185451227261,
62.3580550867773));
#12723=CARTESIAN_POINT('Ctrl Pts',(-337.004105217338,-78.2185451227261,
62.3580550867773));
#12724=CARTESIAN_POINT('Ctrl Pts',(-326.004105217338,-80.4702056185749,
62.2323114151837));
#12725=CARTESIAN_POINT('Ctrl Pts',(-337.004105217338,-80.4702056185749,
62.2323114151837));
#12726=CARTESIAN_POINT('Ctrl Pts',(-326.004105217338,-82.4816740091259,
61.8559245451107));
#12727=CARTESIAN_POINT('Ctrl Pts',(-337.004105217338,-82.4816740091259,
61.8559245451107));
#12728=CARTESIAN_POINT('Ctrl Pts',(-326.004105217338,-84.2435335610579,
61.2190680081198));
#12729=CARTESIAN_POINT('Ctrl Pts',(-337.004105217338,-84.2435335610579,
61.2190680081198));
#12730=CARTESIAN_POINT('Ctrl Pts',(-326.004105217338,-85.7653669197708,
60.3317414038955));
#12731=CARTESIAN_POINT('Ctrl Pts',(-337.004105217338,-85.7653669197708,
60.3317414038955));
#12732=CARTESIAN_POINT('Ctrl Pts',(-326.004105217338,-86.8025268358819,
59.4337279509109));
#12733=CARTESIAN_POINT('Ctrl Pts',(-337.004105217338,-86.8025268358819,
59.4337279509109));
#12734=CARTESIAN_POINT('Ctrl Pts',(-326.004105217338,-87.4847124505194,
58.6603701805829));
#12735=CARTESIAN_POINT('Ctrl Pts',(-337.004105217338,-87.4847124505194,
58.6603701805829));
#12736=CARTESIAN_POINT('Ctrl Pts',(-326.004105217338,-87.8976610798406,
58.1011359591145));
#12737=CARTESIAN_POINT('Ctrl Pts',(-337.004105217338,-87.8976610798406,
58.1011359591145));
#12738=CARTESIAN_POINT('Ctrl Pts',(-326.004105217338,-88.0936751711812,
57.8106034861737));
#12739=CARTESIAN_POINT('Ctrl Pts',(-337.004105217338,-88.0936751711812,
57.8106034861737));
#12740=CARTESIAN_POINT('',(-326.004105217338,-67.1857416093575,60.7467071297597));
#12741=CARTESIAN_POINT('',(-326.004105217338,-67.1857416093575,60.7467071297597));
#12742=CARTESIAN_POINT('Ctrl Pts',(-326.004105217338,-88.0936751711812,
57.8106034861737));
#12743=CARTESIAN_POINT('Ctrl Pts',(-326.004105217338,-87.8976610798406,
58.1011359591145));
#12744=CARTESIAN_POINT('Ctrl Pts',(-326.004105217338,-87.4847124505194,
58.6603701805829));
#12745=CARTESIAN_POINT('Ctrl Pts',(-326.004105217338,-86.8025268358819,
59.4337279509109));
#12746=CARTESIAN_POINT('Ctrl Pts',(-326.004105217338,-85.7653669197708,
60.3317414038955));
#12747=CARTESIAN_POINT('Ctrl Pts',(-326.004105217338,-84.2435335610579,
61.2190680081198));
#12748=CARTESIAN_POINT('Ctrl Pts',(-326.004105217338,-82.4816740091259,
61.8559245451107));
#12749=CARTESIAN_POINT('Ctrl Pts',(-326.004105217338,-80.4702056185749,
62.2323114151837));
#12750=CARTESIAN_POINT('Ctrl Pts',(-326.004105217338,-78.2185451227261,
62.3580550867773));
#12751=CARTESIAN_POINT('Ctrl Pts',(-326.004105217338,-75.7476919670953,
62.2550687204485));
#12752=CARTESIAN_POINT('Ctrl Pts',(-326.004105217338,-73.0802966801002,
61.9469884005635));
#12753=CARTESIAN_POINT('Ctrl Pts',(-326.004105217338,-70.80457151115,61.5525449005194));
#12754=CARTESIAN_POINT('Ctrl Pts',(-326.004105217338,-69.0235500636293,
61.1792549594782));
#12755=CARTESIAN_POINT('Ctrl Pts',(-326.004105217338,-67.8037529361716,
60.8965335801531));
#12756=CARTESIAN_POINT('Ctrl Pts',(-326.004105217338,-67.1857416093575,
60.7467071297597));
#12757=CARTESIAN_POINT('Origin',(-326.004105217338,-27.5043766889914,54.8007235376917));
#12758=CARTESIAN_POINT('',(-326.004105217338,-62.8978158343639,60.1041905138801));
#12759=CARTESIAN_POINT('Ctrl Pts',(-337.004105217338,-91.8238482571155,
63.4592912375763));
#12760=CARTESIAN_POINT('Ctrl Pts',(-337.004105217338,-91.7374743226847,
63.6849956258618));
#12761=CARTESIAN_POINT('Ctrl Pts',(-337.004105217338,-91.651100388254,63.9107000141473));
#12762=CARTESIAN_POINT('Ctrl Pts',(-337.004105217338,-91.5647264538232,
64.1364044024327));
#12763=CARTESIAN_POINT('Ctrl Pts',(-337.004105217338,-90.9414448653376,
65.7651062855401));
#12764=CARTESIAN_POINT('Ctrl Pts',(-337.004105217338,-89.5751539719498,
68.732682784153));
#12765=CARTESIAN_POINT('Ctrl Pts',(-337.004105217338,-87.2358320690016,
72.23108154896));
#12766=CARTESIAN_POINT('Ctrl Pts',(-337.004105217338,-84.6942662039764,
74.7079785446175));
#12767=CARTESIAN_POINT('Ctrl Pts',(-337.004105217338,-81.8932974144784,
76.3269877572522));
#12768=CARTESIAN_POINT('Ctrl Pts',(-337.004105217338,-78.4189512173948,
77.3152262212681));
#12769=CARTESIAN_POINT('Ctrl Pts',(-337.004105217338,-74.1265441393475,
77.6304663980677));
#12770=CARTESIAN_POINT('Ctrl Pts',(-337.004105217338,-70.8001704463312,
77.3665501809847));
#12771=CARTESIAN_POINT('Ctrl Pts',(-337.004105217338,-69.0384796349746,
77.1135360185328));
#12772=CARTESIAN_POINT('Ctrl Pts',(-335.337438550671,-93.3804282508514,
64.0549727807509));
#12773=CARTESIAN_POINT('Ctrl Pts',(-335.337438550671,-93.2940543164207,
64.2806771690364));
#12774=CARTESIAN_POINT('Ctrl Pts',(-335.337438550671,-93.2076803819899,
64.5063815573218));
#12775=CARTESIAN_POINT('Ctrl Pts',(-335.337438550671,-93.1213064475592,
64.7320859456073));
#12776=CARTESIAN_POINT('Ctrl Pts',(-335.337438550671,-92.4734879322126,
66.4248653130817));
#12777=CARTESIAN_POINT('Ctrl Pts',(-335.337438550671,-91.0455163908628,
69.5310538030877));
#12778=CARTESIAN_POINT('Ctrl Pts',(-335.337438550671,-88.5461652285157,
73.2794840152915));
#12779=CARTESIAN_POINT('Ctrl Pts',(-335.337438550671,-85.7273636025951,
76.0410618397645));
#12780=CARTESIAN_POINT('Ctrl Pts',(-335.337438550671,-82.530338826709,77.887919719772));
#12781=CARTESIAN_POINT('Ctrl Pts',(-335.337438550671,-78.67984880326,78.9720928742663));
#12782=CARTESIAN_POINT('Ctrl Pts',(-335.337438550671,-74.1006527440757,
79.3030625971463));
#12783=CARTESIAN_POINT('Ctrl Pts',(-335.337438550671,-70.6288268472984,
79.0256182788896));
#12784=CARTESIAN_POINT('Ctrl Pts',(-335.337438550671,-68.8015439778714,
78.7632751712994));
#12785=CARTESIAN_POINT('Ctrl Pts',(-333.670771884005,-94.9370082445873,
64.6506543239254));
#12786=CARTESIAN_POINT('Ctrl Pts',(-333.670771884005,-94.8506343101566,
64.8763587122109));
#12787=CARTESIAN_POINT('Ctrl Pts',(-333.670771884005,-94.7642603757258,
65.1020631004964));
#12788=CARTESIAN_POINT('Ctrl Pts',(-333.670771884005,-94.6778864412951,
65.3277674887818));
#12789=CARTESIAN_POINT('Ctrl Pts',(-333.670771884005,-94.0053389266787,
67.0852466868084));
#12790=CARTESIAN_POINT('Ctrl Pts',(-333.670771884005,-92.5163107419701,
70.3288479271156));
#12791=CARTESIAN_POINT('Ctrl Pts',(-333.670771884005,-89.856493555625,74.3291636485497));
#12792=CARTESIAN_POINT('Ctrl Pts',(-333.670771884005,-86.7614453354634,
77.3740999976259));
#12793=CARTESIAN_POINT('Ctrl Pts',(-333.670771884005,-83.1680986135918,
79.4473364410851));
#12794=CARTESIAN_POINT('Ctrl Pts',(-333.670771884005,-78.9406970731047,
80.6289149127549));
#12795=CARTESIAN_POINT('Ctrl Pts',(-333.670771884005,-74.0744988771088,
80.9749614168033));
#12796=CARTESIAN_POINT('Ctrl Pts',(-333.670771884005,-70.4578285197795,
80.685010137751));
#12797=CARTESIAN_POINT('Ctrl Pts',(-333.670771884005,-68.5646083207682,
80.4130143240659));
#12798=CARTESIAN_POINT('Ctrl Pts',(-332.004105217338,-96.4935882383233,
65.2463358671));
#12799=CARTESIAN_POINT('Ctrl Pts',(-332.004105217338,-96.4072143038925,
65.4720402553855));
#12800=CARTESIAN_POINT('Ctrl Pts',(-332.004105217338,-96.3208403694618,
65.697744643671));
#12801=CARTESIAN_POINT('Ctrl Pts',(-332.004105217338,-96.234466435031,65.9234490319564));
#12802=CARTESIAN_POINT('Ctrl Pts',(-332.004105217338,-95.5373819935537,
67.74500571435));
#12803=CARTESIAN_POINT('Ctrl Pts',(-332.004105217338,-93.9866731608831,
71.1272189460504));
#12804=CARTESIAN_POINT('Ctrl Pts',(-332.004105217338,-91.1668267151391,
75.3775661148811));
#12805=CARTESIAN_POINT('Ctrl Pts',(-332.004105217338,-87.7945427340821,
78.7071832927729));
#12806=CARTESIAN_POINT('Ctrl Pts',(-332.004105217338,-83.8051400258224,
81.0082684036049));
#12807=CARTESIAN_POINT('Ctrl Pts',(-332.004105217338,-79.2015946589699,
82.2857815657531));
#12808=CARTESIAN_POINT('Ctrl Pts',(-332.004105217338,-74.048607481837,82.6475576158819));
#12809=CARTESIAN_POINT('Ctrl Pts',(-332.004105217338,-70.2864849207467,
82.3440782356559));
#12810=CARTESIAN_POINT('Ctrl Pts',(-332.004105217338,-68.3276726636651,
82.0627534768325));
#12811=CARTESIAN_POINT('',(-332.004105217338,-68.3276726636651,82.0627534768326));
#12812=CARTESIAN_POINT('',(-337.004105217338,-69.0767548139514,77.1190161893395));
#12813=CARTESIAN_POINT('Ctrl Pts',(-332.004105217338,-68.3276726636651,
82.0627534768325));
#12814=CARTESIAN_POINT('Ctrl Pts',(-333.482924573251,-68.5504959213032,
80.6007622599111));
#12815=CARTESIAN_POINT('Ctrl Pts',(-334.961743190021,-68.7721925451959,
79.1386042009826));
#12816=CARTESIAN_POINT('Ctrl Pts',(-336.440563035155,-68.9927574842541,
77.6762801143976));
#12817=CARTESIAN_POINT('Ctrl Pts',(-336.628410408052,-69.0207747877083,
77.4905281183771));
#12818=CARTESIAN_POINT('Ctrl Pts',(-336.816257800769,-69.0487738824743,
77.3047734890958));
#12819=CARTESIAN_POINT('Ctrl Pts',(-337.004105217338,-69.0767548027797,
77.1190162675981));
#12820=CARTESIAN_POINT('Ctrl Pts',(-337.004105217338,-69.0767548027796,
77.1190162675981));
#12821=CARTESIAN_POINT('Ctrl Pts',(-337.004105217338,-70.8242641364523,
77.3684560495993));
#12822=CARTESIAN_POINT('Ctrl Pts',(-337.004105217338,-74.1369103935255,
77.6297050863514));
#12823=CARTESIAN_POINT('Ctrl Pts',(-337.004105217338,-78.4189512173948,
77.3152262212681));
#12824=CARTESIAN_POINT('Ctrl Pts',(-337.004105217338,-81.8932974144784,
76.3269877572522));
#12825=CARTESIAN_POINT('Ctrl Pts',(-337.004105217338,-84.6942662039764,
74.7079785446175));
#12826=CARTESIAN_POINT('Ctrl Pts',(-337.004105217338,-87.2358320690016,
72.23108154896));
#12827=CARTESIAN_POINT('Ctrl Pts',(-337.004105217338,-89.5751539719498,
68.732682784153));
#12828=CARTESIAN_POINT('Ctrl Pts',(-337.004105217338,-90.9414448653376,
65.7651062855401));
#12829=CARTESIAN_POINT('Ctrl Pts',(-337.004105217338,-91.5647264538232,
64.1364044024327));
#12830=CARTESIAN_POINT('Ctrl Pts',(-337.004105217338,-91.651100388254,63.9107000141473));
#12831=CARTESIAN_POINT('Ctrl Pts',(-337.004105217338,-91.7374743226847,
63.6849956258618));
#12832=CARTESIAN_POINT('Ctrl Pts',(-337.004105217338,-91.8238482571155,
63.4592912375763));
#12833=CARTESIAN_POINT('Ctrl Pts',(-332.004105217338,-96.234466435031,65.9234490319564));
#12834=CARTESIAN_POINT('Ctrl Pts',(-332.004105217338,-95.5373819935537,
67.74500571435));
#12835=CARTESIAN_POINT('Ctrl Pts',(-332.004105217338,-93.9866731608831,
71.1272189460504));
#12836=CARTESIAN_POINT('Ctrl Pts',(-332.004105217338,-91.1668267151391,
75.3775661148811));
#12837=CARTESIAN_POINT('Ctrl Pts',(-332.004105217338,-87.7945427340821,
78.7071832927729));
#12838=CARTESIAN_POINT('Ctrl Pts',(-332.004105217338,-83.8051400258224,
81.0082684036049));
#12839=CARTESIAN_POINT('Ctrl Pts',(-332.004105217338,-79.2015946589699,
82.2857815657531));
#12840=CARTESIAN_POINT('Ctrl Pts',(-332.004105217338,-74.048607481837,82.6475576158819));
#12841=CARTESIAN_POINT('Ctrl Pts',(-332.004105217338,-70.2864849207467,
82.3440782356559));
#12842=CARTESIAN_POINT('Ctrl Pts',(-332.004105217338,-68.3276726636651,
82.0627534768325));
#12843=CARTESIAN_POINT('Origin',(-334.504105217338,-64.532137759474,78.9260061906157));
#12844=CARTESIAN_POINT('',(-332.004105217338,-64.1385037140595,81.3948221493884));
#12845=CARTESIAN_POINT('',(-337.004105217338,-64.9257718048885,76.457190231843));
#12846=CARTESIAN_POINT('Origin',(-337.004105217338,-61.8694215620112,68.6843833628993));
#12847=CARTESIAN_POINT('Ctrl Pts',(-337.004105217338,-92.3554452054837,
88.9610146083457));
#12848=CARTESIAN_POINT('Ctrl Pts',(-337.004105217338,-94.5658858337101,
86.633486578717));
#12849=CARTESIAN_POINT('Ctrl Pts',(-337.004105217338,-98.4083432855399,
82.0959345395457));
#12850=CARTESIAN_POINT('Ctrl Pts',(-337.004105217338,-101.712597878315,
76.2705582530675));
#12851=CARTESIAN_POINT('Ctrl Pts',(-337.004105217338,-102.766323777559,
71.1302913808111));
#12852=CARTESIAN_POINT('Ctrl Pts',(-337.004105217338,-102.504603291319,
67.3065416204465));
#12853=CARTESIAN_POINT('Ctrl Pts',(-337.004105217338,-101.694851534006,
64.958733141898));
#12854=CARTESIAN_POINT('Ctrl Pts',(-337.004105217338,-101.154497636288,
63.8538066968361));
#12855=CARTESIAN_POINT('Ctrl Pts',(-335.337438550671,-91.1469284889171,
87.8132928983668));
#12856=CARTESIAN_POINT('Ctrl Pts',(-335.337438550671,-93.3146443036564,
85.5307528225798));
#12857=CARTESIAN_POINT('Ctrl Pts',(-335.337438550671,-97.0698817569555,
81.0936557092559));
#12858=CARTESIAN_POINT('Ctrl Pts',(-335.337438550671,-100.153417204658,
75.6009678200256));
#12859=CARTESIAN_POINT('Ctrl Pts',(-335.337438550671,-101.082653872503,
71.0087535169954));
#12860=CARTESIAN_POINT('Ctrl Pts',(-335.337438550671,-100.853060910698,
67.6430141060248));
#12861=CARTESIAN_POINT('Ctrl Pts',(-335.337438550671,-100.137899296801,
65.5687868328214));
#12862=CARTESIAN_POINT('Ctrl Pts',(-335.337438550671,-99.657280009144,64.5860069117685));
#12863=CARTESIAN_POINT('Ctrl Pts',(-333.670771884005,-89.9384117723506,
86.6655711883878));
#12864=CARTESIAN_POINT('Ctrl Pts',(-333.670771884005,-92.0634027736027,
84.4280190664426));
#12865=CARTESIAN_POINT('Ctrl Pts',(-333.670771884005,-95.7314202283711,
80.0913768789661));
#12866=CARTESIAN_POINT('Ctrl Pts',(-333.670771884005,-98.5942365310005,
74.9313773869836));
#12867=CARTESIAN_POINT('Ctrl Pts',(-333.670771884005,-99.398983967448,70.8872156531797));
#12868=CARTESIAN_POINT('Ctrl Pts',(-333.670771884005,-99.2015185300778,
67.979486591603));
#12869=CARTESIAN_POINT('Ctrl Pts',(-333.670771884005,-98.5809470595973,
66.1788405237449));
#12870=CARTESIAN_POINT('Ctrl Pts',(-333.670771884005,-98.160062382,65.3182071267009));
#12871=CARTESIAN_POINT('Ctrl Pts',(-332.004105217338,-88.7298950557841,
85.5178494784089));
#12872=CARTESIAN_POINT('Ctrl Pts',(-332.004105217338,-90.8121612435489,
83.3252853103054));
#12873=CARTESIAN_POINT('Ctrl Pts',(-332.004105217338,-94.3929586997868,
79.0890980486763));
#12874=CARTESIAN_POINT('Ctrl Pts',(-332.004105217338,-97.0350558573433,
74.2617869539417));
#12875=CARTESIAN_POINT('Ctrl Pts',(-332.004105217338,-97.7153140623925,
70.765677789364));
#12876=CARTESIAN_POINT('Ctrl Pts',(-332.004105217338,-97.5499761494572,
68.3159590771813));
#12877=CARTESIAN_POINT('Ctrl Pts',(-332.004105217338,-97.0239948223932,
66.7888942146683));
#12878=CARTESIAN_POINT('Ctrl Pts',(-332.004105217338,-96.662844754856,66.0504073416332));
#12879=CARTESIAN_POINT('',(-332.004105217338,-88.7298950557841,85.5178494784089));
#12880=CARTESIAN_POINT('Ctrl Pts',(-332.004105217338,-88.7298950557841,
85.5178494784089));
#12881=CARTESIAN_POINT('Ctrl Pts',(-332.004105217338,-90.8121612435489,
83.3252853103054));
#12882=CARTESIAN_POINT('Ctrl Pts',(-332.004105217338,-94.3929586997868,
79.0890980486763));
#12883=CARTESIAN_POINT('Ctrl Pts',(-332.004105217338,-97.0350558573433,
74.2617869539417));
#12884=CARTESIAN_POINT('Ctrl Pts',(-332.004105217338,-97.7153140623925,
70.765677789364));
#12885=CARTESIAN_POINT('Ctrl Pts',(-332.004105217338,-97.5499761494572,
68.3159590771813));
#12886=CARTESIAN_POINT('Ctrl Pts',(-332.004105217338,-97.0239948223932,
66.7888942146683));
#12887=CARTESIAN_POINT('Ctrl Pts',(-332.004105217338,-96.662844754856,66.0504073416332));
#12888=CARTESIAN_POINT('',(-337.004105217338,-92.507244471135,88.8007626501371));
#12889=CARTESIAN_POINT('Ctrl Pts',(-337.004105217338,-102.098360628628,
66.3268287884793));
#12890=CARTESIAN_POINT('Ctrl Pts',(-337.004105217338,-102.193279207057,
66.6658382529091));
#12891=CARTESIAN_POINT('Ctrl Pts',(-337.004105217338,-102.567076887083,
68.2192840666555));
#12892=CARTESIAN_POINT('Ctrl Pts',(-337.004105217338,-102.766323777559,
71.1302913808111));
#12893=CARTESIAN_POINT('Ctrl Pts',(-337.004105217338,-101.712597878315,
76.2705582530675));
#12894=CARTESIAN_POINT('Ctrl Pts',(-337.004105217338,-98.4386920821546,
82.0424298366971));
#12895=CARTESIAN_POINT('Ctrl Pts',(-337.004105217338,-94.653957939989,86.5292795442657));
#12896=CARTESIAN_POINT('Ctrl Pts',(-337.004105217338,-92.5072554236553,
88.8007729996272));
#12897=CARTESIAN_POINT('Ctrl Pts',(-337.004105217338,-92.507244471135,88.8007626501368));
#12898=CARTESIAN_POINT('Ctrl Pts',(-336.170807127896,-91.877382407545,88.2540484246606));
#12899=CARTESIAN_POINT('Ctrl Pts',(-335.337399166885,-91.2475982686007,
87.7070600394383));
#12900=CARTESIAN_POINT('Ctrl Pts',(-333.670810188753,-89.9885361169265,
86.6128121451683));
#12901=CARTESIAN_POINT('Ctrl Pts',(-332.837395560129,-89.3590816225693,
86.0653992448037));
#12902=CARTESIAN_POINT('Ctrl Pts',(-332.004105217338,-88.7298950557841,
85.5178494784089));
#12903=CARTESIAN_POINT('Origin',(-334.504105217338,-76.2340810542446,105.216639473972));
#12904=CARTESIAN_POINT('',(-337.004105217338,-78.1894910965603,106.774320945394));
#12905=CARTESIAN_POINT('',(-332.004105217338,-74.2786710119289,103.65895800255));
#12906=CARTESIAN_POINT('Ctrl Pts',(-326.004105217338,-88.7298950557841,
85.5178494784089));
#12907=CARTESIAN_POINT('Ctrl Pts',(-337.004105217338,-88.7298950557841,
85.5178494784089));
#12908=CARTESIAN_POINT('Ctrl Pts',(-326.004105217338,-89.1671709552147,
85.057411003107));
#12909=CARTESIAN_POINT('Ctrl Pts',(-337.004105217338,-89.1671709552147,
85.057411003107));
#12910=CARTESIAN_POINT('Ctrl Pts',(-326.004105217338,-90.0191347032425,
84.1422974366117));
#12911=CARTESIAN_POINT('Ctrl Pts',(-337.004105217338,-90.0191347032425,
84.1422974366117));
#12912=CARTESIAN_POINT('Ctrl Pts',(-326.004105217338,-91.2293193316392,
82.7869164332077));
#12913=CARTESIAN_POINT('Ctrl Pts',(-337.004105217338,-91.2293193316392,
82.7869164332077));
#12914=CARTESIAN_POINT('Ctrl Pts',(-326.004105217338,-92.7051201576137,
81.0148962537232));
#12915=CARTESIAN_POINT('Ctrl Pts',(-337.004105217338,-92.7051201576137,
81.0148962537232));
#12916=CARTESIAN_POINT('Ctrl Pts',(-326.004105217338,-94.3030692835378,
78.8628430047696));
#12917=CARTESIAN_POINT('Ctrl Pts',(-337.004105217338,-94.3030692835378,
78.8628430047696));
#12918=CARTESIAN_POINT('Ctrl Pts',(-326.004105217338,-95.6272915534471,
76.7806316830214));
#12919=CARTESIAN_POINT('Ctrl Pts',(-337.004105217338,-95.6272915534471,
76.7806316830214));
#12920=CARTESIAN_POINT('Ctrl Pts',(-326.004105217338,-96.6460581268151,
74.7763579621923));
#12921=CARTESIAN_POINT('Ctrl Pts',(-337.004105217338,-96.6460581268151,
74.7763579621923));
#12922=CARTESIAN_POINT('Ctrl Pts',(-326.004105217338,-97.3298552304763,
72.857552337378));
#12923=CARTESIAN_POINT('Ctrl Pts',(-337.004105217338,-97.3298552304763,
72.857552337378));
#12924=CARTESIAN_POINT('Ctrl Pts',(-326.004105217338,-97.665012316655,71.0277028746898));
#12925=CARTESIAN_POINT('Ctrl Pts',(-337.004105217338,-97.665012316655,71.0277028746898));
#12926=CARTESIAN_POINT('Ctrl Pts',(-326.004105217338,-97.6645496075487,
69.2834874396892));
#12927=CARTESIAN_POINT('Ctrl Pts',(-337.004105217338,-97.6645496075487,
69.2834874396892));
#12928=CARTESIAN_POINT('Ctrl Pts',(-326.004105217338,-97.4119507530955,
67.9524717198843));
#12929=CARTESIAN_POINT('Ctrl Pts',(-337.004105217338,-97.4119507530955,
67.9524717198843));
#12930=CARTESIAN_POINT('Ctrl Pts',(-326.004105217338,-97.0886228277581,
66.9883693559683));
#12931=CARTESIAN_POINT('Ctrl Pts',(-337.004105217338,-97.0886228277581,
66.9883693559683));
#12932=CARTESIAN_POINT('Ctrl Pts',(-326.004105217338,-96.8145277832216,
66.360571828308));
#12933=CARTESIAN_POINT('Ctrl Pts',(-337.004105217338,-96.8145277832216,
66.360571828308));
#12934=CARTESIAN_POINT('Ctrl Pts',(-326.004105217338,-96.662844754856,66.0504073416332));
#12935=CARTESIAN_POINT('Ctrl Pts',(-337.004105217338,-96.662844754856,66.0504073416332));
#12936=CARTESIAN_POINT('',(-326.004105217338,-88.7298950557841,85.5178494784089));
#12937=CARTESIAN_POINT('',(-326.004105217338,-88.7298950557841,85.5178494784089));
#12938=CARTESIAN_POINT('Ctrl Pts',(-326.004105217338,-96.662844754856,66.0504073416332));
#12939=CARTESIAN_POINT('Ctrl Pts',(-326.004105217338,-96.8145277832216,
66.360571828308));
#12940=CARTESIAN_POINT('Ctrl Pts',(-326.004105217338,-97.0886228277581,
66.9883693559683));
#12941=CARTESIAN_POINT('Ctrl Pts',(-326.004105217338,-97.4119507530955,
67.9524717198843));
#12942=CARTESIAN_POINT('Ctrl Pts',(-326.004105217338,-97.6645496075487,
69.2834874396892));
#12943=CARTESIAN_POINT('Ctrl Pts',(-326.004105217338,-97.665012316655,71.0277028746898));
#12944=CARTESIAN_POINT('Ctrl Pts',(-326.004105217338,-97.3298552304763,
72.857552337378));
#12945=CARTESIAN_POINT('Ctrl Pts',(-326.004105217338,-96.6460581268151,
74.7763579621923));
#12946=CARTESIAN_POINT('Ctrl Pts',(-326.004105217338,-95.6272915534471,
76.7806316830214));
#12947=CARTESIAN_POINT('Ctrl Pts',(-326.004105217338,-94.3030692835378,
78.8628430047696));
#12948=CARTESIAN_POINT('Ctrl Pts',(-326.004105217338,-92.7051201576137,
81.0148962537232));
#12949=CARTESIAN_POINT('Ctrl Pts',(-326.004105217338,-91.2293193316392,
82.7869164332077));
#12950=CARTESIAN_POINT('Ctrl Pts',(-326.004105217338,-90.0191347032425,
84.1422974366117));
#12951=CARTESIAN_POINT('Ctrl Pts',(-326.004105217338,-89.1671709552147,
85.057411003107));
#12952=CARTESIAN_POINT('Ctrl Pts',(-326.004105217338,-88.7298950557841,
85.5178494784089));
#12953=CARTESIAN_POINT('Origin',(-326.004105217338,-63.7963960936459,116.817710942466));
#12954=CARTESIAN_POINT('',(-326.004105217338,-86.1298147475636,88.7818179076413));
#12955=CARTESIAN_POINT('Origin',(-334.504105217338,-102.428172533592,97.8046164687468));
#12956=CARTESIAN_POINT('',(-332.004105217338,-107.761098227749,95.1869313495445));
#12957=CARTESIAN_POINT('',(-332.004105217338,-104.371883959681,99.376871502795));
#12958=CARTESIAN_POINT('',(-337.004105217338,-103.838154236586,92.0863345412026));
#12959=CARTESIAN_POINT('',(-337.004105217338,-100.484461107503,96.2323614346988));
#12960=CARTESIAN_POINT('Ctrl Pts',(-337.004105217338,-103.83815592886,92.086332304477));
#12961=CARTESIAN_POINT('Ctrl Pts',(-336.395506741561,-104.315793442621,
92.4635640530905));
#12962=CARTESIAN_POINT('Ctrl Pts',(-335.786600833072,-104.793594773581,
92.8410841094044));
#12963=CARTESIAN_POINT('Ctrl Pts',(-335.177836586353,-105.271245471889,
93.2185650007537));
#12964=CARTESIAN_POINT('Ctrl Pts',(-334.953232515385,-105.447475091021,
93.3578368869835));
#12965=CARTESIAN_POINT('Ctrl Pts',(-334.728647728084,-105.623683887998,
93.4971038533799));
#12966=CARTESIAN_POINT('Ctrl Pts',(-334.504104779469,-105.799854989207,
93.6363508546308));
#12967=CARTESIAN_POINT('Ctrl Pts',(-333.781772069508,-106.366580195846,
94.0842948421301));
#12968=CARTESIAN_POINT('Ctrl Pts',(-333.156945545606,-106.856750915674,
94.471837566876));
#12969=CARTESIAN_POINT('Ctrl Pts',(-332.699491983599,-107.215606490923,
94.7555841514984));
#12970=CARTESIAN_POINT('Ctrl Pts',(-332.375413383771,-107.469834290258,
94.9566017049453));
#12971=CARTESIAN_POINT('Ctrl Pts',(-332.135337239599,-107.65815840231,95.10552296606));
#12972=CARTESIAN_POINT('Ctrl Pts',(-332.004105217338,-107.761098227749,
95.1869313495446));
#12973=CARTESIAN_POINT('Ctrl Pts',(-337.004105217338,-103.779938938277,
65.9188885398702));
#12974=CARTESIAN_POINT('Ctrl Pts',(-337.004105217338,-103.947242122373,
66.1295317012346));
#12975=CARTESIAN_POINT('Ctrl Pts',(-337.004105217338,-104.114545306469,
66.340174862599));
#12976=CARTESIAN_POINT('Ctrl Pts',(-337.004105217338,-104.281848490566,
66.5508180239635));
#12977=CARTESIAN_POINT('Ctrl Pts',(-337.004105217338,-105.317930076385,
67.8552970860171));
#12978=CARTESIAN_POINT('Ctrl Pts',(-337.004105217338,-107.08890289717,70.4269313391802));
#12979=CARTESIAN_POINT('Ctrl Pts',(-337.004105217338,-108.815110183054,
74.0700499348235));
#12980=CARTESIAN_POINT('Ctrl Pts',(-337.004105217338,-109.594362731077,
77.4122223937891));
#12981=CARTESIAN_POINT('Ctrl Pts',(-337.004105217338,-109.542433586568,
81.6550803690934));
#12982=CARTESIAN_POINT('Ctrl Pts',(-337.004105217338,-107.706729027762,
86.5834393799683));
#12983=CARTESIAN_POINT('Ctrl Pts',(-337.004105217338,-104.887985364357,
90.7284143605956));
#12984=CARTESIAN_POINT('Ctrl Pts',(-337.004105217338,-103.805363651063,
92.128800554629));
#12985=CARTESIAN_POINT('Ctrl Pts',(-335.337438550671,-105.085040000957,
64.8823129304865));
#12986=CARTESIAN_POINT('Ctrl Pts',(-335.337438550671,-105.252343185053,
65.092956091851));
#12987=CARTESIAN_POINT('Ctrl Pts',(-335.337438550671,-105.419646369149,
65.3035992532154));
#12988=CARTESIAN_POINT('Ctrl Pts',(-335.337438550671,-105.586949553246,
65.5142424145799));
#12989=CARTESIAN_POINT('Ctrl Pts',(-335.337438550671,-106.666490809853,
66.8748352676048));
#12990=CARTESIAN_POINT('Ctrl Pts',(-335.337438550671,-108.529272218233,
69.5720704817248));
#12991=CARTESIAN_POINT('Ctrl Pts',(-335.337438550671,-110.38785724746,73.4891732659581));
#12992=CARTESIAN_POINT('Ctrl Pts',(-335.337438550671,-111.270932980564,
77.2141980958344));
#12993=CARTESIAN_POINT('Ctrl Pts',(-335.337438550671,-111.201484930267,
82.0598047396695));
#12994=CARTESIAN_POINT('Ctrl Pts',(-335.337438550671,-109.177862950999,
87.3885324147872));
#12995=CARTESIAN_POINT('Ctrl Pts',(-335.337438550671,-106.247822196026,
91.6944161908427));
#12996=CARTESIAN_POINT('Ctrl Pts',(-335.337438550671,-105.123941843292,
93.1481774862675));
#12997=CARTESIAN_POINT('Ctrl Pts',(-333.670771884005,-106.390141063637,
63.845737321103));
#12998=CARTESIAN_POINT('Ctrl Pts',(-333.670771884005,-106.557444247733,
64.0563804824674));
#12999=CARTESIAN_POINT('Ctrl Pts',(-333.670771884005,-106.724747431829,
64.2670236438318));
#13000=CARTESIAN_POINT('Ctrl Pts',(-333.670771884005,-106.892050615926,
64.4776668051962));
#13001=CARTESIAN_POINT('Ctrl Pts',(-333.670771884005,-108.017149805093,
65.8928276575075));
#13002=CARTESIAN_POINT('Ctrl Pts',(-333.670771884005,-109.966532004961,
68.7198362642723));
#13003=CARTESIAN_POINT('Ctrl Pts',(-333.670771884005,-111.962349160239,
72.9065046360958));
#13004=CARTESIAN_POINT('Ctrl Pts',(-333.670771884005,-112.944618641067,
77.0197319539904));
#13005=CARTESIAN_POINT('Ctrl Pts',(-333.670771884005,-112.861349237145,
82.4644127452496));
#13006=CARTESIAN_POINT('Ctrl Pts',(-333.670771884005,-110.652406536005,
88.1895304029298));
#13007=CARTESIAN_POINT('Ctrl Pts',(-333.670771884005,-107.600927242436,
92.6691451166186));
#13008=CARTESIAN_POINT('Ctrl Pts',(-333.670771884005,-106.44252003552,94.167554417906));
#13009=CARTESIAN_POINT('Ctrl Pts',(-332.004105217338,-107.695242126317,
62.8091617117194));
#13010=CARTESIAN_POINT('Ctrl Pts',(-332.004105217338,-107.862545310413,
63.0198048730838));
#13011=CARTESIAN_POINT('Ctrl Pts',(-332.004105217338,-108.02984849451,63.2304480344482));
#13012=CARTESIAN_POINT('Ctrl Pts',(-332.004105217338,-108.197151678606,
63.4410911958126));
#13013=CARTESIAN_POINT('Ctrl Pts',(-332.004105217338,-109.365710538561,
64.9123658390952));
#13014=CARTESIAN_POINT('Ctrl Pts',(-332.004105217338,-111.406901326024,
67.8649754068169));
#13015=CARTESIAN_POINT('Ctrl Pts',(-332.004105217338,-113.535096224646,
72.3256279672303));
#13016=CARTESIAN_POINT('Ctrl Pts',(-332.004105217338,-114.621188890553,
76.8217076560358));
#13017=CARTESIAN_POINT('Ctrl Pts',(-332.004105217338,-114.520400580844,
82.8691371158258));
#13018=CARTESIAN_POINT('Ctrl Pts',(-332.004105217338,-112.123540459242,
88.9946234377487));
#13019=CARTESIAN_POINT('Ctrl Pts',(-332.004105217338,-108.960764074105,
93.6351469468656));
#13020=CARTESIAN_POINT('Ctrl Pts',(-332.004105217338,-107.761098227749,
95.1869313495446));
#13021=CARTESIAN_POINT('Ctrl Pts',(-337.004105217338,-103.838154216044,
92.0863345253612));
#13022=CARTESIAN_POINT('Ctrl Pts',(-337.004105217338,-104.906966467661,
90.700483580786));
#13023=CARTESIAN_POINT('Ctrl Pts',(-337.004105217338,-107.711368562422,
86.5709835126355));
#13024=CARTESIAN_POINT('Ctrl Pts',(-337.004105217338,-109.542433586568,
81.6550803690934));
#13025=CARTESIAN_POINT('Ctrl Pts',(-337.004105217338,-109.594362731077,
77.4122223937891));
#13026=CARTESIAN_POINT('Ctrl Pts',(-337.004105217338,-108.815110183054,
74.0700499348235));
#13027=CARTESIAN_POINT('Ctrl Pts',(-337.004105217338,-107.08890289717,70.4269313391802));
#13028=CARTESIAN_POINT('Ctrl Pts',(-337.004105217338,-105.317930076385,
67.8552970860171));
#13029=CARTESIAN_POINT('Ctrl Pts',(-337.004105217338,-104.281848490566,
66.5508180239635));
#13030=CARTESIAN_POINT('Ctrl Pts',(-337.004105217338,-104.114545306469,
66.340174862599));
#13031=CARTESIAN_POINT('Ctrl Pts',(-337.004105217338,-103.947242122373,
66.1295317012346));
#13032=CARTESIAN_POINT('Ctrl Pts',(-337.004105217338,-103.779938938277,
65.9188885398702));
#13033=CARTESIAN_POINT('Ctrl Pts',(-332.004105217338,-108.197151678606,
63.4410911958126));
#13034=CARTESIAN_POINT('Ctrl Pts',(-332.004105217338,-109.365710538561,
64.9123658390952));
#13035=CARTESIAN_POINT('Ctrl Pts',(-332.004105217338,-111.406901326024,
67.8649754068169));
#13036=CARTESIAN_POINT('Ctrl Pts',(-332.004105217338,-113.535096224646,
72.3256279672303));
#13037=CARTESIAN_POINT('Ctrl Pts',(-332.004105217338,-114.621188890553,
76.8217076560358));
#13038=CARTESIAN_POINT('Ctrl Pts',(-332.004105217338,-114.520400580844,
82.8691371158258));
#13039=CARTESIAN_POINT('Ctrl Pts',(-332.004105217338,-112.123540459242,
88.9946234377487));
#13040=CARTESIAN_POINT('Ctrl Pts',(-332.004105217338,-108.960764074105,
93.6351469468656));
#13041=CARTESIAN_POINT('Ctrl Pts',(-332.004105217338,-107.761098227749,
95.1869313495446));
#13042=CARTESIAN_POINT('Origin',(-326.004105217338,-107.761098227749,95.1869313495445));
#13043=CARTESIAN_POINT('',(-326.004105217338,-107.761098227749,95.1869313495445));
#13044=CARTESIAN_POINT('',(-326.004105217338,-107.761098227749,95.1869313495445));
#13045=CARTESIAN_POINT('',(-326.004105217338,-116.294682725862,84.637227048853));
#13046=CARTESIAN_POINT('Ctrl Pts',(-326.004105217338,-108.197151678606,
63.4410911958126));
#13047=CARTESIAN_POINT('Ctrl Pts',(-337.004105217338,-108.197151678606,
63.4410911958126));
#13048=CARTESIAN_POINT('Ctrl Pts',(-326.004105217338,-108.687946399787,
64.0590265459913));
#13049=CARTESIAN_POINT('Ctrl Pts',(-337.004105217338,-108.687946399787,
64.0590265459913));
#13050=CARTESIAN_POINT('Ctrl Pts',(-326.004105217338,-109.625643398524,
65.2963894063212));
#13051=CARTESIAN_POINT('Ctrl Pts',(-337.004105217338,-109.625643398524,
65.2963894063212));
#13052=CARTESIAN_POINT('Ctrl Pts',(-326.004105217338,-110.900514200662,
67.1569100871589));
#13053=CARTESIAN_POINT('Ctrl Pts',(-337.004105217338,-110.900514200662,
67.1569100871589));
#13054=CARTESIAN_POINT('Ctrl Pts',(-326.004105217338,-112.332637193283,
69.6467051727437));
#13055=CARTESIAN_POINT('Ctrl Pts',(-337.004105217338,-112.332637193283,
69.6467051727437));
#13056=CARTESIAN_POINT('Ctrl Pts',(-326.004105217338,-113.646571136347,
72.7751385161333));
#13057=CARTESIAN_POINT('Ctrl Pts',(-337.004105217338,-113.646571136347,
72.7751385161333));
#13058=CARTESIAN_POINT('Ctrl Pts',(-326.004105217338,-114.442652030311,
75.9211767027708));
#13059=CARTESIAN_POINT('Ctrl Pts',(-337.004105217338,-114.442652030311,
75.9211767027708));
#13060=CARTESIAN_POINT('Ctrl Pts',(-326.004105217338,-114.680059132007,
79.0862074675907));
#13061=CARTESIAN_POINT('Ctrl Pts',(-337.004105217338,-114.680059132007,
79.0862074675907));
#13062=CARTESIAN_POINT('Ctrl Pts',(-326.004105217338,-114.339166932396,
82.2708979959762));
#13063=CARTESIAN_POINT('Ctrl Pts',(-337.004105217338,-114.339166932396,
82.2708979959762));
#13064=CARTESIAN_POINT('Ctrl Pts',(-326.004105217338,-113.445946006959,
85.4743653966362));
#13065=CARTESIAN_POINT('Ctrl Pts',(-337.004105217338,-113.445946006959,
85.4743653966362));
#13066=CARTESIAN_POINT('Ctrl Pts',(-326.004105217338,-112.043367728107,
88.695148822095));
#13067=CARTESIAN_POINT('Ctrl Pts',(-337.004105217338,-112.043367728107,
88.695148822095));
#13068=CARTESIAN_POINT('Ctrl Pts',(-326.004105217338,-110.547898807078,
91.2844698185202));
#13069=CARTESIAN_POINT('Ctrl Pts',(-337.004105217338,-110.547898807078,
91.2844698185202));
#13070=CARTESIAN_POINT('Ctrl Pts',(-326.004105217338,-109.229702184451,
93.2331439731696));
#13071=CARTESIAN_POINT('Ctrl Pts',(-337.004105217338,-109.229702184451,
93.2331439731696));
#13072=CARTESIAN_POINT('Ctrl Pts',(-326.004105217338,-108.264957883219,
94.5351819004193));
#13073=CARTESIAN_POINT('Ctrl Pts',(-337.004105217338,-108.264957883219,
94.5351819004193));
#13074=CARTESIAN_POINT('Ctrl Pts',(-326.004105217338,-107.761098227749,
95.1869313495445));
#13075=CARTESIAN_POINT('Ctrl Pts',(-337.004105217338,-107.761098227749,
95.1869313495445));
#13076=CARTESIAN_POINT('Ctrl Pts',(-326.004105217338,-107.761098227749,
95.1869313495445));
#13077=CARTESIAN_POINT('Ctrl Pts',(-326.004105217338,-108.264957883219,
94.5351819004193));
#13078=CARTESIAN_POINT('Ctrl Pts',(-326.004105217338,-109.229702184451,
93.2331439731696));
#13079=CARTESIAN_POINT('Ctrl Pts',(-326.004105217338,-110.547898807078,
91.2844698185202));
#13080=CARTESIAN_POINT('Ctrl Pts',(-326.004105217338,-112.043367728107,
88.695148822095));
#13081=CARTESIAN_POINT('Ctrl Pts',(-326.004105217338,-113.445946006959,
85.4743653966362));
#13082=CARTESIAN_POINT('Ctrl Pts',(-326.004105217338,-114.339166932396,
82.2708979959762));
#13083=CARTESIAN_POINT('Ctrl Pts',(-326.004105217338,-114.680059132007,
79.0862074675907));
#13084=CARTESIAN_POINT('Ctrl Pts',(-326.004105217338,-114.442652030311,
75.9211767027708));
#13085=CARTESIAN_POINT('Ctrl Pts',(-326.004105217338,-113.646571136347,
72.7751385161333));
#13086=CARTESIAN_POINT('Ctrl Pts',(-326.004105217338,-112.332637193283,
69.6467051727437));
#13087=CARTESIAN_POINT('Ctrl Pts',(-326.004105217338,-110.900514200662,
67.1569100871589));
#13088=CARTESIAN_POINT('Ctrl Pts',(-326.004105217338,-109.625643398524,
65.2963894063212));
#13089=CARTESIAN_POINT('Ctrl Pts',(-326.004105217338,-108.687946399787,
64.0590265459913));
#13090=CARTESIAN_POINT('Ctrl Pts',(-326.004105217338,-108.197151678606,
63.4410911958126));
#13091=CARTESIAN_POINT('Ctrl Pts',(-337.004105217338,-126.79259259312,78.5316149891796));
#13092=CARTESIAN_POINT('Ctrl Pts',(-337.004105217338,-125.887343814217,
75.4422917668027));
#13093=CARTESIAN_POINT('Ctrl Pts',(-337.004105217338,-123.87034686456,69.8182203230842));
#13094=CARTESIAN_POINT('Ctrl Pts',(-337.004105217338,-120.036462124733,
63.3698704744123));
#13095=CARTESIAN_POINT('Ctrl Pts',(-337.004105217338,-115.855896839181,
60.068996289423));
#13096=CARTESIAN_POINT('Ctrl Pts',(-337.004105217338,-112.36695873821,58.5580773509541));
#13097=CARTESIAN_POINT('Ctrl Pts',(-337.004105217338,-110.54326839247,58.1272113138223));
#13098=CARTESIAN_POINT('Ctrl Pts',(-337.004105217338,-109.309986764733,
57.9833729240395));
#13099=CARTESIAN_POINT('Ctrl Pts',(-335.337438550671,-125.193177802086,
79.0002834263491));
#13100=CARTESIAN_POINT('Ctrl Pts',(-335.337438550671,-124.306166502702,
75.9731988617975));
#13101=CARTESIAN_POINT('Ctrl Pts',(-335.337438550671,-122.333576463458,
70.4783454147284));
#13102=CARTESIAN_POINT('Ctrl Pts',(-335.337438550671,-118.703923891819,
64.434231421038));
#13103=CARTESIAN_POINT('Ctrl Pts',(-335.337438550671,-114.963382221968,
61.5017570298311));
#13104=CARTESIAN_POINT('Ctrl Pts',(-335.337438550671,-111.855892062422,
60.1523014466133));
#13105=CARTESIAN_POINT('Ctrl Pts',(-335.337438550671,-110.225516200598,
59.7681156423989));
#13106=CARTESIAN_POINT('Ctrl Pts',(-335.337438550671,-109.116911152257,
59.638818358249));
#13107=CARTESIAN_POINT('Ctrl Pts',(-333.670771884005,-123.593763011052,
79.4689518635186));
#13108=CARTESIAN_POINT('Ctrl Pts',(-333.670771884005,-122.724989191187,
76.5041059567923));
#13109=CARTESIAN_POINT('Ctrl Pts',(-333.670771884005,-120.796806062355,
71.1384705063726));
#13110=CARTESIAN_POINT('Ctrl Pts',(-333.670771884005,-117.371385658906,
65.4985923676637));
#13111=CARTESIAN_POINT('Ctrl Pts',(-333.670771884005,-114.070867604755,
62.9345177702392));
#13112=CARTESIAN_POINT('Ctrl Pts',(-333.670771884005,-111.344825386634,
61.7465255422726));
#13113=CARTESIAN_POINT('Ctrl Pts',(-333.670771884005,-109.907764008725,
61.4090199709754));
#13114=CARTESIAN_POINT('Ctrl Pts',(-333.670771884005,-108.923835539782,
61.2942637924584));
#13115=CARTESIAN_POINT('Ctrl Pts',(-332.004105217338,-121.994348220018,
79.9376203006881));
#13116=CARTESIAN_POINT('Ctrl Pts',(-332.004105217338,-121.143811879672,
77.0350130517871));
#13117=CARTESIAN_POINT('Ctrl Pts',(-332.004105217338,-119.260035661252,
71.7985955980168));
#13118=CARTESIAN_POINT('Ctrl Pts',(-332.004105217338,-116.038847425992,
66.5629533142894));
#13119=CARTESIAN_POINT('Ctrl Pts',(-332.004105217338,-113.178352987542,
64.3672785106474));
#13120=CARTESIAN_POINT('Ctrl Pts',(-332.004105217338,-110.833758710845,
63.3407496379318));
#13121=CARTESIAN_POINT('Ctrl Pts',(-332.004105217338,-109.590011816853,
63.049924299552));
#13122=CARTESIAN_POINT('Ctrl Pts',(-332.004105217338,-108.730759927306,
62.9497092266679));
#13123=CARTESIAN_POINT('',(-332.004105217338,-121.994348220018,79.9376203006876));
#13124=CARTESIAN_POINT('Ctrl Pts',(-332.004105217338,-121.994348220018,
79.9376203006881));
#13125=CARTESIAN_POINT('Ctrl Pts',(-332.004105217338,-121.143811879672,
77.0350130517871));
#13126=CARTESIAN_POINT('Ctrl Pts',(-332.004105217338,-119.260035661252,
71.7985955980168));
#13127=CARTESIAN_POINT('Ctrl Pts',(-332.004105217338,-116.038847425992,
66.5629533142894));
#13128=CARTESIAN_POINT('Ctrl Pts',(-332.004105217338,-113.178352987542,
64.3672785106474));
#13129=CARTESIAN_POINT('Ctrl Pts',(-332.004105217338,-110.833758710845,
63.3407496379318));
#13130=CARTESIAN_POINT('Ctrl Pts',(-332.004105217338,-109.590011816853,
63.049924299552));
#13131=CARTESIAN_POINT('Ctrl Pts',(-332.004105217338,-108.730759927306,
62.9497092266679));
#13132=CARTESIAN_POINT('',(-337.004105217338,-126.728440860549,78.313798167502));
#13133=CARTESIAN_POINT('Ctrl Pts',(-337.004105217338,-111.68479143905,58.4450190053953));
#13134=CARTESIAN_POINT('Ctrl Pts',(-337.004105217338,-112.106900174453,
58.5609336714531));
#13135=CARTESIAN_POINT('Ctrl Pts',(-337.004105217338,-113.121908800524,
58.8850158960747));
#13136=CARTESIAN_POINT('Ctrl Pts',(-337.004105217338,-115.855896839181,
60.068996289423));
#13137=CARTESIAN_POINT('Ctrl Pts',(-337.004105217338,-120.036462124733,
63.3698704744123));
#13138=CARTESIAN_POINT('Ctrl Pts',(-337.004105217338,-123.837511576469,
69.7629934606808));
#13139=CARTESIAN_POINT('Ctrl Pts',(-337.004105217338,-125.839731811078,
75.3099611747199));
#13140=CARTESIAN_POINT('Ctrl Pts',(-337.004105217338,-126.728457359281,
78.3137932848638));
#13141=CARTESIAN_POINT('Ctrl Pts',(-337.004105217338,-126.72844086055,78.3137981675017));
#13142=CARTESIAN_POINT('Ctrl Pts',(-336.170812477619,-125.939671699219,
78.5849509349907));
#13143=CARTESIAN_POINT('Ctrl Pts',(-335.337397304379,-125.150685534644,
78.8558862302541));
#13144=CARTESIAN_POINT('Ctrl Pts',(-333.670817253464,-123.572739557168,
79.3971395079136));
#13145=CARTESIAN_POINT('Ctrl Pts',(-332.837391864666,-122.78353308359,79.6675420850828));
#13146=CARTESIAN_POINT('Ctrl Pts',(-332.004105217338,-121.994348220018,
79.9376203006879));
#13147=CARTESIAN_POINT('Origin',(-334.504105217338,-132.853269108467,100.736130436595));
#13148=CARTESIAN_POINT('',(-337.004105217338,-135.180072119597,99.8218067808813));
#13149=CARTESIAN_POINT('',(-332.004105217338,-130.526466097338,101.650454092309));
#13150=CARTESIAN_POINT('Ctrl Pts',(-326.004105217338,-121.994348220017,
79.9376203006872));
#13151=CARTESIAN_POINT('Ctrl Pts',(-337.004105217338,-121.994348220017,
79.9376203006872));
#13152=CARTESIAN_POINT('Ctrl Pts',(-326.004105217338,-121.815735588545,
79.328072778418));
#13153=CARTESIAN_POINT('Ctrl Pts',(-337.004105217338,-121.815735588545,
79.328072778418));
#13154=CARTESIAN_POINT('Ctrl Pts',(-326.004105217338,-121.451439077538,
78.130992113289));
#13155=CARTESIAN_POINT('Ctrl Pts',(-337.004105217338,-121.451439077538,
78.130992113289));
#13156=CARTESIAN_POINT('Ctrl Pts',(-326.004105217338,-120.88378168222,76.4014107813982));
#13157=CARTESIAN_POINT('Ctrl Pts',(-337.004105217338,-120.88378168222,76.4014107813982));
#13158=CARTESIAN_POINT('Ctrl Pts',(-326.004105217338,-120.083772332387,
74.2295844792932));
#13159=CARTESIAN_POINT('Ctrl Pts',(-337.004105217338,-120.083772332387,
74.2295844792932));
#13160=CARTESIAN_POINT('Ctrl Pts',(-326.004105217338,-119.006543178586,
71.7551968745619));
#13161=CARTESIAN_POINT('Ctrl Pts',(-337.004105217338,-119.006543178586,
71.7551968745619));
#13162=CARTESIAN_POINT('Ctrl Pts',(-326.004105217338,-117.843787025484,
69.5470739803826));
#13163=CARTESIAN_POINT('Ctrl Pts',(-337.004105217338,-117.843787025484,
69.5470739803826));
#13164=CARTESIAN_POINT('Ctrl Pts',(-326.004105217338,-116.585851036393,
67.6352672404026));
#13165=CARTESIAN_POINT('Ctrl Pts',(-337.004105217338,-116.585851036393,
67.6352672404026));
#13166=CARTESIAN_POINT('Ctrl Pts',(-326.004105217338,-115.223897192128,
66.0472913887938));
#13167=CARTESIAN_POINT('Ctrl Pts',(-337.004105217338,-115.223897192128,
66.0472913887938));
#13168=CARTESIAN_POINT('Ctrl Pts',(-326.004105217338,-113.754445580993,
64.7939801705527));
#13169=CARTESIAN_POINT('Ctrl Pts',(-337.004105217338,-113.754445580993,
64.7939801705527));
#13170=CARTESIAN_POINT('Ctrl Pts',(-326.004105217338,-112.182007290273,
63.8612895603727));
#13171=CARTESIAN_POINT('Ctrl Pts',(-337.004105217338,-112.182007290273,
63.8612895603727));
#13172=CARTESIAN_POINT('Ctrl Pts',(-326.004105217338,-110.846815908508,
63.3556048305749));
#13173=CARTESIAN_POINT('Ctrl Pts',(-337.004105217338,-110.846815908508,
63.3556048305749));
#13174=CARTESIAN_POINT('Ctrl Pts',(-326.004105217338,-109.804461312543,
63.1038622394176));
#13175=CARTESIAN_POINT('Ctrl Pts',(-337.004105217338,-109.804461312543,
63.1038622394176));
#13176=CARTESIAN_POINT('Ctrl Pts',(-326.004105217338,-109.091645720916,
62.9917995572792));
#13177=CARTESIAN_POINT('Ctrl Pts',(-337.004105217338,-109.091645720916,
62.9917995572792));
#13178=CARTESIAN_POINT('Ctrl Pts',(-326.004105217338,-108.730759927306,
62.9497092266679));
#13179=CARTESIAN_POINT('Ctrl Pts',(-337.004105217338,-108.730759927306,
62.9497092266679));
#13180=CARTESIAN_POINT('',(-326.004105217338,-121.994348220017,79.9376203006872));
#13181=CARTESIAN_POINT('',(-326.004105217338,-121.994348220017,79.9376203006872));
#13182=CARTESIAN_POINT('Ctrl Pts',(-326.004105217338,-108.730759927306,
62.9497092266679));
#13183=CARTESIAN_POINT('Ctrl Pts',(-326.004105217338,-109.091645720916,
62.9917995572792));
#13184=CARTESIAN_POINT('Ctrl Pts',(-326.004105217338,-109.804461312543,
63.1038622394176));
#13185=CARTESIAN_POINT('Ctrl Pts',(-326.004105217338,-110.846815908508,
63.3556048305749));
#13186=CARTESIAN_POINT('Ctrl Pts',(-326.004105217338,-112.182007290273,
63.8612895603727));
#13187=CARTESIAN_POINT('Ctrl Pts',(-326.004105217338,-113.754445580993,
64.7939801705527));
#13188=CARTESIAN_POINT('Ctrl Pts',(-326.004105217338,-115.223897192128,
66.0472913887938));
#13189=CARTESIAN_POINT('Ctrl Pts',(-326.004105217338,-116.585851036393,
67.6352672404026));
#13190=CARTESIAN_POINT('Ctrl Pts',(-326.004105217338,-117.843787025484,
69.5470739803826));
#13191=CARTESIAN_POINT('Ctrl Pts',(-326.004105217338,-119.006543178586,
71.7551968745619));
#13192=CARTESIAN_POINT('Ctrl Pts',(-326.004105217338,-120.083772332387,
74.2295844792932));
#13193=CARTESIAN_POINT('Ctrl Pts',(-326.004105217338,-120.88378168222,76.4014107813982));
#13194=CARTESIAN_POINT('Ctrl Pts',(-326.004105217338,-121.451439077538,
78.130992113289));
#13195=CARTESIAN_POINT('Ctrl Pts',(-326.004105217338,-121.815735588545,
79.328072778418));
#13196=CARTESIAN_POINT('Ctrl Pts',(-326.004105217338,-121.994348220017,
79.9376203006872));
#13197=CARTESIAN_POINT('Origin',(-326.004105217338,-136.434064046626,116.684317222773));
#13198=CARTESIAN_POINT('',(-326.004105217338,-123.329463002442,83.3352673773395));
#13199=CARTESIAN_POINT('Ctrl Pts',(-337.004105217338,-112.095994678144,
57.1563921246992));
#13200=CARTESIAN_POINT('Ctrl Pts',(-337.004105217338,-112.413966639998,
57.1114115425085));
#13201=CARTESIAN_POINT('Ctrl Pts',(-337.004105217338,-112.731938601852,
57.0664309603179));
#13202=CARTESIAN_POINT('Ctrl Pts',(-337.004105217338,-113.049910563707,
57.0214503781272));
#13203=CARTESIAN_POINT('Ctrl Pts',(-337.004105217338,-116.41875301903,56.5448910800516));
#13204=CARTESIAN_POINT('Ctrl Pts',(-337.004105217338,-120.897787071331,
56.5251425104254));
#13205=CARTESIAN_POINT('Ctrl Pts',(-337.004105217338,-124.723627074731,
57.606951373111));
#13206=CARTESIAN_POINT('Ctrl Pts',(-337.004105217338,-126.571025749435,
58.5143872905438));
#13207=CARTESIAN_POINT('Ctrl Pts',(-337.004105217338,-128.267041878457,
59.6430684742302));
#13208=CARTESIAN_POINT('Ctrl Pts',(-337.004105217338,-130.229710879925,
61.5586524764115));
#13209=CARTESIAN_POINT('Ctrl Pts',(-337.004105217338,-132.402917688551,
64.8283674622635));
#13210=CARTESIAN_POINT('Ctrl Pts',(-337.004105217338,-133.667538100286,
67.6195398489882));
#13211=CARTESIAN_POINT('Ctrl Pts',(-337.004105217338,-134.242616878842,
69.1542223625696));
#13212=CARTESIAN_POINT('Ctrl Pts',(-337.004105217338,-134.24770412494,69.1677984288755));
#13213=CARTESIAN_POINT('Ctrl Pts',(-337.004105217338,-134.252791371038,
69.1813744951814));
#13214=CARTESIAN_POINT('Ctrl Pts',(-337.004105217338,-134.257878617136,
69.1949505614873));
#13215=CARTESIAN_POINT('Ctrl Pts',(-335.337438550671,-111.86255077738,55.5061552559515));
#13216=CARTESIAN_POINT('Ctrl Pts',(-335.337438550671,-112.180522739234,
55.4611746737609));
#13217=CARTESIAN_POINT('Ctrl Pts',(-335.337438550671,-112.498494701089,
55.4161940915703));
#13218=CARTESIAN_POINT('Ctrl Pts',(-335.337438550671,-112.816466662943,
55.3712135093796));
#13219=CARTESIAN_POINT('Ctrl Pts',(-335.337438550671,-116.314275373292,
54.8789810948347));
#13220=CARTESIAN_POINT('Ctrl Pts',(-335.337438550671,-121.031794568449,
54.8370082811372));
#13221=CARTESIAN_POINT('Ctrl Pts',(-335.337438550671,-125.294171285935,
56.0287875186249));
#13222=CARTESIAN_POINT('Ctrl Pts',(-335.337438550671,-127.403578671314,
57.0652434847743));
#13223=CARTESIAN_POINT('Ctrl Pts',(-335.337438550671,-129.345088733274,
58.3569887593394));
#13224=CARTESIAN_POINT('Ctrl Pts',(-335.337438550671,-131.54280133207,60.5122223629591));
#13225=CARTESIAN_POINT('Ctrl Pts',(-335.337438550671,-133.877052823203,
64.0373734403583));
#13226=CARTESIAN_POINT('Ctrl Pts',(-335.337438550671,-135.203891132738,
66.9692476685027));
#13227=CARTESIAN_POINT('Ctrl Pts',(-335.337438550671,-135.803308279194,
68.5693974907971));
#13228=CARTESIAN_POINT('Ctrl Pts',(-335.337438550671,-135.808395525292,
68.582973557103));
#13229=CARTESIAN_POINT('Ctrl Pts',(-335.337438550671,-135.81348277139,68.5965496234089));
#13230=CARTESIAN_POINT('Ctrl Pts',(-335.337438550671,-135.818570017488,
68.6101256897148));
#13231=CARTESIAN_POINT('Ctrl Pts',(-333.670771884005,-111.629106876616,
53.8559183872039));
#13232=CARTESIAN_POINT('Ctrl Pts',(-333.670771884005,-111.947078838471,
53.8109378050132));
#13233=CARTESIAN_POINT('Ctrl Pts',(-333.670771884005,-112.265050800325,
53.7659572228226));
#13234=CARTESIAN_POINT('Ctrl Pts',(-333.670771884005,-112.583022762179,
53.7209766406319));
#13235=CARTESIAN_POINT('Ctrl Pts',(-333.670771884005,-116.211994193598,
53.2050487191146));
#13236=CARTESIAN_POINT('Ctrl Pts',(-333.670771884004,-121.167414892381,
53.1489072882141));
#13237=CARTESIAN_POINT('Ctrl Pts',(-333.670771884004,-125.865486778893,
54.4487967985338));
#13238=CARTESIAN_POINT('Ctrl Pts',(-333.670771884004,-128.236940183835,
55.6133157294204));
#13239=CARTESIAN_POINT('Ctrl Pts',(-333.670771884004,-130.423972382248,
57.0699304785124));
#13240=CARTESIAN_POINT('Ctrl Pts',(-333.670771884004,-132.854603926573,
59.4635147989551));
#13241=CARTESIAN_POINT('Ctrl Pts',(-333.670771884005,-135.351582115834,
63.2457130645668));
#13242=CARTESIAN_POINT('Ctrl Pts',(-333.670771884005,-136.739661042914,
66.3189496963775));
#13243=CARTESIAN_POINT('Ctrl Pts',(-333.670771884005,-137.363999679547,
67.9845726190245));
#13244=CARTESIAN_POINT('Ctrl Pts',(-333.670771884005,-137.369086925645,
67.9981486853304));
#13245=CARTESIAN_POINT('Ctrl Pts',(-333.670771884005,-137.374174171743,
68.0117247516363));
#13246=CARTESIAN_POINT('Ctrl Pts',(-333.670771884005,-137.379261417841,
68.0253008179422));
#13247=CARTESIAN_POINT('Ctrl Pts',(-332.004105217338,-111.395662975853,
52.2056815184562));
#13248=CARTESIAN_POINT('Ctrl Pts',(-332.004105217338,-111.713634937707,
52.1607009362656));
#13249=CARTESIAN_POINT('Ctrl Pts',(-332.004105217338,-112.031606899561,
52.115720354075));
#13250=CARTESIAN_POINT('Ctrl Pts',(-332.004105217338,-112.349578861416,
52.0707397718843));
#13251=CARTESIAN_POINT('Ctrl Pts',(-332.004105217338,-116.10751654786,51.5391387338976));
#13252=CARTESIAN_POINT('Ctrl Pts',(-332.004105217338,-121.3014223895,51.460773058926));
#13253=CARTESIAN_POINT('Ctrl Pts',(-332.004105217338,-126.436030990098,
52.8706329440476));
#13254=CARTESIAN_POINT('Ctrl Pts',(-332.004105217338,-129.069493105714,
54.164171923651));
#13255=CARTESIAN_POINT('Ctrl Pts',(-332.004105217338,-131.502019237065,
55.7838507636216));
#13256=CARTESIAN_POINT('Ctrl Pts',(-332.004105217338,-134.167694378718,
58.4170846855026));
#13257=CARTESIAN_POINT('Ctrl Pts',(-332.004105217338,-136.825717250486,
62.4547190426615));
#13258=CARTESIAN_POINT('Ctrl Pts',(-332.004105217338,-138.276014075366,
65.668657515892));
#13259=CARTESIAN_POINT('Ctrl Pts',(-332.004105217338,-138.924691079899,
67.399747747252));
#13260=CARTESIAN_POINT('Ctrl Pts',(-332.004105217338,-138.929778325997,
67.4133238135579));
#13261=CARTESIAN_POINT('Ctrl Pts',(-332.004105217338,-138.934865572095,
67.4268998798638));
#13262=CARTESIAN_POINT('Ctrl Pts',(-332.004105217338,-138.939952818193,
67.4404759461696));
#13263=CARTESIAN_POINT('',(-332.004105217338,-138.924691079899,67.399747747252));
#13264=CARTESIAN_POINT('',(-337.004105217338,-134.257878617136,69.194950561487));
#13265=CARTESIAN_POINT('Ctrl Pts',(-332.004105217338,-138.924691079899,
67.3997477472521));
#13266=CARTESIAN_POINT('Ctrl Pts',(-333.670771884005,-137.369086925645,
67.9981486853304));
#13267=CARTESIAN_POINT('Ctrl Pts',(-335.337438550671,-135.81348277139,68.5965496234087));
#13268=CARTESIAN_POINT('Ctrl Pts',(-337.004105217338,-134.257878617136,
69.1949505614871));
#13269=CARTESIAN_POINT('Ctrl Pts',(-337.004105217338,-134.257878617136,
69.1949505614873));
#13270=CARTESIAN_POINT('Ctrl Pts',(-337.004105217338,-134.252791371038,
69.1813744951814));
#13271=CARTESIAN_POINT('Ctrl Pts',(-337.004105217338,-134.24770412494,69.1677984288755));
#13272=CARTESIAN_POINT('Ctrl Pts',(-337.004105217338,-134.242616878842,
69.1542223625696));
#13273=CARTESIAN_POINT('Ctrl Pts',(-337.004105217338,-133.667538100286,
67.6195398489882));
#13274=CARTESIAN_POINT('Ctrl Pts',(-337.004105217338,-132.402917688551,
64.8283674622635));
#13275=CARTESIAN_POINT('Ctrl Pts',(-337.004105217338,-130.229710879925,
61.5586524764115));
#13276=CARTESIAN_POINT('Ctrl Pts',(-337.004105217338,-128.267041878457,
59.6430684742302));
#13277=CARTESIAN_POINT('Ctrl Pts',(-337.004105217338,-126.571025749435,
58.5143872905438));
#13278=CARTESIAN_POINT('Ctrl Pts',(-337.004105217338,-124.723627074731,
57.606951373111));
#13279=CARTESIAN_POINT('Ctrl Pts',(-337.004105217338,-120.897787071331,
56.5251425104254));
#13280=CARTESIAN_POINT('Ctrl Pts',(-337.004105217338,-116.41875301903,56.5448910800516));
#13281=CARTESIAN_POINT('Ctrl Pts',(-337.004105217338,-113.049910563707,
57.0214503781272));
#13282=CARTESIAN_POINT('Ctrl Pts',(-337.004105217338,-112.731938601852,
57.0664309603179));
#13283=CARTESIAN_POINT('Ctrl Pts',(-337.004105217338,-112.413966639998,
57.1114115425085));
#13284=CARTESIAN_POINT('Ctrl Pts',(-337.004105217338,-112.095994678144,
57.1563921246992));
#13285=CARTESIAN_POINT('Ctrl Pts',(-332.004105217338,-112.349578861416,
52.0707397718843));
#13286=CARTESIAN_POINT('Ctrl Pts',(-332.004105217338,-116.10751654786,51.5391387338976));
#13287=CARTESIAN_POINT('Ctrl Pts',(-332.004105217338,-121.3014223895,51.460773058926));
#13288=CARTESIAN_POINT('Ctrl Pts',(-332.004105217338,-126.436030990098,
52.8706329440476));
#13289=CARTESIAN_POINT('Ctrl Pts',(-332.004105217338,-129.069493105714,
54.164171923651));
#13290=CARTESIAN_POINT('Ctrl Pts',(-332.004105217338,-131.502019237065,
55.7838507636216));
#13291=CARTESIAN_POINT('Ctrl Pts',(-332.004105217338,-134.167694378718,
58.4170846855026));
#13292=CARTESIAN_POINT('Ctrl Pts',(-332.004105217338,-136.825717250486,
62.4547190426615));
#13293=CARTESIAN_POINT('Ctrl Pts',(-332.004105217338,-138.276014075366,
65.668657515892));
#13294=CARTESIAN_POINT('Ctrl Pts',(-332.004105217338,-138.924691079899,
67.399747747252));
#13295=CARTESIAN_POINT('Origin',(-334.504105217338,-138.918262013934,74.1929786414822));
#13296=CARTESIAN_POINT('',(-332.004105217338,-141.243683064885,73.2751459030187));
#13297=CARTESIAN_POINT('',(-337.004105217338,-136.592840962983,75.1108113799458));
#13298=CARTESIAN_POINT('Origin',(-337.004105217338,-130.922600670262,84.1395218946381));
#13299=CARTESIAN_POINT('Ctrl Pts',(-337.004105217338,-133.27206866837,43.1747774429971));
#13300=CARTESIAN_POINT('Ctrl Pts',(-337.004105217338,-130.161558867614,
42.4398660994814));
#13301=CARTESIAN_POINT('Ctrl Pts',(-337.004105217338,-125.799750962383,
41.645919812481));
#13302=CARTESIAN_POINT('Ctrl Pts',(-337.004105217338,-120.448647041127,
41.3991169244585));
#13303=CARTESIAN_POINT('Ctrl Pts',(-337.004105217338,-116.600323300065,
41.7769069925105));
#13304=CARTESIAN_POINT('Ctrl Pts',(-337.004105217338,-112.930207640316,
42.9941240955485));
#13305=CARTESIAN_POINT('Ctrl Pts',(-337.004105217338,-109.797098033554,
45.2132505109575));
#13306=CARTESIAN_POINT('Ctrl Pts',(-337.004105217338,-108.297141948209,
47.1930631587035));
#13307=CARTESIAN_POINT('Ctrl Pts',(-337.004105217338,-107.698904658662,
48.2572602397276));
#13308=CARTESIAN_POINT('Ctrl Pts',(-335.337438550671,-132.888841105863,
44.7967868181591));
#13309=CARTESIAN_POINT('Ctrl Pts',(-335.337438550671,-129.83465486759,44.0751828832763));
#13310=CARTESIAN_POINT('Ctrl Pts',(-335.337438550671,-125.569357322364,
43.3027559534807));
#13311=CARTESIAN_POINT('Ctrl Pts',(-335.337438550671,-120.471156537474,
43.0710410553871));
#13312=CARTESIAN_POINT('Ctrl Pts',(-335.337438550671,-116.92430156546,43.4260963222531));
#13313=CARTESIAN_POINT('Ctrl Pts',(-335.337438550671,-113.680918502951,
44.5108073633846));
#13314=CARTESIAN_POINT('Ctrl Pts',(-335.337438550671,-110.975911082325,
46.4295410130496));
#13315=CARTESIAN_POINT('Ctrl Pts',(-335.337438550671,-109.674880383673,
48.1433817423846));
#13316=CARTESIAN_POINT('Ctrl Pts',(-335.337438550671,-109.15174842353,49.0739748610388));
#13317=CARTESIAN_POINT('Ctrl Pts',(-333.670771884005,-132.505613543357,
46.4187961933211));
#13318=CARTESIAN_POINT('Ctrl Pts',(-333.670771884005,-129.507750867566,
45.7104996670711));
#13319=CARTESIAN_POINT('Ctrl Pts',(-333.670771884005,-125.338963682346,
44.9595920944805));
#13320=CARTESIAN_POINT('Ctrl Pts',(-333.670771884005,-120.493666033821,
44.7429651863157));
#13321=CARTESIAN_POINT('Ctrl Pts',(-333.670771884005,-117.248279830854,
45.0752856519958));
#13322=CARTESIAN_POINT('Ctrl Pts',(-333.670771884005,-114.431629365587,
46.0274906312208));
#13323=CARTESIAN_POINT('Ctrl Pts',(-333.670771884005,-112.154724131096,
47.6458315151417));
#13324=CARTESIAN_POINT('Ctrl Pts',(-333.670771884005,-111.052618819136,
49.0937003260658));
#13325=CARTESIAN_POINT('Ctrl Pts',(-333.670771884005,-110.604592188397,
49.8906894823501));
#13326=CARTESIAN_POINT('Ctrl Pts',(-332.004105217338,-132.122385980851,
48.040805568483));
#13327=CARTESIAN_POINT('Ctrl Pts',(-332.004105217338,-129.180846867541,
47.3458164508659));
#13328=CARTESIAN_POINT('Ctrl Pts',(-332.004105217338,-125.108570042327,
46.6164282354802));
#13329=CARTESIAN_POINT('Ctrl Pts',(-332.004105217338,-120.516175530169,
46.4148893172443));
#13330=CARTESIAN_POINT('Ctrl Pts',(-332.004105217338,-117.572258096249,
46.7244749817384));
#13331=CARTESIAN_POINT('Ctrl Pts',(-332.004105217338,-115.182340228222,
47.5441738990569));
#13332=CARTESIAN_POINT('Ctrl Pts',(-332.004105217338,-113.333537179867,
48.8621220172337));
#13333=CARTESIAN_POINT('Ctrl Pts',(-332.004105217338,-112.4303572546,50.0440189097469));
#13334=CARTESIAN_POINT('Ctrl Pts',(-332.004105217338,-112.057435953265,
50.7074041036613));
#13335=CARTESIAN_POINT('',(-332.004105217338,-132.122385980851,48.040805568483));
#13336=CARTESIAN_POINT('Ctrl Pts',(-332.004105217338,-132.122385980851,
48.040805568483));
#13337=CARTESIAN_POINT('Ctrl Pts',(-332.004105217338,-129.180846867541,
47.3458164508659));
#13338=CARTESIAN_POINT('Ctrl Pts',(-332.004105217338,-125.108570042327,
46.6164282354802));
#13339=CARTESIAN_POINT('Ctrl Pts',(-332.004105217338,-120.516175530169,
46.4148893172443));
#13340=CARTESIAN_POINT('Ctrl Pts',(-332.004105217338,-117.572258096249,
46.7244749817384));
#13341=CARTESIAN_POINT('Ctrl Pts',(-332.004105217338,-115.182340228222,
47.5441738990569));
#13342=CARTESIAN_POINT('Ctrl Pts',(-332.004105217338,-113.333537179867,
48.8621220172337));
#13343=CARTESIAN_POINT('Ctrl Pts',(-332.004105217338,-112.4303572546,50.0440189097469));
#13344=CARTESIAN_POINT('Ctrl Pts',(-332.004105217338,-112.057435953265,
50.7074041036613));
#13345=CARTESIAN_POINT('',(-337.004105217338,-133.063819198016,43.1258313804109));
#13346=CARTESIAN_POINT('Ctrl Pts',(-337.004105217338,-109.459444646918,
45.8330640164911));
#13347=CARTESIAN_POINT('Ctrl Pts',(-337.004105217338,-109.615959373997,
45.6640570991841));
#13348=CARTESIAN_POINT('Ctrl Pts',(-337.004105217338,-110.647408267066,
44.6109907315977));
#13349=CARTESIAN_POINT('Ctrl Pts',(-337.004105217338,-112.930207640316,
42.9941240955485));
#13350=CARTESIAN_POINT('Ctrl Pts',(-337.004105217338,-116.600323300065,
41.7769069925105));
#13351=CARTESIAN_POINT('Ctrl Pts',(-337.004105217338,-120.448647041127,
41.3991169244585));
#13352=CARTESIAN_POINT('Ctrl Pts',(-337.004105217338,-125.739955638094,
41.6431619406583));
#13353=CARTESIAN_POINT('Ctrl Pts',(-337.004105217338,-130.031661440186,
42.4163429455039));
#13354=CARTESIAN_POINT('Ctrl Pts',(-337.004105217338,-133.063823463514,
43.1258131433746));
#13355=CARTESIAN_POINT('Ctrl Pts',(-337.004105217338,-133.063819198015,
43.1258313804102));
#13356=CARTESIAN_POINT('Ctrl Pts',(-336.170802732066,-132.907396248758,
43.9450343456177));
#13357=CARTESIAN_POINT('Ctrl Pts',(-335.337408239643,-132.750723309219,
44.7642931426721));
#13358=CARTESIAN_POINT('Ctrl Pts',(-333.670806591338,-132.43693029238,46.4025548241068));
#13359=CARTESIAN_POINT('Ctrl Pts',(-332.837403886629,-132.279773387891,
47.2217499307905));
#13360=CARTESIAN_POINT('Ctrl Pts',(-332.004105217338,-132.122385980851,
48.040805568483));
#13361=CARTESIAN_POINT('Origin',(-334.504105217338,-154.946183396586,48.9084887060795));
#13362=CARTESIAN_POINT('',(-337.004105217338,-155.314027454127,46.4356986322294));
#13363=CARTESIAN_POINT('',(-332.004105217338,-154.578339339045,51.3812787799297));
#13364=CARTESIAN_POINT('Ctrl Pts',(-326.004105217338,-132.122385980851,
48.040805568483));
#13365=CARTESIAN_POINT('Ctrl Pts',(-337.004105217338,-132.122385980851,
48.040805568483));
#13366=CARTESIAN_POINT('Ctrl Pts',(-326.004105217338,-131.504662767056,
47.8948578537835));
#13367=CARTESIAN_POINT('Ctrl Pts',(-337.004105217338,-131.504662767056,
47.8948578537835));
#13368=CARTESIAN_POINT('Ctrl Pts',(-326.004105217338,-130.286586243335,
47.6189563324462));
#13369=CARTESIAN_POINT('Ctrl Pts',(-337.004105217338,-130.286586243335,
47.6189563324462));
#13370=CARTESIAN_POINT('Ctrl Pts',(-326.004105217338,-128.511579252156,
47.253084009297));
#13371=CARTESIAN_POINT('Ctrl Pts',(-337.004105217338,-128.511579252156,
47.253084009297));
#13372=CARTESIAN_POINT('Ctrl Pts',(-326.004105217338,-126.250849759228,
46.8628079517107));
#13373=CARTESIAN_POINT('Ctrl Pts',(-337.004105217338,-126.250849759228,
46.8628079517107));
#13374=CARTESIAN_POINT('Ctrl Pts',(-326.004105217338,-123.614894561474,
46.5498717057601));
#13375=CARTESIAN_POINT('Ctrl Pts',(-337.004105217338,-123.614894561474,
46.5498717057601));
#13376=CARTESIAN_POINT('Ctrl Pts',(-326.004105217338,-121.190051274036,
46.431323668168));
#13377=CARTESIAN_POINT('Ctrl Pts',(-337.004105217338,-121.190051274036,
46.431323668168));
#13378=CARTESIAN_POINT('Ctrl Pts',(-326.004105217338,-119.001784773942,
46.5306114590157));
#13379=CARTESIAN_POINT('Ctrl Pts',(-337.004105217338,-119.001784773942,
46.5306114590157));
#13380=CARTESIAN_POINT('Ctrl Pts',(-326.004105217338,-117.074301064131,
46.8700235488148));
#13381=CARTESIAN_POINT('Ctrl Pts',(-337.004105217338,-117.074301064131,
46.8700235488148));
#13382=CARTESIAN_POINT('Ctrl Pts',(-326.004105217338,-115.421155765794,
47.4620417200781));
#13383=CARTESIAN_POINT('Ctrl Pts',(-337.004105217338,-115.421155765794,
47.4620417200781));
#13384=CARTESIAN_POINT('Ctrl Pts',(-326.004105217338,-114.034274268111,
48.2992310104132));
#13385=CARTESIAN_POINT('Ctrl Pts',(-337.004105217338,-114.034274268111,
48.2992310104132));
#13386=CARTESIAN_POINT('Ctrl Pts',(-326.004105217338,-113.12550837964,49.1538197397135));
#13387=CARTESIAN_POINT('Ctrl Pts',(-337.004105217338,-113.12550837964,49.1538197397135));
#13388=CARTESIAN_POINT('Ctrl Pts',(-326.004105217338,-112.550646122269,
49.8930200037425));
#13389=CARTESIAN_POINT('Ctrl Pts',(-337.004105217338,-112.550646122269,
49.8930200037425));
#13390=CARTESIAN_POINT('Ctrl Pts',(-326.004105217338,-112.214062899826,
50.428782322217));
#13391=CARTESIAN_POINT('Ctrl Pts',(-337.004105217338,-112.214062899826,
50.428782322217));
#13392=CARTESIAN_POINT('Ctrl Pts',(-326.004105217338,-112.057435953265,
50.707404103661));
#13393=CARTESIAN_POINT('Ctrl Pts',(-337.004105217338,-112.057435953265,
50.707404103661));
#13394=CARTESIAN_POINT('',(-326.004105217338,-132.122385980851,48.040805568483));
#13395=CARTESIAN_POINT('',(-326.004105217338,-132.122385980851,48.040805568483));
#13396=CARTESIAN_POINT('Ctrl Pts',(-326.004105217338,-112.057435953265,
50.707404103661));
#13397=CARTESIAN_POINT('Ctrl Pts',(-326.004105217338,-112.214062899826,
50.428782322217));
#13398=CARTESIAN_POINT('Ctrl Pts',(-326.004105217338,-112.550646122269,
49.8930200037425));
#13399=CARTESIAN_POINT('Ctrl Pts',(-326.004105217338,-113.12550837964,49.1538197397135));
#13400=CARTESIAN_POINT('Ctrl Pts',(-326.004105217338,-114.034274268111,
48.2992310104132));
#13401=CARTESIAN_POINT('Ctrl Pts',(-326.004105217338,-115.421155765794,
47.4620417200781));
#13402=CARTESIAN_POINT('Ctrl Pts',(-326.004105217338,-117.074301064131,
46.8700235488148));
#13403=CARTESIAN_POINT('Ctrl Pts',(-326.004105217338,-119.001784773942,
46.5306114590157));
#13404=CARTESIAN_POINT('Ctrl Pts',(-326.004105217338,-121.190051274036,
46.431323668168));
#13405=CARTESIAN_POINT('Ctrl Pts',(-326.004105217338,-123.614894561474,
46.5498717057601));
#13406=CARTESIAN_POINT('Ctrl Pts',(-326.004105217338,-126.250849759228,
46.8628079517107));
#13407=CARTESIAN_POINT('Ctrl Pts',(-326.004105217338,-128.511579252156,
47.253084009297));
#13408=CARTESIAN_POINT('Ctrl Pts',(-326.004105217338,-130.286586243335,
47.6189563324462));
#13409=CARTESIAN_POINT('Ctrl Pts',(-326.004105217338,-131.504662767056,
47.8948578537835));
#13410=CARTESIAN_POINT('Ctrl Pts',(-326.004105217338,-132.122385980851,
48.040805568483));
#13411=CARTESIAN_POINT('Origin',(-326.004105217338,-172.499987165993,54.0472437254375));
#13412=CARTESIAN_POINT('',(-326.004105217338,-137.031647991075,48.7710911177778));
#13413=CARTESIAN_POINT('Ctrl Pts',(-337.004105217338,-107.826194670006,
44.257276143881));
#13414=CARTESIAN_POINT('Ctrl Pts',(-337.004105217338,-107.884741614208,
44.1106043364295));
#13415=CARTESIAN_POINT('Ctrl Pts',(-337.004105217338,-107.943288558411,
43.9639325289781));
#13416=CARTESIAN_POINT('Ctrl Pts',(-337.004105217338,-108.001835502613,
43.817260721527));
#13417=CARTESIAN_POINT('Ctrl Pts',(-337.004105217338,-109.21349133044,40.7818204829791));
#13418=CARTESIAN_POINT('Ctrl Pts',(-337.004105217338,-111.379925100214,
37.0629069005329));
#13419=CARTESIAN_POINT('Ctrl Pts',(-337.004105217338,-114.695257457122,
34.0020911717225));
#13420=CARTESIAN_POINT('Ctrl Pts',(-337.004105217338,-118.386483480836,
31.9580163991152));
#13421=CARTESIAN_POINT('Ctrl Pts',(-337.004105217338,-123.583480764212,
31.0931198451004));
#13422=CARTESIAN_POINT('Ctrl Pts',(-337.004105217338,-128.574932985263,
31.4506237695106));
#13423=CARTESIAN_POINT('Ctrl Pts',(-337.004105217338,-130.326190753721,
31.6817682381624));
#13424=CARTESIAN_POINT('Ctrl Pts',(-335.337438550671,-106.278290744517,
43.6393997685151));
#13425=CARTESIAN_POINT('Ctrl Pts',(-335.337438550671,-106.33683768872,43.4927279610636));
#13426=CARTESIAN_POINT('Ctrl Pts',(-335.337438550671,-106.395384632922,
43.3460561536122));
#13427=CARTESIAN_POINT('Ctrl Pts',(-335.337438550671,-106.453931577125,
43.199384346161));
#13428=CARTESIAN_POINT('Ctrl Pts',(-335.337438550671,-107.719123347986,
40.0326049071635));
#13429=CARTESIAN_POINT('Ctrl Pts',(-335.337438550671,-110.002739090465,
36.075422460287));
#13430=CARTESIAN_POINT('Ctrl Pts',(-335.337438550671,-113.695960862472,
32.6413781601682));
#13431=CARTESIAN_POINT('Ctrl Pts',(-335.337438550671,-117.915105581538,
30.3180137759249));
#13432=CARTESIAN_POINT('Ctrl Pts',(-335.337438550671,-123.543759968426,
29.4170485639422));
#13433=CARTESIAN_POINT('Ctrl Pts',(-335.337438550671,-128.727390934095,
29.7895761777614));
#13434=CARTESIAN_POINT('Ctrl Pts',(-335.337438550671,-130.544278811329,
30.029431899245));
#13435=CARTESIAN_POINT('Ctrl Pts',(-333.670771884005,-104.730386819029,
43.0215233931492));
#13436=CARTESIAN_POINT('Ctrl Pts',(-333.670771884005,-104.788933763231,
42.8748515856977));
#13437=CARTESIAN_POINT('Ctrl Pts',(-333.670771884005,-104.847480707434,
42.7281797782463));
#13438=CARTESIAN_POINT('Ctrl Pts',(-333.670771884005,-104.906027651636,
42.581507970795));
#13439=CARTESIAN_POINT('Ctrl Pts',(-333.670771884005,-106.224170480424,
39.2765174456505));
#13440=CARTESIAN_POINT('Ctrl Pts',(-333.670771884005,-108.625212849064,
35.0866551788226));
#13441=CARTESIAN_POINT('Ctrl Pts',(-333.670771884005,-112.698260658859,
31.2794466422803));
#13442=CARTESIAN_POINT('Ctrl Pts',(-333.670771884005,-117.445066413966,
28.6771072783081));
#13443=CARTESIAN_POINT('Ctrl Pts',(-333.670771884005,-123.498376326684,
27.7396524008851));
#13444=CARTESIAN_POINT('Ctrl Pts',(-333.670771884005,-128.890161522896,
28.1300363865523));
#13445=CARTESIAN_POINT('Ctrl Pts',(-333.670771884005,-130.762366868936,
28.3770955603277));
#13446=CARTESIAN_POINT('Ctrl Pts',(-332.004105217338,-103.18248289354,42.4036470177833));
#13447=CARTESIAN_POINT('Ctrl Pts',(-332.004105217338,-103.241029837743,
42.2569752103318));
#13448=CARTESIAN_POINT('Ctrl Pts',(-332.004105217338,-103.299576781946,
42.1103034028804));
#13449=CARTESIAN_POINT('Ctrl Pts',(-332.004105217338,-103.358123726148,
41.963631595429));
#13450=CARTESIAN_POINT('Ctrl Pts',(-332.004105217338,-104.72980249797,38.5273018698349));
#13451=CARTESIAN_POINT('Ctrl Pts',(-332.004105217338,-107.248026839315,
34.0991707385766));
#13452=CARTESIAN_POINT('Ctrl Pts',(-332.004105217338,-111.698964064209,
29.918733630726));
#13453=CARTESIAN_POINT('Ctrl Pts',(-332.004105217338,-116.973688514669,
27.0371046551178));
#13454=CARTESIAN_POINT('Ctrl Pts',(-332.004105217338,-123.458655530898,
26.0635811197269));
#13455=CARTESIAN_POINT('Ctrl Pts',(-332.004105217338,-129.042619471728,
26.468988794803));
#13456=CARTESIAN_POINT('Ctrl Pts',(-332.004105217338,-130.980454926543,
26.7247592214103));
#13457=CARTESIAN_POINT('',(-332.004105217338,-130.980454926543,26.7247592214103));
#13458=CARTESIAN_POINT('',(-337.004105217338,-130.285432502872,31.67640682656));
#13459=CARTESIAN_POINT('Ctrl Pts',(-332.004105217338,-130.980454926543,
26.7247592214103));
#13460=CARTESIAN_POINT('Ctrl Pts',(-332.669694460065,-130.887354434712,
27.3838328455089));
#13461=CARTESIAN_POINT('Ctrl Pts',(-333.33528380014,-130.794508034939,28.0429412873767));
#13462=CARTESIAN_POINT('Ctrl Pts',(-334.000873120933,-130.70187753388,28.7020789666826));
#13463=CARTESIAN_POINT('Ctrl Pts',(-334.669886286029,-130.60877053417,29.3646073025355));
#13464=CARTESIAN_POINT('Ctrl Pts',(-335.338899431646,-130.515881696925,
30.027165183916));
#13465=CARTESIAN_POINT('Ctrl Pts',(-336.007912439348,-130.423224236229,
30.6897545276325));
#13466=CARTESIAN_POINT('Ctrl Pts',(-336.339976737483,-130.377233748303,
31.0186304431081));
#13467=CARTESIAN_POINT('Ctrl Pts',(-336.67204100164,-130.331301061194,31.3475142260416));
#13468=CARTESIAN_POINT('Ctrl Pts',(-337.004105217338,-130.285432506712,
31.6764067972774));
#13469=CARTESIAN_POINT('Ctrl Pts',(-337.004105217338,-130.285432506713,
31.6764067972775));
#13470=CARTESIAN_POINT('Ctrl Pts',(-337.004105217338,-128.549114829715,
31.44878079935));
#13471=CARTESIAN_POINT('Ctrl Pts',(-337.004105217338,-123.573397406866,
31.0947979412289));
#13472=CARTESIAN_POINT('Ctrl Pts',(-337.004105217338,-118.386483480836,
31.9580163991152));
#13473=CARTESIAN_POINT('Ctrl Pts',(-337.004105217338,-114.695257457122,
34.0020911717225));
#13474=CARTESIAN_POINT('Ctrl Pts',(-337.004105217338,-111.379925100214,
37.0629069005329));
#13475=CARTESIAN_POINT('Ctrl Pts',(-337.004105217338,-109.21349133044,40.7818204829791));
#13476=CARTESIAN_POINT('Ctrl Pts',(-337.004105217338,-108.001835502613,
43.817260721527));
#13477=CARTESIAN_POINT('Ctrl Pts',(-337.004105217338,-107.943288558411,
43.9639325289781));
#13478=CARTESIAN_POINT('Ctrl Pts',(-337.004105217338,-107.884741614208,
44.1106043364295));
#13479=CARTESIAN_POINT('Ctrl Pts',(-337.004105217338,-107.826194670006,
44.257276143881));
#13480=CARTESIAN_POINT('Ctrl Pts',(-332.004105217338,-103.358123726148,
41.963631595429));
#13481=CARTESIAN_POINT('Ctrl Pts',(-332.004105217338,-104.72980249797,38.5273018698349));
#13482=CARTESIAN_POINT('Ctrl Pts',(-332.004105217338,-107.248026839315,
34.0991707385766));
#13483=CARTESIAN_POINT('Ctrl Pts',(-332.004105217338,-111.698964064209,
29.918733630726));
#13484=CARTESIAN_POINT('Ctrl Pts',(-332.004105217338,-116.973688514669,
27.0371046551178));
#13485=CARTESIAN_POINT('Ctrl Pts',(-332.004105217338,-123.458655530898,
26.0635811197269));
#13486=CARTESIAN_POINT('Ctrl Pts',(-332.004105217338,-129.042619471728,
26.468988794803));
#13487=CARTESIAN_POINT('Ctrl Pts',(-332.004105217338,-130.980454926543,
26.7247592214103));
#13488=CARTESIAN_POINT('Origin',(-334.504105217338,-134.989496049694,29.8486402314796));
#13489=CARTESIAN_POINT('',(-332.004105217338,-135.357340107235,27.3758501576295));
#13490=CARTESIAN_POINT('',(-337.004105217338,-134.621651992153,32.3214303053298));
#13491=CARTESIAN_POINT('Origin',(-337.004105217338,-137.929061863074,40.1619480543918));
#13492=CARTESIAN_POINT('Origin',(-337.004105217338,-109.919449332307,14.388800864411));
#13493=CARTESIAN_POINT('Origin',(-337.004105217338,-89.2382276128267,94.0668118450601));
#13494=CARTESIAN_POINT('Origin',(-326.004105217338,-138.924691079899,67.3997477472521));
#13495=CARTESIAN_POINT('',(-326.004105217338,-138.924691079899,67.3997477472521));
#13496=CARTESIAN_POINT('',(-326.004105217338,-138.924691079899,67.3997477472521));
#13497=CARTESIAN_POINT('',(-326.004105217338,-134.014148993043,54.9583981834196));
#13498=CARTESIAN_POINT('Ctrl Pts',(-326.004105217338,-112.349578861416,
52.0707397718843));
#13499=CARTESIAN_POINT('Ctrl Pts',(-337.004105217338,-112.349578861416,
52.0707397718843));
#13500=CARTESIAN_POINT('Ctrl Pts',(-326.004105217338,-113.138745775569,
51.9591035539071));
#13501=CARTESIAN_POINT('Ctrl Pts',(-337.004105217338,-113.138745775569,
51.9591035539071));
#13502=CARTESIAN_POINT('Ctrl Pts',(-326.004105217338,-114.694662574968,
51.7722162717155));
#13503=CARTESIAN_POINT('Ctrl Pts',(-337.004105217338,-114.694662574968,
51.7722162717155));
#13504=CARTESIAN_POINT('Ctrl Pts',(-326.004105217338,-116.961289156567,
51.6010368019158));
#13505=CARTESIAN_POINT('Ctrl Pts',(-337.004105217338,-116.961289156567,
51.6010368019158));
#13506=CARTESIAN_POINT('Ctrl Pts',(-326.004105217338,-119.846726612072,
51.5947265665028));
#13507=CARTESIAN_POINT('Ctrl Pts',(-337.004105217338,-119.846726612072,
51.5947265665028));
#13508=CARTESIAN_POINT('Ctrl Pts',(-326.004105217338,-123.210098248422,
51.9819429918579));
#13509=CARTESIAN_POINT('Ctrl Pts',(-337.004105217338,-123.210098248422,
51.9819429918579));
#13510=CARTESIAN_POINT('Ctrl Pts',(-326.004105217338,-126.308005557382,
52.8000354448444));
#13511=CARTESIAN_POINT('Ctrl Pts',(-337.004105217338,-126.308005557382,
52.8000354448444));
#13512=CARTESIAN_POINT('Ctrl Pts',(-326.004105217338,-129.118335845787,
54.0848951107581));
#13513=CARTESIAN_POINT('Ctrl Pts',(-337.004105217338,-129.118335845787,
54.0848951107581));
#13514=CARTESIAN_POINT('Ctrl Pts',(-326.004105217338,-131.628208403118,
55.8574287133172));
#13515=CARTESIAN_POINT('Ctrl Pts',(-337.004105217338,-131.628208403118,
55.8574287133172));
#13516=CARTESIAN_POINT('Ctrl Pts',(-326.004105217338,-133.84848380953,58.1000084088124));
#13517=CARTESIAN_POINT('Ctrl Pts',(-337.004105217338,-133.84848380953,58.1000084088124));
#13518=CARTESIAN_POINT('Ctrl Pts',(-326.004105217338,-135.800590848802,
60.7778530672755));
#13519=CARTESIAN_POINT('Ctrl Pts',(-337.004105217338,-135.800590848802,
60.7778530672755));
#13520=CARTESIAN_POINT('Ctrl Pts',(-326.004105217338,-137.165126983363,
63.2401227937774));
#13521=CARTESIAN_POINT('Ctrl Pts',(-337.004105217338,-137.165126983363,
63.2401227937774));
#13522=CARTESIAN_POINT('Ctrl Pts',(-326.004105217338,-138.084649018736,
65.2554331661874));
#13523=CARTESIAN_POINT('Ctrl Pts',(-337.004105217338,-138.084649018736,
65.2554331661874));
#13524=CARTESIAN_POINT('Ctrl Pts',(-326.004105217338,-138.652246737995,
66.6726898500808));
#13525=CARTESIAN_POINT('Ctrl Pts',(-337.004105217338,-138.652246737995,
66.6726898500808));
#13526=CARTESIAN_POINT('Ctrl Pts',(-326.004105217338,-138.924691079899,
67.399747747252));
#13527=CARTESIAN_POINT('Ctrl Pts',(-337.004105217338,-138.924691079899,
67.399747747252));
#13528=CARTESIAN_POINT('Ctrl Pts',(-326.004105217338,-138.924691079899,
67.399747747252));
#13529=CARTESIAN_POINT('Ctrl Pts',(-326.004105217338,-138.652246737995,
66.6726898500808));
#13530=CARTESIAN_POINT('Ctrl Pts',(-326.004105217338,-138.084649018736,
65.2554331661874));
#13531=CARTESIAN_POINT('Ctrl Pts',(-326.004105217338,-137.165126983363,
63.2401227937774));
#13532=CARTESIAN_POINT('Ctrl Pts',(-326.004105217338,-135.800590848802,
60.7778530672755));
#13533=CARTESIAN_POINT('Ctrl Pts',(-326.004105217338,-133.84848380953,58.1000084088124));
#13534=CARTESIAN_POINT('Ctrl Pts',(-326.004105217338,-131.628208403118,
55.8574287133172));
#13535=CARTESIAN_POINT('Ctrl Pts',(-326.004105217338,-129.118335845787,
54.0848951107581));
#13536=CARTESIAN_POINT('Ctrl Pts',(-326.004105217338,-126.308005557382,
52.8000354448444));
#13537=CARTESIAN_POINT('Ctrl Pts',(-326.004105217338,-123.210098248422,
51.9819429918579));
#13538=CARTESIAN_POINT('Ctrl Pts',(-326.004105217338,-119.846726612072,
51.5947265665028));
#13539=CARTESIAN_POINT('Ctrl Pts',(-326.004105217338,-116.961289156567,
51.6010368019158));
#13540=CARTESIAN_POINT('Ctrl Pts',(-326.004105217338,-114.694662574968,
51.7722162717155));
#13541=CARTESIAN_POINT('Ctrl Pts',(-326.004105217338,-113.138745775569,
51.9591035539071));
#13542=CARTESIAN_POINT('Ctrl Pts',(-326.004105217338,-112.349578861416,
52.0707397718843));
#13543=CARTESIAN_POINT('Origin',(-326.004105217338,-100.,54.0041052173377));
#13544=CARTESIAN_POINT('Origin',(-326.004105217338,-100.,54.0041052173377));
#13545=CARTESIAN_POINT('',(-326.004105217338,-130.980454926543,26.7247592214103));
#13546=CARTESIAN_POINT('',(-326.004105217338,-117.810648759266,24.7656624954776));
#13547=CARTESIAN_POINT('Ctrl Pts',(-326.004105217338,-130.980454926543,
26.7247592214103));
#13548=CARTESIAN_POINT('Ctrl Pts',(-326.004105217338,-130.166564035521,
26.6173356422352));
#13549=CARTESIAN_POINT('Ctrl Pts',(-326.004105217338,-128.561435766883,
26.4382047058949));
#13550=CARTESIAN_POINT('Ctrl Pts',(-326.004105217338,-126.221700996639,
26.2766523833461));
#13551=CARTESIAN_POINT('Ctrl Pts',(-326.004105217338,-123.240231109459,
26.2791025397811));
#13552=CARTESIAN_POINT('Ctrl Pts',(-326.004105217338,-119.759472290619,
26.6701401871165));
#13553=CARTESIAN_POINT('Ctrl Pts',(-326.004105217338,-116.547376921313,
27.4847608451085));
#13554=CARTESIAN_POINT('Ctrl Pts',(-326.004105217338,-113.626813375393,
28.7590194913261));
#13555=CARTESIAN_POINT('Ctrl Pts',(-326.004105217338,-111.011944086596,
30.5152450518821));
#13556=CARTESIAN_POINT('Ctrl Pts',(-326.004105217338,-108.692881440592,
32.7378484115562));
#13557=CARTESIAN_POINT('Ctrl Pts',(-326.004105217338,-106.648207694882,
35.3930617024214));
#13558=CARTESIAN_POINT('Ctrl Pts',(-326.004105217338,-105.214432631499,
37.8356548482527));
#13559=CARTESIAN_POINT('Ctrl Pts',(-326.004105217338,-104.245553141124,
39.8354348820533));
#13560=CARTESIAN_POINT('Ctrl Pts',(-326.004105217338,-103.646176268231,
41.2420023530542));
#13561=CARTESIAN_POINT('Ctrl Pts',(-326.004105217338,-103.358123726148,
41.963631595429));
#13562=CARTESIAN_POINT('Origin',(-326.004105217338,-59.7452897646307,40.6921946352533));
#13563=CARTESIAN_POINT('',(-326.004105217338,-59.7452897646307,40.6921946352533));
#13564=CARTESIAN_POINT('',(-326.004105217338,-59.7452897646307,40.6921946352533));
#13565=CARTESIAN_POINT('',(-326.004105217338,-64.7311692580474,53.3244190543824));
#13566=CARTESIAN_POINT('Ctrl Pts',(-326.004105217338,-87.8068283112098,
56.7566611509538));
#13567=CARTESIAN_POINT('Ctrl Pts',(-337.004105217338,-87.8068283112098,
56.7566611509538));
#13568=CARTESIAN_POINT('Ctrl Pts',(-326.004105217338,-86.9922257671782,
56.8883864126609));
#13569=CARTESIAN_POINT('Ctrl Pts',(-337.004105217338,-86.9922257671782,
56.8883864126609));
#13570=CARTESIAN_POINT('Ctrl Pts',(-326.004105217338,-85.3851764339448,
57.1122236827861));
#13571=CARTESIAN_POINT('Ctrl Pts',(-337.004105217338,-85.3851764339448,
57.1122236827861));
#13572=CARTESIAN_POINT('Ctrl Pts',(-326.004105217338,-83.0410678070288,
57.3291432101067));
#13573=CARTESIAN_POINT('Ctrl Pts',(-337.004105217338,-83.0410678070288,
57.3291432101067));
#13574=CARTESIAN_POINT('Ctrl Pts',(-326.004105217338,-80.0507236955238,
57.3767570921404));
#13575=CARTESIAN_POINT('Ctrl Pts',(-337.004105217338,-80.0507236955238,
57.3767570921404));
#13576=CARTESIAN_POINT('Ctrl Pts',(-326.004105217338,-76.553277214531,57.0063030828848));
#13577=CARTESIAN_POINT('Ctrl Pts',(-337.004105217338,-76.553277214531,57.0063030828848));
#13578=CARTESIAN_POINT('Ctrl Pts',(-326.004105217338,-73.3177079735342,
56.1676271814957));
#13579=CARTESIAN_POINT('Ctrl Pts',(-337.004105217338,-73.3177079735342,
56.1676271814957));
#13580=CARTESIAN_POINT('Ctrl Pts',(-326.004105217338,-70.3652335053462,
54.8227936230438));
#13581=CARTESIAN_POINT('Ctrl Pts',(-337.004105217338,-70.3652335053462,
54.8227936230438));
#13582=CARTESIAN_POINT('Ctrl Pts',(-326.004105217338,-67.7071560476532,
52.9515946370139));
#13583=CARTESIAN_POINT('Ctrl Pts',(-337.004105217338,-67.7071560476532,
52.9515946370139));
#13584=CARTESIAN_POINT('Ctrl Pts',(-326.004105217338,-65.3314886131731,
50.5754622876215));
#13585=CARTESIAN_POINT('Ctrl Pts',(-337.004105217338,-65.3314886131731,
50.5754622876215));
#13586=CARTESIAN_POINT('Ctrl Pts',(-326.004105217338,-63.2167819931698,
47.7327465630732));
#13587=CARTESIAN_POINT('Ctrl Pts',(-337.004105217338,-63.2167819931698,
47.7327465630732));
#13588=CARTESIAN_POINT('Ctrl Pts',(-326.004105217338,-61.7165870551,45.1160568725704));
#13589=CARTESIAN_POINT('Ctrl Pts',(-337.004105217338,-61.7165870551,45.1160568725704));
#13590=CARTESIAN_POINT('Ctrl Pts',(-326.004105217338,-60.6923401113905,
42.9731373579396));
#13591=CARTESIAN_POINT('Ctrl Pts',(-337.004105217338,-60.6923401113905,
42.9731373579396));
#13592=CARTESIAN_POINT('Ctrl Pts',(-326.004105217338,-60.0536209500531,
41.4656543130523));
#13593=CARTESIAN_POINT('Ctrl Pts',(-337.004105217338,-60.0536209500531,
41.4656543130523));
#13594=CARTESIAN_POINT('Ctrl Pts',(-326.004105217338,-59.7452897646307,
40.6921946352533));
#13595=CARTESIAN_POINT('Ctrl Pts',(-337.004105217338,-59.7452897646307,
40.6921946352533));
#13596=CARTESIAN_POINT('Ctrl Pts',(-326.004105217338,-59.7452897646307,
40.6921946352533));
#13597=CARTESIAN_POINT('Ctrl Pts',(-326.004105217338,-60.0536209500531,
41.4656543130523));
#13598=CARTESIAN_POINT('Ctrl Pts',(-326.004105217338,-60.6923401113905,
42.9731373579396));
#13599=CARTESIAN_POINT('Ctrl Pts',(-326.004105217338,-61.7165870551,45.1160568725704));
#13600=CARTESIAN_POINT('Ctrl Pts',(-326.004105217338,-63.2167819931698,
47.7327465630732));
#13601=CARTESIAN_POINT('Ctrl Pts',(-326.004105217338,-65.3314886131731,
50.5754622876215));
#13602=CARTESIAN_POINT('Ctrl Pts',(-326.004105217338,-67.7071560476532,
52.9515946370139));
#13603=CARTESIAN_POINT('Ctrl Pts',(-326.004105217338,-70.3652335053462,
54.8227936230438));
#13604=CARTESIAN_POINT('Ctrl Pts',(-326.004105217338,-73.3177079735342,
56.1676271814957));
#13605=CARTESIAN_POINT('Ctrl Pts',(-326.004105217338,-76.553277214531,57.0063030828848));
#13606=CARTESIAN_POINT('Ctrl Pts',(-326.004105217338,-80.0507236955238,
57.3767570921404));
#13607=CARTESIAN_POINT('Ctrl Pts',(-326.004105217338,-83.0410678070288,
57.3291432101067));
#13608=CARTESIAN_POINT('Ctrl Pts',(-326.004105217338,-85.3851764339448,
57.1122236827861));
#13609=CARTESIAN_POINT('Ctrl Pts',(-326.004105217338,-86.9922257671782,
56.8883864126609));
#13610=CARTESIAN_POINT('Ctrl Pts',(-326.004105217338,-87.8068283112098,
56.7566611509538));
#13611=CARTESIAN_POINT('Origin',(-326.004105217338,-100.,54.0041052173377));
#13612=CARTESIAN_POINT('Origin',(-326.004105217338,-100.,54.0041052173377));
#13613=CARTESIAN_POINT('Origin',(-326.004105217338,-100.,54.0041052173377));
#13614=CARTESIAN_POINT('Origin',(-326.004105217338,-130.980454926543,26.7247592214103));
#13615=CARTESIAN_POINT('',(-326.004105217338,-130.980454926543,26.7247592214103));
#13616=CARTESIAN_POINT('Ctrl Pts',(-326.004105217338,-103.358123726148,
41.963631595429));
#13617=CARTESIAN_POINT('Ctrl Pts',(-337.004105217338,-103.358123726148,
41.963631595429));
#13618=CARTESIAN_POINT('Ctrl Pts',(-326.004105217338,-103.646176268231,
41.2420023530542));
#13619=CARTESIAN_POINT('Ctrl Pts',(-337.004105217338,-103.646176268231,
41.2420023530542));
#13620=CARTESIAN_POINT('Ctrl Pts',(-326.004105217338,-104.245553141124,
39.8354348820533));
#13621=CARTESIAN_POINT('Ctrl Pts',(-337.004105217338,-104.245553141124,
39.8354348820533));
#13622=CARTESIAN_POINT('Ctrl Pts',(-326.004105217338,-105.214432631499,
37.8356548482527));
#13623=CARTESIAN_POINT('Ctrl Pts',(-337.004105217338,-105.214432631499,
37.8356548482527));
#13624=CARTESIAN_POINT('Ctrl Pts',(-326.004105217338,-106.648207694882,
35.3930617024214));
#13625=CARTESIAN_POINT('Ctrl Pts',(-337.004105217338,-106.648207694882,
35.3930617024214));
#13626=CARTESIAN_POINT('Ctrl Pts',(-326.004105217338,-108.692881440592,
32.7378484115562));
#13627=CARTESIAN_POINT('Ctrl Pts',(-337.004105217338,-108.692881440592,
32.7378484115562));
#13628=CARTESIAN_POINT('Ctrl Pts',(-326.004105217338,-111.011944086596,
30.5152450518821));
#13629=CARTESIAN_POINT('Ctrl Pts',(-337.004105217338,-111.011944086596,
30.5152450518821));
#13630=CARTESIAN_POINT('Ctrl Pts',(-326.004105217338,-113.626813375393,
28.7590194913261));
#13631=CARTESIAN_POINT('Ctrl Pts',(-337.004105217338,-113.626813375393,
28.7590194913261));
#13632=CARTESIAN_POINT('Ctrl Pts',(-326.004105217338,-116.547376921313,
27.4847608451085));
#13633=CARTESIAN_POINT('Ctrl Pts',(-337.004105217338,-116.547376921313,
27.4847608451085));
#13634=CARTESIAN_POINT('Ctrl Pts',(-326.004105217338,-119.759472290619,
26.6701401871165));
#13635=CARTESIAN_POINT('Ctrl Pts',(-337.004105217338,-119.759472290619,
26.6701401871165));
#13636=CARTESIAN_POINT('Ctrl Pts',(-326.004105217338,-123.240231109459,
26.2791025397811));
#13637=CARTESIAN_POINT('Ctrl Pts',(-337.004105217338,-123.240231109459,
26.2791025397811));
#13638=CARTESIAN_POINT('Ctrl Pts',(-326.004105217338,-126.221700996639,
26.2766523833461));
#13639=CARTESIAN_POINT('Ctrl Pts',(-337.004105217338,-126.221700996639,
26.2766523833461));
#13640=CARTESIAN_POINT('Ctrl Pts',(-326.004105217338,-128.561435766883,
26.4382047058949));
#13641=CARTESIAN_POINT('Ctrl Pts',(-337.004105217338,-128.561435766883,
26.4382047058949));
#13642=CARTESIAN_POINT('Ctrl Pts',(-326.004105217338,-130.166564035521,
26.6173356422352));
#13643=CARTESIAN_POINT('Ctrl Pts',(-337.004105217338,-130.166564035521,
26.6173356422352));
#13644=CARTESIAN_POINT('Ctrl Pts',(-326.004105217338,-130.980454926543,
26.7247592214103));
#13645=CARTESIAN_POINT('Ctrl Pts',(-337.004105217338,-130.980454926543,
26.7247592214103));
#13646=CARTESIAN_POINT('Origin',(-326.004105217338,-68.3276726636651,82.0627534768325));
#13647=CARTESIAN_POINT('',(-326.004105217338,-68.3276726636651,82.0627534768325));
#13648=CARTESIAN_POINT('',(-326.004105217338,-68.3276726636651,82.0627534768325));
#13649=CARTESIAN_POINT('',(-326.004105217338,-81.5898178066067,84.1773022851145));
#13650=CARTESIAN_POINT('Ctrl Pts',(-326.004105217338,-96.234466435031,65.9234490319565));
#13651=CARTESIAN_POINT('Ctrl Pts',(-337.004105217338,-96.234466435031,65.9234490319565));
#13652=CARTESIAN_POINT('Ctrl Pts',(-326.004105217338,-95.9416909696105,
66.6885028385619));
#13653=CARTESIAN_POINT('Ctrl Pts',(-337.004105217338,-95.9416909696105,
66.6885028385619));
#13654=CARTESIAN_POINT('Ctrl Pts',(-326.004105217338,-95.3329174872927,
68.1799061671354));
#13655=CARTESIAN_POINT('Ctrl Pts',(-337.004105217338,-95.3329174872927,
68.1799061671354));
#13656=CARTESIAN_POINT('Ctrl Pts',(-326.004105217338,-94.3500914978828,
70.3009014535814));
#13657=CARTESIAN_POINT('Ctrl Pts',(-337.004105217338,-94.3500914978828,
70.3009014535814));
#13658=CARTESIAN_POINT('Ctrl Pts',(-326.004105217338,-92.8980167245606,
72.8928281046347));
#13659=CARTESIAN_POINT('Ctrl Pts',(-337.004105217338,-92.8980167245606,
72.8928281046347));
#13660=CARTESIAN_POINT('Ctrl Pts',(-326.004105217338,-90.8308775153768,
75.7126598316817));
#13661=CARTESIAN_POINT('Ctrl Pts',(-337.004105217338,-90.8308775153768,
75.7126598316817));
#13662=CARTESIAN_POINT('Ctrl Pts',(-326.004105217338,-88.4893333316774,
78.0751495543414));
#13663=CARTESIAN_POINT('Ctrl Pts',(-337.004105217338,-88.4893333316774,
78.0751495543414));
#13664=CARTESIAN_POINT('Ctrl Pts',(-326.004105217338,-85.8512498058875,
79.9434066293133));
#13665=CARTESIAN_POINT('Ctrl Pts',(-337.004105217338,-85.8512498058875,
79.9434066293133));
#13666=CARTESIAN_POINT('Ctrl Pts',(-326.004105217338,-82.9050179604049,
81.2980827444882));
#13667=CARTESIAN_POINT('Ctrl Pts',(-337.004105217338,-82.9050179604049,
81.2980827444882));
#13668=CARTESIAN_POINT('Ctrl Pts',(-326.004105217338,-79.6633998178645,
82.1604479552281));
#13669=CARTESIAN_POINT('Ctrl Pts',(-337.004105217338,-79.6633998178645,
82.1604479552281));
#13670=CARTESIAN_POINT('Ctrl Pts',(-326.004105217338,-76.1489199155201,
82.5680431881068));
#13671=CARTESIAN_POINT('Ctrl Pts',(-337.004105217338,-76.1489199155201,
82.5680431881068));
#13672=CARTESIAN_POINT('Ctrl Pts',(-326.004105217338,-73.1370744544834,
82.5603498648552));
#13673=CARTESIAN_POINT('Ctrl Pts',(-337.004105217338,-73.1370744544834,
82.5603498648552));
#13674=CARTESIAN_POINT('Ctrl Pts',(-326.004105217338,-70.7727202068913,
82.3787961398183));
#13675=CARTESIAN_POINT('Ctrl Pts',(-337.004105217338,-70.7727202068913,
82.3787961398183));
#13676=CARTESIAN_POINT('Ctrl Pts',(-326.004105217338,-69.1503738116394,
82.1809098755382));
#13677=CARTESIAN_POINT('Ctrl Pts',(-337.004105217338,-69.1503738116394,
82.1809098755382));
#13678=CARTESIAN_POINT('Ctrl Pts',(-326.004105217338,-68.3276726636651,
82.0627534768325));
#13679=CARTESIAN_POINT('Ctrl Pts',(-337.004105217338,-68.3276726636651,
82.0627534768325));
#13680=CARTESIAN_POINT('Ctrl Pts',(-326.004105217338,-68.3276726636651,
82.0627534768325));
#13681=CARTESIAN_POINT('Ctrl Pts',(-326.004105217338,-69.1503738116394,
82.1809098755382));
#13682=CARTESIAN_POINT('Ctrl Pts',(-326.004105217338,-70.7727202068913,
82.3787961398183));
#13683=CARTESIAN_POINT('Ctrl Pts',(-326.004105217338,-73.1370744544834,
82.5603498648552));
#13684=CARTESIAN_POINT('Ctrl Pts',(-326.004105217338,-76.1489199155201,
82.5680431881068));
#13685=CARTESIAN_POINT('Ctrl Pts',(-326.004105217338,-79.6633998178645,
82.1604479552281));
#13686=CARTESIAN_POINT('Ctrl Pts',(-326.004105217338,-82.9050179604049,
81.2980827444882));
#13687=CARTESIAN_POINT('Ctrl Pts',(-326.004105217338,-85.8512498058875,
79.9434066293133));
#13688=CARTESIAN_POINT('Ctrl Pts',(-326.004105217338,-88.4893333316774,
78.0751495543414));
#13689=CARTESIAN_POINT('Ctrl Pts',(-326.004105217338,-90.8308775153768,
75.7126598316817));
#13690=CARTESIAN_POINT('Ctrl Pts',(-326.004105217338,-92.8980167245606,
72.8928281046347));
#13691=CARTESIAN_POINT('Ctrl Pts',(-326.004105217338,-94.3500914978828,
70.3009014535814));
#13692=CARTESIAN_POINT('Ctrl Pts',(-326.004105217338,-95.3329174872927,
68.1799061671354));
#13693=CARTESIAN_POINT('Ctrl Pts',(-326.004105217338,-95.9416909696105,
66.6885028385619));
#13694=CARTESIAN_POINT('Ctrl Pts',(-326.004105217338,-96.234466435031,65.9234490319565));
#13695=CARTESIAN_POINT('Origin',(-326.004105217338,-100.,54.0041052173377));
#13696=CARTESIAN_POINT('Origin',(99.7492520233592,-49.8452173167071,166.94556366475));
#13697=CARTESIAN_POINT('',(99.7492520233592,-29.8452173167071,166.94556366475));
#13698=CARTESIAN_POINT('',(99.7492520233592,-49.8452173167071,166.94556366475));
#13699=CARTESIAN_POINT('',(99.7492520233592,-29.8452173167071,166.94556366475));
#13700=CARTESIAN_POINT('',(99.7492520233592,-29.8452173167071,186.94556366475));
#13701=CARTESIAN_POINT('',(99.7492520233592,-29.8452173167071,166.94556366475));
#13702=CARTESIAN_POINT('',(99.7492520233592,-49.8452173167071,186.94556366475));
#13703=CARTESIAN_POINT('',(99.7492520233592,-29.8452173167071,186.94556366475));
#13704=CARTESIAN_POINT('',(99.7492520233592,-49.8452173167071,166.94556366475));
#13705=CARTESIAN_POINT('Origin',(-100.250747976641,-49.8452173167071,166.94556366475));
#13706=CARTESIAN_POINT('',(-100.250747976641,-49.8452173167071,166.94556366475));
#13707=CARTESIAN_POINT('',(99.7492520233592,-49.8452173167071,166.94556366475));
#13708=CARTESIAN_POINT('',(-100.250747976641,-49.8452173167071,186.94556366475));
#13709=CARTESIAN_POINT('',(99.7492520233592,-49.8452173167071,186.94556366475));
#13710=CARTESIAN_POINT('',(-100.250747976641,-49.8452173167071,166.94556366475));
#13711=CARTESIAN_POINT('Origin',(-100.250747976641,-29.8452173167071,166.94556366475));
#13712=CARTESIAN_POINT('',(-100.250747976641,-29.8452173167071,166.94556366475));
#13713=CARTESIAN_POINT('',(-100.250747976641,-49.8452173167071,166.94556366475));
#13714=CARTESIAN_POINT('',(-100.250747976641,-29.8452173167071,186.94556366475));
#13715=CARTESIAN_POINT('',(-100.250747976641,-49.8452173167071,186.94556366475));
#13716=CARTESIAN_POINT('',(-100.250747976641,-29.8452173167071,166.94556366475));
#13717=CARTESIAN_POINT('Origin',(99.7492520233592,-29.8452173167071,166.94556366475));
#13718=CARTESIAN_POINT('',(-100.250747976641,-29.8452173167071,166.94556366475));
#13719=CARTESIAN_POINT('',(-100.250747976641,-29.8452173167071,186.94556366475));
#13720=CARTESIAN_POINT('Origin',(-0.250747976640753,-39.8452173167071,186.94556366475));
#13721=CARTESIAN_POINT('Origin',(-0.250747976640753,-39.8452173167071,166.94556366475));
#13722=CARTESIAN_POINT('Origin',(99.3920948245151,-379.306364835627,167.492419966585));
#13723=CARTESIAN_POINT('',(99.3920948245151,-359.306364835627,167.492419966585));
#13724=CARTESIAN_POINT('',(99.3920948245151,-379.306364835627,167.492419966585));
#13725=CARTESIAN_POINT('',(99.3920948245151,-359.306364835627,167.492419966585));
#13726=CARTESIAN_POINT('',(99.3920948245151,-359.306364835627,187.492419966585));
#13727=CARTESIAN_POINT('',(99.3920948245151,-359.306364835627,167.492419966585));
#13728=CARTESIAN_POINT('',(99.3920948245151,-379.306364835627,187.492419966585));
#13729=CARTESIAN_POINT('',(99.3920948245151,-359.306364835627,187.492419966585));
#13730=CARTESIAN_POINT('',(99.3920948245151,-379.306364835627,167.492419966585));
#13731=CARTESIAN_POINT('Origin',(-100.607905175485,-379.306364835627,167.492419966585));
#13732=CARTESIAN_POINT('',(-100.607905175485,-379.306364835627,167.492419966585));
#13733=CARTESIAN_POINT('',(99.3920948245151,-379.306364835627,167.492419966585));
#13734=CARTESIAN_POINT('',(-100.607905175485,-379.306364835627,187.492419966585));
#13735=CARTESIAN_POINT('',(99.3920948245151,-379.306364835627,187.492419966585));
#13736=CARTESIAN_POINT('',(-100.607905175485,-379.306364835627,167.492419966585));
#13737=CARTESIAN_POINT('Origin',(-100.607905175485,-359.306364835627,167.492419966585));
#13738=CARTESIAN_POINT('',(-100.607905175485,-359.306364835627,167.492419966585));
#13739=CARTESIAN_POINT('',(-100.607905175485,-379.306364835627,167.492419966585));
#13740=CARTESIAN_POINT('',(-100.607905175485,-359.306364835627,187.492419966585));
#13741=CARTESIAN_POINT('',(-100.607905175485,-379.306364835627,187.492419966585));
#13742=CARTESIAN_POINT('',(-100.607905175485,-359.306364835627,167.492419966585));
#13743=CARTESIAN_POINT('Origin',(99.3920948245151,-359.306364835627,167.492419966585));
#13744=CARTESIAN_POINT('',(-100.607905175485,-359.306364835627,167.492419966585));
#13745=CARTESIAN_POINT('',(-100.607905175485,-359.306364835627,187.492419966585));
#13746=CARTESIAN_POINT('Origin',(-0.607905175484884,-369.306364835627,187.492419966585));
#13747=CARTESIAN_POINT('Origin',(-0.607905175484884,-369.306364835627,167.492419966585));
#13748=CARTESIAN_POINT('Origin',(-0.250747976640326,-199.320422607656,193.244330648489));
#13749=CARTESIAN_POINT('',(139.74925202336,-389.320422607656,193.244330648489));
#13750=CARTESIAN_POINT('',(139.74925202336,-9.32042260765627,193.244330648489));
#13751=CARTESIAN_POINT('',(139.74925202336,-299.320422607656,193.244330648489));
#13752=CARTESIAN_POINT('',(-140.25074797664,-389.320422607656,193.244330648489));
#13753=CARTESIAN_POINT('',(-75.2507479766403,-389.320422607656,193.244330648489));
#13754=CARTESIAN_POINT('',(-140.25074797664,-9.32042260765627,193.244330648489));
#13755=CARTESIAN_POINT('',(-140.25074797664,-99.3204226076563,193.244330648489));
#13756=CARTESIAN_POINT('',(74.7492520233597,-9.32042260765627,193.244330648489));
#13757=CARTESIAN_POINT('Origin',(-140.25074797664,-9.32042260765627,203.244330648489));
#13758=CARTESIAN_POINT('',(-140.25074797664,0.679577392343731,203.244330648489));
#13759=CARTESIAN_POINT('',(-150.25074797664,-9.32042260765627,203.244330648489));
#13760=CARTESIAN_POINT('Origin',(-140.25074797664,-9.32042260765627,203.244330648489));
#13761=CARTESIAN_POINT('Origin',(-140.25074797664,-9.32042260765627,203.244330648489));
#13762=CARTESIAN_POINT('Origin',(-140.25074797664,-9.32042260765627,203.244330648489));
#13763=CARTESIAN_POINT('Origin',(-140.25074797664,-389.320422607656,203.244330648489));
#13764=CARTESIAN_POINT('',(-150.25074797664,-389.320422607656,203.244330648489));
#13765=CARTESIAN_POINT('',(-140.25074797664,-399.320422607656,203.244330648489));
#13766=CARTESIAN_POINT('Origin',(-140.25074797664,-389.320422607656,203.244330648489));
#13767=CARTESIAN_POINT('Origin',(-140.25074797664,-389.320422607656,203.244330648489));
#13768=CARTESIAN_POINT('Origin',(-140.25074797664,-389.320422607656,203.244330648489));
#13769=CARTESIAN_POINT('Origin',(-140.25074797664,-99.3204226076563,203.244330648489));
#13770=CARTESIAN_POINT('',(-150.25074797664,-99.3204226076563,203.244330648489));
#13771=CARTESIAN_POINT('Origin',(139.74925202336,-9.32042260765627,203.244330648489));
#13772=CARTESIAN_POINT('',(149.74925202336,-9.32042260765627,203.244330648489));
#13773=CARTESIAN_POINT('Origin',(139.74925202336,-9.32042260765627,203.244330648489));
#13774=CARTESIAN_POINT('',(139.74925202336,0.679577392343731,203.244330648489));
#13775=CARTESIAN_POINT('Origin',(139.74925202336,-9.32042260765627,203.244330648489));
#13776=CARTESIAN_POINT('Origin',(139.74925202336,-9.32042260765627,203.244330648489));
#13777=CARTESIAN_POINT('Origin',(74.7492520233597,-9.32042260765627,203.244330648489));
#13778=CARTESIAN_POINT('',(74.7492520233597,0.679577392343731,203.244330648489));
#13779=CARTESIAN_POINT('Origin',(-140.25074797664,-9.32042260765627,364.244330648489));
#13780=CARTESIAN_POINT('',(-140.25074797664,0.679577392343731,364.244330648489));
#13781=CARTESIAN_POINT('',(-140.25074797664,-9.32042260765627,374.244330648489));
#13782=CARTESIAN_POINT('Origin',(-140.25074797664,-9.32042260765627,364.244330648489));
#13783=CARTESIAN_POINT('',(-150.25074797664,-9.32042260765627,364.244330648489));
#13784=CARTESIAN_POINT('Origin',(-140.25074797664,-9.32042260765627,364.244330648489));
#13785=CARTESIAN_POINT('Origin',(-140.25074797664,-9.32042260765627,364.244330648489));
#13786=CARTESIAN_POINT('Origin',(-140.25074797664,-9.32042260765627,193.244330648489));
#13787=CARTESIAN_POINT('',(-140.25074797664,0.679577392343731,193.244330648489));
#13788=CARTESIAN_POINT('',(-150.25074797664,-9.32042260765627,193.244330648489));
#13789=CARTESIAN_POINT('Origin',(139.74925202336,-389.320422607656,203.244330648489));
#13790=CARTESIAN_POINT('',(139.74925202336,-399.320422607656,203.244330648489));
#13791=CARTESIAN_POINT('',(149.74925202336,-389.320422607656,203.244330648489));
#13792=CARTESIAN_POINT('Origin',(139.74925202336,-389.320422607656,203.244330648489));
#13793=CARTESIAN_POINT('Origin',(139.74925202336,-389.320422607656,203.244330648489));
#13794=CARTESIAN_POINT('Origin',(139.74925202336,-389.320422607656,203.244330648489));
#13795=CARTESIAN_POINT('Origin',(-75.2507479766403,-389.320422607656,203.244330648489));
#13796=CARTESIAN_POINT('',(-75.2507479766403,-399.320422607656,203.244330648489));
#13797=CARTESIAN_POINT('Origin',(139.74925202336,-299.320422607656,203.244330648489));
#13798=CARTESIAN_POINT('',(149.74925202336,-299.320422607656,203.244330648489));
#13799=CARTESIAN_POINT('Origin',(-140.25074797664,-389.320422607656,364.244330648489));
#13800=CARTESIAN_POINT('',(-150.25074797664,-389.320422607656,364.244330648489));
#13801=CARTESIAN_POINT('',(-140.25074797664,-389.320422607656,374.244330648489));
#13802=CARTESIAN_POINT('Origin',(-140.25074797664,-389.320422607656,364.244330648489));
#13803=CARTESIAN_POINT('',(-140.25074797664,-399.320422607656,364.244330648489));
#13804=CARTESIAN_POINT('Origin',(-140.25074797664,-389.320422607656,364.244330648489));
#13805=CARTESIAN_POINT('Origin',(-140.25074797664,-389.320422607656,364.244330648489));
#13806=CARTESIAN_POINT('Origin',(-140.25074797664,-389.320422607656,193.244330648489));
#13807=CARTESIAN_POINT('',(-150.25074797664,-389.320422607656,193.244330648489));
#13808=CARTESIAN_POINT('',(-140.25074797664,-399.320422607656,193.244330648489));
#13809=CARTESIAN_POINT('Origin',(139.74925202336,-9.32042260765627,364.244330648489));
#13810=CARTESIAN_POINT('',(149.74925202336,-9.32042260765627,364.244330648489));
#13811=CARTESIAN_POINT('',(139.74925202336,-9.32042260765627,374.244330648489));
#13812=CARTESIAN_POINT('Origin',(139.74925202336,-9.32042260765627,364.244330648489));
#13813=CARTESIAN_POINT('',(139.74925202336,0.679577392343731,364.244330648489));
#13814=CARTESIAN_POINT('Origin',(139.74925202336,-9.32042260765627,364.244330648489));
#13815=CARTESIAN_POINT('Origin',(139.74925202336,-9.32042260765627,364.244330648489));
#13816=CARTESIAN_POINT('Origin',(139.74925202336,-9.32042260765627,193.244330648489));
#13817=CARTESIAN_POINT('',(149.74925202336,-9.32042260765627,193.244330648489));
#13818=CARTESIAN_POINT('',(139.74925202336,0.679577392343731,193.244330648489));
#13819=CARTESIAN_POINT('Origin',(74.7492520233597,-9.32042260765627,364.244330648489));
#13820=CARTESIAN_POINT('',(74.7492520233597,-9.32042260765627,374.244330648489));
#13821=CARTESIAN_POINT('',(74.7492520233597,0.679577392343731,364.244330648489));
#13822=CARTESIAN_POINT('Origin',(139.74925202336,-389.320422607656,364.244330648489));
#13823=CARTESIAN_POINT('',(139.74925202336,-399.320422607656,364.244330648489));
#13824=CARTESIAN_POINT('',(139.74925202336,-389.320422607656,374.244330648489));
#13825=CARTESIAN_POINT('Origin',(139.74925202336,-389.320422607656,364.244330648489));
#13826=CARTESIAN_POINT('',(149.74925202336,-389.320422607656,364.244330648489));
#13827=CARTESIAN_POINT('Origin',(139.74925202336,-389.320422607656,364.244330648489));
#13828=CARTESIAN_POINT('Origin',(139.74925202336,-389.320422607656,364.244330648489));
#13829=CARTESIAN_POINT('Origin',(139.74925202336,-389.320422607656,193.244330648489));
#13830=CARTESIAN_POINT('',(139.74925202336,-399.320422607656,193.244330648489));
#13831=CARTESIAN_POINT('',(149.74925202336,-389.320422607656,193.244330648489));
#13832=CARTESIAN_POINT('Origin',(139.74925202336,-299.320422607656,364.244330648489));
#13833=CARTESIAN_POINT('',(139.74925202336,-299.320422607656,374.244330648489));
#13834=CARTESIAN_POINT('',(149.74925202336,-299.320422607656,364.244330648489));
#13835=CARTESIAN_POINT('Origin',(-75.2507479766403,-389.320422607656,364.244330648489));
#13836=CARTESIAN_POINT('',(-75.2507479766403,-389.320422607656,374.244330648489));
#13837=CARTESIAN_POINT('',(-75.2507479766403,-399.320422607656,364.244330648489));
#13838=CARTESIAN_POINT('Origin',(-140.25074797664,-99.3204226076563,364.244330648489));
#13839=CARTESIAN_POINT('',(-140.25074797664,-99.3204226076563,374.244330648489));
#13840=CARTESIAN_POINT('',(-150.25074797664,-99.3204226076563,364.244330648489));
#13841=CARTESIAN_POINT('Origin',(-150.25074797664,0.679577392343731,193.244330648489));
#13842=CARTESIAN_POINT('Origin',(149.74925202336,0.679577392343731,193.244330648489));
#13843=CARTESIAN_POINT('Origin',(-150.25074797664,-399.320422607656,193.244330648489));
#13844=CARTESIAN_POINT('Origin',(149.74925202336,-399.320422607656,193.244330648489));
#13845=CARTESIAN_POINT('Origin',(-0.250747976640326,-199.320422607656,374.244330648489));
#13846=CARTESIAN_POINT('Origin',(-122.339943543854,-480.,168.091140181135));
#13847=CARTESIAN_POINT('',(-102.339943543854,-480.,168.091140181135));
#13848=CARTESIAN_POINT('',(-122.339943543854,-480.,168.091140181135));
#13849=CARTESIAN_POINT('',(-102.339943543854,-480.,168.091140181135));
#13850=CARTESIAN_POINT('',(-102.339943543854,-480.,188.091140181135));
#13851=CARTESIAN_POINT('',(-102.339943543854,-480.,168.091140181135));
#13852=CARTESIAN_POINT('',(-122.339943543854,-480.,188.091140181135));
#13853=CARTESIAN_POINT('',(-102.339943543854,-480.,188.091140181135));
#13854=CARTESIAN_POINT('',(-122.339943543854,-480.,168.091140181135));
#13855=CARTESIAN_POINT('Origin',(-122.339943543854,70.,168.091140181135));
#13856=CARTESIAN_POINT('',(-122.339943543854,70.,168.091140181135));
#13857=CARTESIAN_POINT('',(-122.339943543854,-480.,168.091140181135));
#13858=CARTESIAN_POINT('',(-122.339943543854,70.,188.091140181135));
#13859=CARTESIAN_POINT('',(-122.339943543854,-480.,188.091140181135));
#13860=CARTESIAN_POINT('',(-122.339943543854,70.,168.091140181135));
#13861=CARTESIAN_POINT('Origin',(-102.339943543854,70.,168.091140181135));
#13862=CARTESIAN_POINT('',(-102.339943543854,70.,168.091140181135));
#13863=CARTESIAN_POINT('',(-122.339943543854,70.,168.091140181135));
#13864=CARTESIAN_POINT('',(-102.339943543854,70.,188.091140181135));
#13865=CARTESIAN_POINT('',(-122.339943543854,70.,188.091140181135));
#13866=CARTESIAN_POINT('',(-102.339943543854,70.,168.091140181135));
#13867=CARTESIAN_POINT('Origin',(-102.339943543854,-480.,168.091140181135));
#13868=CARTESIAN_POINT('',(-102.339943543854,70.,168.091140181135));
#13869=CARTESIAN_POINT('',(-102.339943543854,70.,188.091140181135));
#13870=CARTESIAN_POINT('Origin',(-112.339943543854,-205.,168.091140181135));
#13871=CARTESIAN_POINT('Origin',(-112.339943543854,-205.,188.091140181135));
#13872=CARTESIAN_POINT('Origin',(99.0528535009551,-480.,167.742940919933));
#13873=CARTESIAN_POINT('',(119.052853500955,-480.,167.742940919933));
#13874=CARTESIAN_POINT('',(99.0528535009551,-480.,167.742940919933));
#13875=CARTESIAN_POINT('',(119.052853500955,-480.,167.742940919933));
#13876=CARTESIAN_POINT('',(119.052853500955,-480.,187.742940919933));
#13877=CARTESIAN_POINT('',(119.052853500955,-480.,167.742940919933));
#13878=CARTESIAN_POINT('',(99.0528535009551,-480.,187.742940919933));
#13879=CARTESIAN_POINT('',(119.052853500955,-480.,187.742940919933));
#13880=CARTESIAN_POINT('',(99.0528535009551,-480.,167.742940919933));
#13881=CARTESIAN_POINT('Origin',(99.0528535009551,70.,167.742940919933));
#13882=CARTESIAN_POINT('',(99.0528535009551,70.,167.742940919933));
#13883=CARTESIAN_POINT('',(99.0528535009551,-480.,167.742940919933));
#13884=CARTESIAN_POINT('',(99.0528535009551,70.,187.742940919933));
#13885=CARTESIAN_POINT('',(99.0528535009551,-480.,187.742940919933));
#13886=CARTESIAN_POINT('',(99.0528535009551,70.,167.742940919933));
#13887=CARTESIAN_POINT('Origin',(119.052853500955,70.,167.742940919933));
#13888=CARTESIAN_POINT('',(119.052853500955,70.,167.742940919933));
#13889=CARTESIAN_POINT('',(99.0528535009551,70.,167.742940919933));
#13890=CARTESIAN_POINT('',(119.052853500955,70.,187.742940919933));
#13891=CARTESIAN_POINT('',(99.0528535009551,70.,187.742940919933));
#13892=CARTESIAN_POINT('',(119.052853500955,70.,167.742940919933));
#13893=CARTESIAN_POINT('Origin',(119.052853500955,-480.,167.742940919933));
#13894=CARTESIAN_POINT('',(119.052853500955,70.,167.742940919933));
#13895=CARTESIAN_POINT('',(119.052853500955,70.,187.742940919933));
#13896=CARTESIAN_POINT('Origin',(109.052853500955,-205.,167.742940919933));
#13897=CARTESIAN_POINT('Origin',(109.052853500955,-205.,187.742940919933));
#13898=CARTESIAN_POINT('Origin',(85.0781714672491,-346.350336795197,50.1988283430172));
#13899=CARTESIAN_POINT('',(80.0781714672491,-372.838844259363,86.5768295569488));
#13900=CARTESIAN_POINT('',(85.0781714672491,-376.153900844786,90.3454044104977));
#13901=CARTESIAN_POINT('Ctrl Pts',(85.0781714672491,-376.153900844786,90.3454044104977));
#13902=CARTESIAN_POINT('Ctrl Pts',(84.7699994545607,-376.153900844786,90.3454044104977));
#13903=CARTESIAN_POINT('Ctrl Pts',(84.4334473221974,-376.13377218855,90.3225220415927));
#13904=CARTESIAN_POINT('Ctrl Pts',(83.7743790643925,-376.046996169743,90.2238745784378));
#13905=CARTESIAN_POINT('Ctrl Pts',(83.4518625025944,-375.980350252937,90.1481111277411));
#13906=CARTESIAN_POINT('Ctrl Pts',(82.882098115857,-375.824165676833,89.9705596287398));
#13907=CARTESIAN_POINT('Ctrl Pts',(82.5824162876944,-375.72017651403,89.8523441672886));
#13908=CARTESIAN_POINT('Ctrl Pts',(82.0230442085701,-375.472745310899,89.5710629927215));
#13909=CARTESIAN_POINT('Ctrl Pts',(81.7633506920586,-375.329306491106,89.4080009407286));
#13910=CARTESIAN_POINT('Ctrl Pts',(81.3267120781583,-375.040294022605,89.0794499512988));
#13911=CARTESIAN_POINT('Ctrl Pts',(81.1096446738767,-374.868026833271,88.8836156476943));
#13912=CARTESIAN_POINT('Ctrl Pts',(80.7353547053322,-374.497136490595,88.4619854333024));
#13913=CARTESIAN_POINT('Ctrl Pts',(80.578126261259,-374.298515925775,88.2361924651617));
#13914=CARTESIAN_POINT('Ctrl Pts',(80.341442475219,-373.920280355083,87.8062121545098));
#13915=CARTESIAN_POINT('Ctrl Pts',(80.2403123825317,-373.705771006024,87.5623567276464));
#13916=CARTESIAN_POINT('Ctrl Pts',(80.1086791535544,-373.267493341821,87.0641202295275));
#13917=CARTESIAN_POINT('Ctrl Pts',(80.0781714672491,-373.043725622828,86.8097398359798));
#13918=CARTESIAN_POINT('Ctrl Pts',(80.0781714672491,-372.838844259363,86.5768295569488));
#13919=CARTESIAN_POINT('',(85.0781714672491,-389.228732730628,75.9173656654309));
#13920=CARTESIAN_POINT('Origin',(85.0781714672491,-346.350336795197,50.1988283430172));
#13921=CARTESIAN_POINT('',(80.0781714672491,-385.742199179959,71.9538548394377));
#13922=CARTESIAN_POINT('Ctrl Pts',(80.0781714672491,-385.742199179959,71.9538548394377));
#13923=CARTESIAN_POINT('Ctrl Pts',(80.0781714672491,-385.962190096677,72.2039417430522));
#13924=CARTESIAN_POINT('Ctrl Pts',(80.1095612360605,-386.202607481669,72.4772495699595));
#13925=CARTESIAN_POINT('Ctrl Pts',(80.2461087000691,-386.674042037695,73.0131790080104));
#13926=CARTESIAN_POINT('Ctrl Pts',(80.3513343349153,-386.905050623242,73.2757908591239));
#13927=CARTESIAN_POINT('Ctrl Pts',(80.5952986257778,-387.306416137181,73.7320654185277));
#13928=CARTESIAN_POINT('Ctrl Pts',(80.754564839343,-387.514437005037,73.9685447036965));
#13929=CARTESIAN_POINT('Ctrl Pts',(81.1350969227014,-387.903909278587,74.4112989609569));
#13930=CARTESIAN_POINT('Ctrl Pts',(81.3564488008602,-388.085324022494,74.6175322557242));
#13931=CARTESIAN_POINT('Ctrl Pts',(81.7971107448098,-388.385323380913,74.9585732030157));
#13932=CARTESIAN_POINT('Ctrl Pts',(82.0554679366891,-388.532505667928,75.1258908494691));
#13933=CARTESIAN_POINT('Ctrl Pts',(82.6136839248957,-388.786971997593,75.4151695951981));
#13934=CARTESIAN_POINT('Ctrl Pts',(82.9135913609019,-388.894209490702,75.5370777766949));
#13935=CARTESIAN_POINT('Ctrl Pts',(83.4789656053815,-389.053229306857,75.7178523924325));
#13936=CARTESIAN_POINT('Ctrl Pts',(83.7956670338485,-389.120543419921,75.7943754523698));
#13937=CARTESIAN_POINT('Ctrl Pts',(84.4435608536102,-389.208305673941,75.8941440732269));
#13938=CARTESIAN_POINT('Ctrl Pts',(84.7747597914454,-389.228732730628,75.9173656654309));
#13939=CARTESIAN_POINT('Ctrl Pts',(85.0781714672491,-389.228732730628,75.9173656654309));
#13940=CARTESIAN_POINT('Origin',(80.0781714672491,-346.350336795197,50.1988283430172));
#13941=CARTESIAN_POINT('Origin',(92.0781714672491,-346.350336795197,50.1988283430172));
#13942=CARTESIAN_POINT('',(99.0781714672491,-376.153900844786,90.3454044104977));
#13943=CARTESIAN_POINT('',(92.0781714672491,-376.153900844786,90.3454044104977));
#13944=CARTESIAN_POINT('',(99.0781714672491,-389.228732730628,75.9173656654309));
#13945=CARTESIAN_POINT('Origin',(99.0781714672491,-346.350336795197,50.1988283430172));
#13946=CARTESIAN_POINT('',(92.0781714672491,-389.228732730628,75.9173656654309));
#13947=CARTESIAN_POINT('Origin',(99.0781714672491,-346.350336795197,50.1988283430172));
#13948=CARTESIAN_POINT('',(104.078171467249,-385.742199179959,71.9538548394377));
#13949=CARTESIAN_POINT('Ctrl Pts',(99.0781714672491,-389.228732730628,75.9173656654309));
#13950=CARTESIAN_POINT('Ctrl Pts',(99.3815831430528,-389.228732730628,75.9173656654309));
#13951=CARTESIAN_POINT('Ctrl Pts',(99.712782080888,-389.208305673941,75.8941440732269));
#13952=CARTESIAN_POINT('Ctrl Pts',(100.36067590065,-389.120543419921,75.7943754523698));
#13953=CARTESIAN_POINT('Ctrl Pts',(100.677377329117,-389.053229306857,75.7178523924325));
#13954=CARTESIAN_POINT('Ctrl Pts',(101.242751573596,-388.894209490702,75.5370777766949));
#13955=CARTESIAN_POINT('Ctrl Pts',(101.542659009602,-388.786971997593,75.4151695951981));
#13956=CARTESIAN_POINT('Ctrl Pts',(102.100874997809,-388.532505667928,75.125890849469));
#13957=CARTESIAN_POINT('Ctrl Pts',(102.359232189688,-388.385323380913,74.9585732030157));
#13958=CARTESIAN_POINT('Ctrl Pts',(102.799894133638,-388.085324022494,74.6175322557242));
#13959=CARTESIAN_POINT('Ctrl Pts',(103.021246011797,-387.903909278587,74.4112989609569));
#13960=CARTESIAN_POINT('Ctrl Pts',(103.401778095155,-387.514437005037,73.9685447036965));
#13961=CARTESIAN_POINT('Ctrl Pts',(103.56104430872,-387.306416137181,73.7320654185277));
#13962=CARTESIAN_POINT('Ctrl Pts',(103.805008599583,-386.905050623242,73.2757908591239));
#13963=CARTESIAN_POINT('Ctrl Pts',(103.910234234429,-386.674042037695,73.0131790080104));
#13964=CARTESIAN_POINT('Ctrl Pts',(104.046781698438,-386.202607481669,72.4772495699595));
#13965=CARTESIAN_POINT('Ctrl Pts',(104.078171467249,-385.962190096677,72.2039417430522));
#13966=CARTESIAN_POINT('Ctrl Pts',(104.078171467249,-385.742199179959,71.9538548394377));
#13967=CARTESIAN_POINT('',(104.078171467249,-372.838844259363,86.5768295569488));
#13968=CARTESIAN_POINT('Ctrl Pts',(104.078171467249,-372.838844259363,86.5768295569488));
#13969=CARTESIAN_POINT('Ctrl Pts',(104.078171467249,-373.043725622828,86.8097398359798));
#13970=CARTESIAN_POINT('Ctrl Pts',(104.047663780944,-373.267493341821,87.0641202295275));
#13971=CARTESIAN_POINT('Ctrl Pts',(103.916030551966,-373.705771006024,87.5623567276464));
#13972=CARTESIAN_POINT('Ctrl Pts',(103.814900459279,-373.920280355083,87.8062121545098));
#13973=CARTESIAN_POINT('Ctrl Pts',(103.578216673239,-374.298515925775,88.2361924651617));
#13974=CARTESIAN_POINT('Ctrl Pts',(103.420988229166,-374.497136490595,88.4619854333024));
#13975=CARTESIAN_POINT('Ctrl Pts',(103.046698260622,-374.868026833271,88.8836156476943));
#13976=CARTESIAN_POINT('Ctrl Pts',(102.82963085634,-375.040294022605,89.0794499512989));
#13977=CARTESIAN_POINT('Ctrl Pts',(102.39299224244,-375.329306491106,89.4080009407286));
#13978=CARTESIAN_POINT('Ctrl Pts',(102.133298725928,-375.472745310899,89.5710629927215));
#13979=CARTESIAN_POINT('Ctrl Pts',(101.573926646804,-375.72017651403,89.8523441672886));
#13980=CARTESIAN_POINT('Ctrl Pts',(101.274244818641,-375.824165676833,89.9705596287398));
#13981=CARTESIAN_POINT('Ctrl Pts',(100.704480431904,-375.980350252937,90.1481111277411));
#13982=CARTESIAN_POINT('Ctrl Pts',(100.381963870106,-376.046996169743,90.2238745784378));
#13983=CARTESIAN_POINT('Ctrl Pts',(99.7228956123009,-376.13377218855,90.3225220415927));
#13984=CARTESIAN_POINT('Ctrl Pts',(99.3863434799375,-376.153900844786,90.3454044104977));
#13985=CARTESIAN_POINT('Ctrl Pts',(99.0781714672491,-376.153900844786,90.3454044104977));
#13986=CARTESIAN_POINT('Origin',(104.078171467249,-346.350336795197,50.1988283430172));
#13987=CARTESIAN_POINT('Origin',(92.0781714672491,-343.243056167299,52.9321722484915));
#13988=CARTESIAN_POINT('',(104.078171467249,-343.243056167299,52.9321722484915));
#13989=CARTESIAN_POINT('',(104.078171467249,-357.769270544584,40.1540732312082));
#13990=CARTESIAN_POINT('',(104.078171467249,-344.065251383244,52.2089217437138));
#13991=CARTESIAN_POINT('',(120.078171467249,-343.243056167299,52.9321722484915));
#13992=CARTESIAN_POINT('',(92.0781714672491,-343.243056167299,52.9321722484915));
#13993=CARTESIAN_POINT('',(120.078171467249,-357.769270544584,40.1540732312082));
#13994=CARTESIAN_POINT('',(120.078171467249,-343.243056167299,52.9321722484915));
#13995=CARTESIAN_POINT('',(92.0781714672491,-357.769270544584,40.1540732312082));
#13996=CARTESIAN_POINT('Origin',(92.0781714672491,-357.572160262022,46.1547059432682));
#13997=CARTESIAN_POINT('',(104.078171467249,-357.572160262022,46.1547059432682));
#13998=CARTESIAN_POINT('',(104.078171467249,-349.240169997347,53.4840068779665));
#13999=CARTESIAN_POINT('',(104.078171467249,-352.674720031681,50.4627778585768));
#14000=CARTESIAN_POINT('',(120.078171467249,-357.572160262022,46.1547059432682));
#14001=CARTESIAN_POINT('',(92.0781714672491,-357.572160262022,46.1547059432682));
#14002=CARTESIAN_POINT('',(120.078171467249,-349.240169997347,53.4840068779665));
#14003=CARTESIAN_POINT('',(120.078171467249,-357.572160262022,46.1547059432682));
#14004=CARTESIAN_POINT('',(92.0781714672491,-349.240169997347,53.4840068779665));
#14005=CARTESIAN_POINT('Origin',(92.0781714672491,-357.572160262022,46.1547059432682));
#14006=CARTESIAN_POINT('',(80.0781714672491,-349.240169997347,53.4840068779665));
#14007=CARTESIAN_POINT('',(80.0781714672491,-357.572160262022,46.1547059432682));
#14008=CARTESIAN_POINT('',(80.0781714672491,-352.674720031681,50.4627778585768));
#14009=CARTESIAN_POINT('',(64.0781714672491,-349.240169997347,53.4840068779665));
#14010=CARTESIAN_POINT('',(92.0781714672491,-349.240169997347,53.4840068779665));
#14011=CARTESIAN_POINT('',(64.0781714672491,-357.572160262022,46.1547059432682));
#14012=CARTESIAN_POINT('',(64.0781714672491,-357.572160262022,46.1547059432682));
#14013=CARTESIAN_POINT('',(92.0781714672491,-357.572160262022,46.1547059432682));
#14014=CARTESIAN_POINT('Origin',(120.078171467249,-382.471466974515,88.6390001273093));
#14015=CARTESIAN_POINT('',(120.078171467249,-413.015237033788,109.182705478535));
#14016=CARTESIAN_POINT('',(120.078171467249,-419.758588048149,116.848584599005));
#14017=CARTESIAN_POINT('',(120.078171467249,-407.089275422222,124.84619422815));
#14018=CARTESIAN_POINT('Origin',(120.078171467249,-414.177808873338,118.575268582397));
#14019=CARTESIAN_POINT('',(120.078171467249,-401.996256884582,125.008003937165));
#14020=CARTESIAN_POINT('',(120.078171467249,-407.089275422222,124.84619422815));
#14021=CARTESIAN_POINT('',(120.078171467249,-373.867613565234,125.008003937165));
#14022=CARTESIAN_POINT('',(120.078171467249,-401.996256884582,125.008003937165));
#14023=CARTESIAN_POINT('',(120.078171467249,-373.867613565234,131.156852857686));
#14024=CARTESIAN_POINT('',(120.078171467249,-373.867613565234,125.008003937165));
#14025=CARTESIAN_POINT('',(120.078171467249,-341.300886334931,131.156852857686));
#14026=CARTESIAN_POINT('',(120.078171467249,-341.300886334931,131.156852857686));
#14027=CARTESIAN_POINT('',(120.078171467249,-341.300886334931,137.12392702341));
#14028=CARTESIAN_POINT('',(120.078171467249,-341.300886334931,137.12392702341));
#14029=CARTESIAN_POINT('',(120.078171467249,-421.300886334931,137.12392702341));
#14030=CARTESIAN_POINT('',(120.078171467249,-421.300886334931,137.12392702341));
#14031=CARTESIAN_POINT('',(120.078171467249,-421.300886334931,131.156852857686));
#14032=CARTESIAN_POINT('',(120.078171467249,-421.300886334931,131.156852857686));
#14033=CARTESIAN_POINT('',(120.078171467249,-401.996256884582,131.156852857686));
#14034=CARTESIAN_POINT('',(120.078171467249,-373.867613565234,131.156852857686));
#14035=CARTESIAN_POINT('',(120.078171467249,-401.996256884582,128.082428397426));
#14036=CARTESIAN_POINT('',(120.078171467249,-401.996256884582,131.156852857686));
#14037=CARTESIAN_POINT('',(120.078171467249,-411.923223461072,127.767039878559));
#14038=CARTESIAN_POINT('',(120.078171467249,-411.923223461072,127.767039878559));
#14039=CARTESIAN_POINT('',(120.078171467249,-422.631974147213,114.320987860096));
#14040=CARTESIAN_POINT('Origin',(120.078171467249,-414.177808873338,118.575268582397));
#14041=CARTESIAN_POINT('',(120.078171467249,-422.845531532861,114.133130421894));
#14042=CARTESIAN_POINT('',(120.078171467249,-422.845531532861,114.133130421894));
#14043=CARTESIAN_POINT('',(120.078171467249,-421.69518399015,112.82540890626));
#14044=CARTESIAN_POINT('',(120.078171467249,-357.769270544584,40.1540732312082));
#14045=CARTESIAN_POINT('',(120.078171467249,-420.839370203672,111.852515010807));
#14046=CARTESIAN_POINT('Origin',(120.078171467249,-414.177808873338,118.575268582397));
#14047=CARTESIAN_POINT('',(120.078171467249,-357.769270544584,40.1540732312082));
#14048=CARTESIAN_POINT('',(120.078171467249,-380.989854009344,95.8429429952164));
#14049=CARTESIAN_POINT('',(120.078171467249,-380.989854009344,95.8429429952164));
#14050=CARTESIAN_POINT('',(120.078171467249,-384.097134637242,93.109599089742));
#14051=CARTESIAN_POINT('',(120.078171467249,-384.097134637242,93.109599089742));
#14052=CARTESIAN_POINT('',(120.078171467249,-349.240169997347,53.4840068779665));
#14053=CARTESIAN_POINT('',(120.078171467249,-419.758588048149,116.848584599005));
#14054=CARTESIAN_POINT('',(120.078171467249,-416.602079176251,113.260247672286));
#14055=CARTESIAN_POINT('Origin',(120.078171467249,-414.177808873338,118.575268582397));
#14056=CARTESIAN_POINT('',(120.078171467249,-419.758588048149,116.848584599005));
#14057=CARTESIAN_POINT('Origin',(92.0781714672491,-343.243056167299,52.9321722484915));
#14058=CARTESIAN_POINT('',(80.0781714672491,-357.769270544584,40.1540732312082));
#14059=CARTESIAN_POINT('',(80.0781714672491,-343.243056167299,52.9321722484915));
#14060=CARTESIAN_POINT('',(80.0781714672491,-344.065251383244,52.2089217437138));
#14061=CARTESIAN_POINT('',(64.0781714672491,-357.769270544584,40.1540732312082));
#14062=CARTESIAN_POINT('',(92.0781714672491,-357.769270544584,40.1540732312082));
#14063=CARTESIAN_POINT('',(64.0781714672491,-343.243056167299,52.9321722484915));
#14064=CARTESIAN_POINT('',(64.0781714672491,-343.243056167299,52.9321722484915));
#14065=CARTESIAN_POINT('',(92.0781714672491,-343.243056167299,52.9321722484915));
#14066=CARTESIAN_POINT('Origin',(64.0781714672491,-382.471466974515,88.6390001273093));
#14067=CARTESIAN_POINT('',(64.0781714672491,-413.015237033788,109.182705478535));
#14068=CARTESIAN_POINT('',(64.0781714672491,-419.758588048149,116.848584599005));
#14069=CARTESIAN_POINT('',(64.0781714672491,-384.097134637242,93.109599089742));
#14070=CARTESIAN_POINT('',(64.0781714672491,-349.240169997347,53.4840068779665));
#14071=CARTESIAN_POINT('',(64.0781714672491,-380.989854009344,95.8429429952164));
#14072=CARTESIAN_POINT('',(64.0781714672491,-384.097134637242,93.109599089742));
#14073=CARTESIAN_POINT('',(64.0781714672491,-380.989854009344,95.8429429952164));
#14074=CARTESIAN_POINT('',(64.0781714672491,-420.839370203672,111.852515010807));
#14075=CARTESIAN_POINT('',(64.0781714672491,-357.769270544584,40.1540732312082));
#14076=CARTESIAN_POINT('',(64.0781714672491,-421.69518399015,112.82540890626));
#14077=CARTESIAN_POINT('Origin',(64.0781714672491,-414.177808873338,118.575268582397));
#14078=CARTESIAN_POINT('',(64.0781714672491,-422.845531532861,114.133130421894));
#14079=CARTESIAN_POINT('',(64.0781714672491,-357.769270544584,40.1540732312082));
#14080=CARTESIAN_POINT('',(64.0781714672491,-422.631974147213,114.320987860096));
#14081=CARTESIAN_POINT('',(64.0781714672491,-422.845531532861,114.133130421894));
#14082=CARTESIAN_POINT('',(64.0781714672491,-411.923223461072,127.767039878559));
#14083=CARTESIAN_POINT('Origin',(64.0781714672491,-414.177808873338,118.575268582397));
#14084=CARTESIAN_POINT('',(64.0781714672491,-401.996256884582,128.082428397426));
#14085=CARTESIAN_POINT('',(64.0781714672491,-411.923223461072,127.767039878559));
#14086=CARTESIAN_POINT('',(64.0781714672491,-401.996256884582,131.156852857686));
#14087=CARTESIAN_POINT('',(64.0781714672491,-401.996256884582,131.156852857686));
#14088=CARTESIAN_POINT('',(64.0781714672491,-421.300886334931,131.156852857686));
#14089=CARTESIAN_POINT('',(64.0781714672491,-373.867613565234,131.156852857686));
#14090=CARTESIAN_POINT('',(64.0781714672491,-421.300886334931,137.12392702341));
#14091=CARTESIAN_POINT('',(64.0781714672491,-421.300886334931,131.156852857686));
#14092=CARTESIAN_POINT('',(64.0781714672491,-341.300886334931,137.12392702341));
#14093=CARTESIAN_POINT('',(64.0781714672491,-421.300886334931,137.12392702341));
#14094=CARTESIAN_POINT('',(64.0781714672491,-341.300886334931,131.156852857686));
#14095=CARTESIAN_POINT('',(64.0781714672491,-341.300886334931,137.12392702341));
#14096=CARTESIAN_POINT('',(64.0781714672491,-373.867613565234,131.156852857686));
#14097=CARTESIAN_POINT('',(64.0781714672491,-341.300886334931,131.156852857686));
#14098=CARTESIAN_POINT('',(64.0781714672491,-373.867613565234,125.008003937165));
#14099=CARTESIAN_POINT('',(64.0781714672491,-373.867613565234,125.008003937165));
#14100=CARTESIAN_POINT('',(64.0781714672491,-401.996256884582,125.008003937165));
#14101=CARTESIAN_POINT('',(64.0781714672491,-401.996256884582,125.008003937165));
#14102=CARTESIAN_POINT('',(64.0781714672491,-407.089275422222,124.84619422815));
#14103=CARTESIAN_POINT('',(64.0781714672491,-407.089275422222,124.84619422815));
#14104=CARTESIAN_POINT('Origin',(64.0781714672491,-414.177808873338,118.575268582397));
#14105=CARTESIAN_POINT('',(64.0781714672491,-416.602079176251,113.260247672286));
#14106=CARTESIAN_POINT('',(64.0781714672491,-419.758588048149,116.848584599005));
#14107=CARTESIAN_POINT('Origin',(64.0781714672491,-414.177808873338,118.575268582397));
#14108=CARTESIAN_POINT('',(64.0781714672491,-419.758588048149,116.848584599005));
#14109=CARTESIAN_POINT('Origin',(80.0781714672491,-359.996192204648,68.6613776832138));
#14110=CARTESIAN_POINT('',(80.0781714672491,-386.882889385707,79.4753066233283));
#14111=CARTESIAN_POINT('',(80.0781714672491,-391.40315484956,84.613969665566));
#14112=CARTESIAN_POINT('',(80.0781714672491,-379.374492595025,87.7408732221748));
#14113=CARTESIAN_POINT('Origin',(80.0781714672491,-346.350336795197,50.1988283430172));
#14114=CARTESIAN_POINT('',(80.0781714672491,-355.349626199002,60.4292708326308));
#14115=CARTESIAN_POINT('Origin',(80.0781714672491,-359.996192204648,68.6613776832138));
#14116=CARTESIAN_POINT('',(80.0781714672491,-365.323643347314,48.7419264533468));
#14117=CARTESIAN_POINT('',(80.0781714672491,-369.670827891051,82.9754108439929));
#14118=CARTESIAN_POINT('Origin',(104.078171467249,-359.996192204648,68.6613776832138));
#14119=CARTESIAN_POINT('',(104.078171467249,-386.882889385707,79.4753066233283));
#14120=CARTESIAN_POINT('',(104.078171467249,-391.40315484956,84.613969665566));
#14121=CARTESIAN_POINT('',(104.078171467249,-379.374492595025,87.7408732221748));
#14122=CARTESIAN_POINT('',(104.078171467249,-355.349626199002,60.4292708326308));
#14123=CARTESIAN_POINT('Origin',(104.078171467249,-346.350336795197,50.1988283430172));
#14124=CARTESIAN_POINT('Origin',(104.078171467249,-359.996192204648,68.6613776832138));
#14125=CARTESIAN_POINT('',(104.078171467249,-369.670827891051,82.9754108439929));
#14126=CARTESIAN_POINT('',(104.078171467249,-365.323643347314,48.7419264533468));
#14127=CARTESIAN_POINT('Origin',(92.0781714672491,-419.758588048149,116.848584599005));
#14128=CARTESIAN_POINT('',(92.0781714672491,-416.602079176251,113.260247672286));
#14129=CARTESIAN_POINT('',(92.0781714672491,-419.758588048149,116.848584599005));
#14130=CARTESIAN_POINT('Origin',(92.0781714672491,-414.177808873338,118.575268582397));
#14131=CARTESIAN_POINT('Origin',(92.0781714672491,-414.177808873338,118.575268582397));
#14132=CARTESIAN_POINT('',(92.0781714672491,-413.015237033788,109.182705478535));
#14133=CARTESIAN_POINT('',(92.0781714672491,-407.089275422222,124.84619422815));
#14134=CARTESIAN_POINT('Origin',(92.0781714672491,-401.996256884582,125.008003937165));
#14135=CARTESIAN_POINT('',(92.0781714672491,-401.996256884582,125.008003937165));
#14136=CARTESIAN_POINT('Origin',(92.0781714672491,-373.867613565234,125.008003937165));
#14137=CARTESIAN_POINT('',(92.0781714672491,-373.867613565234,125.008003937165));
#14138=CARTESIAN_POINT('Origin',(92.0781714672491,-373.867613565234,131.156852857686));
#14139=CARTESIAN_POINT('',(92.0781714672491,-373.867613565234,131.156852857686));
#14140=CARTESIAN_POINT('Origin',(92.0781714672491,-341.300886334931,131.156852857686));
#14141=CARTESIAN_POINT('',(92.0781714672491,-341.300886334931,131.156852857686));
#14142=CARTESIAN_POINT('Origin',(92.0781714672491,-341.300886334931,137.12392702341));
#14143=CARTESIAN_POINT('',(92.0781714672491,-341.300886334931,137.12392702341));
#14144=CARTESIAN_POINT('Origin',(92.0781714672491,-421.300886334931,137.12392702341));
#14145=CARTESIAN_POINT('',(92.0781714672491,-421.300886334931,137.12392702341));
#14146=CARTESIAN_POINT('Origin',(92.0781714672491,-421.300886334931,131.156852857686));
#14147=CARTESIAN_POINT('',(92.0781714672491,-421.300886334931,131.156852857686));
#14148=CARTESIAN_POINT('Origin',(92.0781714672491,-401.996256884582,131.156852857686));
#14149=CARTESIAN_POINT('',(92.0781714672491,-401.996256884582,131.156852857686));
#14150=CARTESIAN_POINT('Origin',(92.0781714672491,-401.996256884582,128.082428397426));
#14151=CARTESIAN_POINT('',(92.0781714672491,-401.996256884582,128.082428397426));
#14152=CARTESIAN_POINT('Origin',(92.0781714672491,-411.923223461072,127.767039878559));
#14153=CARTESIAN_POINT('',(92.0781714672491,-411.923223461072,127.767039878559));
#14154=CARTESIAN_POINT('Origin',(92.0781714672491,-414.177808873338,118.575268582397));
#14155=CARTESIAN_POINT('',(92.0781714672491,-422.631974147213,114.320987860096));
#14156=CARTESIAN_POINT('Origin',(92.0781714672491,-422.845531532861,114.133130421894));
#14157=CARTESIAN_POINT('',(92.0781714672491,-422.845531532861,114.133130421894));
#14158=CARTESIAN_POINT('Origin',(92.0781714672491,-421.69518399015,112.82540890626));
#14159=CARTESIAN_POINT('',(92.0781714672491,-421.69518399015,112.82540890626));
#14160=CARTESIAN_POINT('Origin',(92.0781714672491,-414.177808873338,118.575268582397));
#14161=CARTESIAN_POINT('',(92.0781714672491,-420.839370203672,111.852515010807));
#14162=CARTESIAN_POINT('Origin',(92.0781714672491,-389.228732730628,75.9173656654309));
#14163=CARTESIAN_POINT('Origin',(92.0781714672491,-380.989854009344,95.8429429952164));
#14164=CARTESIAN_POINT('',(92.0781714672491,-380.989854009344,95.8429429952164));
#14165=CARTESIAN_POINT('Origin',(92.0781714672491,-384.097134637242,93.109599089742));
#14166=CARTESIAN_POINT('',(92.0781714672491,-384.097134637242,93.109599089742));
#14167=CARTESIAN_POINT('Origin',(92.0781714672491,-379.374492595025,87.7408732221748));
#14168=CARTESIAN_POINT('',(92.0781714672491,-379.374492595025,87.7408732221748));
#14169=CARTESIAN_POINT('Origin',(92.0781714672491,-346.350336795197,50.1988283430172));
#14170=CARTESIAN_POINT('',(92.0781714672491,-386.882889385707,79.4753066233283));
#14171=CARTESIAN_POINT('Origin',(92.0781714672491,-413.015237033788,109.182705478535));
#14172=CARTESIAN_POINT('Origin',(-100.863355996686,-345.684460093925,49.6744641596161));
#14173=CARTESIAN_POINT('',(-105.863355996686,-372.172967558091,86.0524653735476));
#14174=CARTESIAN_POINT('',(-100.863355996686,-375.488024143514,89.8210402270966));
#14175=CARTESIAN_POINT('Ctrl Pts',(-100.863355996686,-375.488024143514,
89.8210402270966));
#14176=CARTESIAN_POINT('Ctrl Pts',(-101.171528009374,-375.488024143514,
89.8210402270966));
#14177=CARTESIAN_POINT('Ctrl Pts',(-101.508080141738,-375.467895487278,
89.7981578581916));
#14178=CARTESIAN_POINT('Ctrl Pts',(-102.167148399542,-375.381119468471,
89.6995103950366));
#14179=CARTESIAN_POINT('Ctrl Pts',(-102.489664961341,-375.314473551665,
89.6237469443399));
#14180=CARTESIAN_POINT('Ctrl Pts',(-103.059429348078,-375.158288975561,
89.4461954453386));
#14181=CARTESIAN_POINT('Ctrl Pts',(-103.359111176241,-375.054299812758,
89.3279799838875));
#14182=CARTESIAN_POINT('Ctrl Pts',(-103.918483255365,-374.806868609627,
89.0466988093204));
#14183=CARTESIAN_POINT('Ctrl Pts',(-104.178176771876,-374.663429789834,
88.8836367573275));
#14184=CARTESIAN_POINT('Ctrl Pts',(-104.614815385777,-374.374417321333,
88.5550857678977));
#14185=CARTESIAN_POINT('Ctrl Pts',(-104.831882790058,-374.202150131999,
88.3592514642931));
#14186=CARTESIAN_POINT('Ctrl Pts',(-105.206172758603,-373.831259789323,
87.9376212499012));
#14187=CARTESIAN_POINT('Ctrl Pts',(-105.363401202676,-373.632639224503,
87.7118282817606));
#14188=CARTESIAN_POINT('Ctrl Pts',(-105.600084988716,-373.254403653811,
87.2818479711087));
#14189=CARTESIAN_POINT('Ctrl Pts',(-105.701215081403,-373.039894304752,
87.0379925442453));
#14190=CARTESIAN_POINT('Ctrl Pts',(-105.83284831038,-372.601616640549,86.5397560461263));
#14191=CARTESIAN_POINT('Ctrl Pts',(-105.863355996686,-372.377848921556,
86.2853756525787));
#14192=CARTESIAN_POINT('Ctrl Pts',(-105.863355996686,-372.172967558091,
86.0524653735476));
#14193=CARTESIAN_POINT('',(-100.863355996686,-388.562856029356,75.3930014820298));
#14194=CARTESIAN_POINT('Origin',(-100.863355996686,-345.684460093925,49.6744641596161));
#14195=CARTESIAN_POINT('',(-105.863355996686,-385.076322478687,71.4294906560366));
#14196=CARTESIAN_POINT('Ctrl Pts',(-105.863355996686,-385.076322478687,
71.4294906560366));
#14197=CARTESIAN_POINT('Ctrl Pts',(-105.863355996686,-385.296313395405,
71.6795775596511));
#14198=CARTESIAN_POINT('Ctrl Pts',(-105.831966227874,-385.536730780398,
71.9528853865583));
#14199=CARTESIAN_POINT('Ctrl Pts',(-105.695418763866,-386.008165336423,
72.4888148246092));
#14200=CARTESIAN_POINT('Ctrl Pts',(-105.59019312902,-386.23917392197,72.7514266757228));
#14201=CARTESIAN_POINT('Ctrl Pts',(-105.346228838157,-386.640539435909,
73.2077012351265));
#14202=CARTESIAN_POINT('Ctrl Pts',(-105.186962624592,-386.848560303765,
73.4441805202955));
#14203=CARTESIAN_POINT('Ctrl Pts',(-104.806430541233,-387.238032577315,
73.8869347775558));
#14204=CARTESIAN_POINT('Ctrl Pts',(-104.585078663075,-387.419447321222,
74.093168072323));
#14205=CARTESIAN_POINT('Ctrl Pts',(-104.144416719125,-387.719446679641,
74.4342090196145));
#14206=CARTESIAN_POINT('Ctrl Pts',(-103.886059527246,-387.866628966656,
74.6015266660679));
#14207=CARTESIAN_POINT('Ctrl Pts',(-103.327843539039,-388.121095296321,
74.890805411797));
#14208=CARTESIAN_POINT('Ctrl Pts',(-103.027936103033,-388.22833278943,75.0127135932937));
#14209=CARTESIAN_POINT('Ctrl Pts',(-102.462561858553,-388.387352605585,
75.1934882090313));
#14210=CARTESIAN_POINT('Ctrl Pts',(-102.145860430086,-388.454666718649,
75.2700112689686));
#14211=CARTESIAN_POINT('Ctrl Pts',(-101.497966610325,-388.542428972669,
75.3697798898257));
#14212=CARTESIAN_POINT('Ctrl Pts',(-101.166767672489,-388.562856029356,
75.3930014820298));
#14213=CARTESIAN_POINT('Ctrl Pts',(-100.863355996686,-388.562856029356,
75.3930014820298));
#14214=CARTESIAN_POINT('Origin',(-105.863355996686,-345.684460093925,49.6744641596161));
#14215=CARTESIAN_POINT('Origin',(-93.8633559966858,-345.684460093925,49.6744641596161));
#14216=CARTESIAN_POINT('',(-86.8633559966858,-375.488024143514,89.8210402270966));
#14217=CARTESIAN_POINT('',(-93.8633559966858,-375.488024143514,89.8210402270966));
#14218=CARTESIAN_POINT('',(-86.8633559966858,-388.562856029356,75.3930014820298));
#14219=CARTESIAN_POINT('Origin',(-86.8633559966858,-345.684460093925,49.6744641596161));
#14220=CARTESIAN_POINT('',(-93.8633559966858,-388.562856029356,75.3930014820298));
#14221=CARTESIAN_POINT('Origin',(-86.8633559966858,-345.684460093925,49.6744641596161));
#14222=CARTESIAN_POINT('',(-81.8633559966858,-385.076322478687,71.4294906560366));
#14223=CARTESIAN_POINT('Ctrl Pts',(-86.8633559966858,-388.562856029356,
75.3930014820298));
#14224=CARTESIAN_POINT('Ctrl Pts',(-86.5599443208821,-388.562856029356,
75.3930014820298));
#14225=CARTESIAN_POINT('Ctrl Pts',(-86.2287453830469,-388.542428972669,
75.3697798898257));
#14226=CARTESIAN_POINT('Ctrl Pts',(-85.5808515632852,-388.454666718649,
75.2700112689686));
#14227=CARTESIAN_POINT('Ctrl Pts',(-85.2641501348182,-388.387352605585,
75.1934882090313));
#14228=CARTESIAN_POINT('Ctrl Pts',(-84.6987758903386,-388.22833278943,75.0127135932937));
#14229=CARTESIAN_POINT('Ctrl Pts',(-84.3988684543324,-388.121095296321,
74.890805411797));
#14230=CARTESIAN_POINT('Ctrl Pts',(-83.8406524661258,-387.866628966656,
74.6015266660679));
#14231=CARTESIAN_POINT('Ctrl Pts',(-83.5822952742464,-387.719446679641,
74.4342090196145));
#14232=CARTESIAN_POINT('Ctrl Pts',(-83.1416333302969,-387.419447321222,
74.093168072323));
#14233=CARTESIAN_POINT('Ctrl Pts',(-82.9202814521382,-387.238032577315,
73.8869347775557));
#14234=CARTESIAN_POINT('Ctrl Pts',(-82.5397493687797,-386.848560303765,
73.4441805202954));
#14235=CARTESIAN_POINT('Ctrl Pts',(-82.3804831552146,-386.640539435909,
73.2077012351265));
#14236=CARTESIAN_POINT('Ctrl Pts',(-82.136518864352,-386.23917392197,72.7514266757227));
#14237=CARTESIAN_POINT('Ctrl Pts',(-82.0312932295058,-386.008165336423,
72.4888148246092));
#14238=CARTESIAN_POINT('Ctrl Pts',(-81.8947457654972,-385.536730780398,
71.9528853865583));
#14239=CARTESIAN_POINT('Ctrl Pts',(-81.8633559966858,-385.296313395405,
71.6795775596511));
#14240=CARTESIAN_POINT('Ctrl Pts',(-81.8633559966858,-385.076322478687,
71.4294906560366));
#14241=CARTESIAN_POINT('',(-81.8633559966858,-372.172967558091,86.0524653735476));
#14242=CARTESIAN_POINT('Ctrl Pts',(-81.8633559966858,-372.172967558091,
86.0524653735476));
#14243=CARTESIAN_POINT('Ctrl Pts',(-81.8633559966858,-372.377848921556,
86.2853756525787));
#14244=CARTESIAN_POINT('Ctrl Pts',(-81.8938636829911,-372.601616640549,
86.5397560461263));
#14245=CARTESIAN_POINT('Ctrl Pts',(-82.0254969119684,-373.039894304752,
87.0379925442453));
#14246=CARTESIAN_POINT('Ctrl Pts',(-82.1266270046557,-373.254403653811,
87.2818479711087));
#14247=CARTESIAN_POINT('Ctrl Pts',(-82.3633107906957,-373.632639224503,
87.7118282817606));
#14248=CARTESIAN_POINT('Ctrl Pts',(-82.5205392347689,-373.831259789323,
87.9376212499013));
#14249=CARTESIAN_POINT('Ctrl Pts',(-82.8948292033134,-374.202150131999,
88.3592514642931));
#14250=CARTESIAN_POINT('Ctrl Pts',(-83.111896607595,-374.374417321333,88.5550857678977));
#14251=CARTESIAN_POINT('Ctrl Pts',(-83.5485352214953,-374.663429789834,
88.8836367573275));
#14252=CARTESIAN_POINT('Ctrl Pts',(-83.8082287380068,-374.806868609627,
89.0466988093203));
#14253=CARTESIAN_POINT('Ctrl Pts',(-84.3676008171311,-375.054299812758,
89.3279799838875));
#14254=CARTESIAN_POINT('Ctrl Pts',(-84.6672826452938,-375.158288975561,
89.4461954453386));
#14255=CARTESIAN_POINT('Ctrl Pts',(-85.2370470320311,-375.314473551665,
89.6237469443399));
#14256=CARTESIAN_POINT('Ctrl Pts',(-85.5595635938292,-375.381119468471,
89.6995103950366));
#14257=CARTESIAN_POINT('Ctrl Pts',(-86.2186318516341,-375.467895487278,
89.7981578581916));
#14258=CARTESIAN_POINT('Ctrl Pts',(-86.5551839839974,-375.488024143514,
89.8210402270966));
#14259=CARTESIAN_POINT('Ctrl Pts',(-86.8633559966858,-375.488024143514,
89.8210402270966));
#14260=CARTESIAN_POINT('Origin',(-81.8633559966858,-345.684460093925,49.6744641596161));
#14261=CARTESIAN_POINT('Origin',(-93.8633559966858,-342.577179466027,52.4078080650904));
#14262=CARTESIAN_POINT('',(-81.8633559966858,-342.577179466027,52.4078080650904));
#14263=CARTESIAN_POINT('',(-81.8633559966858,-357.103393843312,39.629709047807));
#14264=CARTESIAN_POINT('',(-81.8633559966858,-343.399374681972,51.6845575603127));
#14265=CARTESIAN_POINT('',(-65.8633559966858,-342.577179466027,52.4078080650904));
#14266=CARTESIAN_POINT('',(-93.8633559966858,-342.577179466027,52.4078080650904));
#14267=CARTESIAN_POINT('',(-65.8633559966858,-357.103393843312,39.629709047807));
#14268=CARTESIAN_POINT('',(-65.8633559966858,-342.577179466027,52.4078080650904));
#14269=CARTESIAN_POINT('',(-93.8633559966858,-357.103393843312,39.629709047807));
#14270=CARTESIAN_POINT('Origin',(-93.8633559966858,-356.90628356075,45.6303417598671));
#14271=CARTESIAN_POINT('',(-81.8633559966858,-356.90628356075,45.6303417598671));
#14272=CARTESIAN_POINT('',(-81.8633559966858,-348.574293296075,52.9596426945654));
#14273=CARTESIAN_POINT('',(-81.8633559966858,-352.008843330409,49.9384136751757));
#14274=CARTESIAN_POINT('',(-65.8633559966858,-356.90628356075,45.6303417598671));
#14275=CARTESIAN_POINT('',(-93.8633559966858,-356.90628356075,45.6303417598671));
#14276=CARTESIAN_POINT('',(-65.8633559966858,-348.574293296075,52.9596426945654));
#14277=CARTESIAN_POINT('',(-65.8633559966858,-356.90628356075,45.6303417598671));
#14278=CARTESIAN_POINT('',(-93.8633559966858,-348.574293296075,52.9596426945654));
#14279=CARTESIAN_POINT('Origin',(-93.8633559966858,-356.90628356075,45.6303417598671));
#14280=CARTESIAN_POINT('',(-105.863355996686,-348.574293296075,52.9596426945654));
#14281=CARTESIAN_POINT('',(-105.863355996686,-356.90628356075,45.6303417598671));
#14282=CARTESIAN_POINT('',(-105.863355996686,-352.008843330409,49.9384136751757));
#14283=CARTESIAN_POINT('',(-121.863355996686,-348.574293296075,52.9596426945654));
#14284=CARTESIAN_POINT('',(-93.8633559966858,-348.574293296075,52.9596426945654));
#14285=CARTESIAN_POINT('',(-121.863355996686,-356.90628356075,45.6303417598671));
#14286=CARTESIAN_POINT('',(-121.863355996686,-356.90628356075,45.6303417598671));
#14287=CARTESIAN_POINT('',(-93.8633559966858,-356.90628356075,45.6303417598671));
#14288=CARTESIAN_POINT('Origin',(-65.8633559966858,-381.805590273243,88.1146359439082));
#14289=CARTESIAN_POINT('',(-65.8633559966858,-412.349360332516,108.658341295134));
#14290=CARTESIAN_POINT('',(-65.8633559966858,-419.092711346877,116.324220415604));
#14291=CARTESIAN_POINT('',(-65.8633559966858,-406.42339872095,124.321830044749));
#14292=CARTESIAN_POINT('Origin',(-65.8633559966858,-413.511932172066,118.050904398996));
#14293=CARTESIAN_POINT('',(-65.8633559966858,-401.33038018331,124.483639753764));
#14294=CARTESIAN_POINT('',(-65.8633559966858,-406.42339872095,124.321830044749));
#14295=CARTESIAN_POINT('',(-65.8633559966858,-373.201736863962,124.483639753764));
#14296=CARTESIAN_POINT('',(-65.8633559966858,-401.33038018331,124.483639753764));
#14297=CARTESIAN_POINT('',(-65.8633559966858,-373.201736863962,130.632488674285));
#14298=CARTESIAN_POINT('',(-65.8633559966858,-373.201736863962,124.483639753764));
#14299=CARTESIAN_POINT('',(-65.8633559966858,-340.635009633659,130.632488674285));
#14300=CARTESIAN_POINT('',(-65.8633559966858,-340.635009633659,130.632488674285));
#14301=CARTESIAN_POINT('',(-65.8633559966858,-340.635009633659,136.599562840009));
#14302=CARTESIAN_POINT('',(-65.8633559966858,-340.635009633659,136.599562840009));
#14303=CARTESIAN_POINT('',(-65.8633559966858,-420.635009633659,136.599562840009));
#14304=CARTESIAN_POINT('',(-65.8633559966858,-420.635009633659,136.599562840009));
#14305=CARTESIAN_POINT('',(-65.8633559966858,-420.635009633659,130.632488674285));
#14306=CARTESIAN_POINT('',(-65.8633559966858,-420.635009633659,130.632488674285));
#14307=CARTESIAN_POINT('',(-65.8633559966858,-401.33038018331,130.632488674285));
#14308=CARTESIAN_POINT('',(-65.8633559966858,-373.201736863962,130.632488674285));
#14309=CARTESIAN_POINT('',(-65.8633559966858,-401.33038018331,127.558064214025));
#14310=CARTESIAN_POINT('',(-65.8633559966858,-401.33038018331,130.632488674285));
#14311=CARTESIAN_POINT('',(-65.8633559966858,-411.2573467598,127.242675695158));
#14312=CARTESIAN_POINT('',(-65.8633559966858,-411.2573467598,127.242675695158));
#14313=CARTESIAN_POINT('',(-65.8633559966858,-421.966097445941,113.796623676695));
#14314=CARTESIAN_POINT('Origin',(-65.8633559966858,-413.511932172066,118.050904398996));
#14315=CARTESIAN_POINT('',(-65.8633559966858,-422.179654831589,113.608766238493));
#14316=CARTESIAN_POINT('',(-65.8633559966858,-422.179654831589,113.608766238493));
#14317=CARTESIAN_POINT('',(-65.8633559966858,-421.029307288878,112.301044722859));
#14318=CARTESIAN_POINT('',(-65.8633559966858,-357.103393843312,39.629709047807));
#14319=CARTESIAN_POINT('',(-65.8633559966858,-420.1734935024,111.328150827406));
#14320=CARTESIAN_POINT('Origin',(-65.8633559966858,-413.511932172066,118.050904398996));
#14321=CARTESIAN_POINT('',(-65.8633559966858,-357.103393843312,39.629709047807));
#14322=CARTESIAN_POINT('',(-65.8633559966858,-380.323977308072,95.3185788118152));
#14323=CARTESIAN_POINT('',(-65.8633559966858,-380.323977308072,95.3185788118152));
#14324=CARTESIAN_POINT('',(-65.8633559966858,-383.43125793597,92.5852349063409));
#14325=CARTESIAN_POINT('',(-65.8633559966858,-383.43125793597,92.5852349063409));
#14326=CARTESIAN_POINT('',(-65.8633559966858,-348.574293296075,52.9596426945654));
#14327=CARTESIAN_POINT('',(-65.8633559966858,-419.092711346877,116.324220415604));
#14328=CARTESIAN_POINT('',(-65.8633559966858,-415.936202474979,112.735883488885));
#14329=CARTESIAN_POINT('Origin',(-65.8633559966858,-413.511932172066,118.050904398996));
#14330=CARTESIAN_POINT('',(-65.8633559966858,-419.092711346877,116.324220415604));
#14331=CARTESIAN_POINT('Origin',(-93.8633559966858,-342.577179466027,52.4078080650904));
#14332=CARTESIAN_POINT('',(-105.863355996686,-357.103393843312,39.629709047807));
#14333=CARTESIAN_POINT('',(-105.863355996686,-342.577179466027,52.4078080650904));
#14334=CARTESIAN_POINT('',(-105.863355996686,-343.399374681972,51.6845575603127));
#14335=CARTESIAN_POINT('',(-121.863355996686,-357.103393843312,39.629709047807));
#14336=CARTESIAN_POINT('',(-93.8633559966858,-357.103393843312,39.629709047807));
#14337=CARTESIAN_POINT('',(-121.863355996686,-342.577179466027,52.4078080650904));
#14338=CARTESIAN_POINT('',(-121.863355996686,-342.577179466027,52.4078080650904));
#14339=CARTESIAN_POINT('',(-93.8633559966858,-342.577179466027,52.4078080650904));
#14340=CARTESIAN_POINT('Origin',(-121.863355996686,-381.805590273243,88.1146359439082));
#14341=CARTESIAN_POINT('',(-121.863355996686,-412.349360332516,108.658341295134));
#14342=CARTESIAN_POINT('',(-121.863355996686,-419.092711346877,116.324220415604));
#14343=CARTESIAN_POINT('',(-121.863355996686,-383.43125793597,92.5852349063409));
#14344=CARTESIAN_POINT('',(-121.863355996686,-348.574293296075,52.9596426945654));
#14345=CARTESIAN_POINT('',(-121.863355996686,-380.323977308072,95.3185788118152));
#14346=CARTESIAN_POINT('',(-121.863355996686,-383.43125793597,92.5852349063409));
#14347=CARTESIAN_POINT('',(-121.863355996686,-380.323977308072,95.3185788118152));
#14348=CARTESIAN_POINT('',(-121.863355996686,-420.1734935024,111.328150827406));
#14349=CARTESIAN_POINT('',(-121.863355996686,-357.103393843312,39.629709047807));
#14350=CARTESIAN_POINT('',(-121.863355996686,-421.029307288878,112.301044722859));
#14351=CARTESIAN_POINT('Origin',(-121.863355996686,-413.511932172066,118.050904398996));
#14352=CARTESIAN_POINT('',(-121.863355996686,-422.179654831589,113.608766238493));
#14353=CARTESIAN_POINT('',(-121.863355996686,-357.103393843312,39.629709047807));
#14354=CARTESIAN_POINT('',(-121.863355996686,-421.966097445941,113.796623676695));
#14355=CARTESIAN_POINT('',(-121.863355996686,-422.179654831589,113.608766238493));
#14356=CARTESIAN_POINT('',(-121.863355996686,-411.2573467598,127.242675695158));
#14357=CARTESIAN_POINT('Origin',(-121.863355996686,-413.511932172066,118.050904398996));
#14358=CARTESIAN_POINT('',(-121.863355996686,-401.33038018331,127.558064214025));
#14359=CARTESIAN_POINT('',(-121.863355996686,-411.2573467598,127.242675695158));
#14360=CARTESIAN_POINT('',(-121.863355996686,-401.33038018331,130.632488674285));
#14361=CARTESIAN_POINT('',(-121.863355996686,-401.33038018331,130.632488674285));
#14362=CARTESIAN_POINT('',(-121.863355996686,-420.635009633659,130.632488674285));
#14363=CARTESIAN_POINT('',(-121.863355996686,-373.201736863962,130.632488674285));
#14364=CARTESIAN_POINT('',(-121.863355996686,-420.635009633659,136.599562840009));
#14365=CARTESIAN_POINT('',(-121.863355996686,-420.635009633659,130.632488674285));
#14366=CARTESIAN_POINT('',(-121.863355996686,-340.635009633659,136.599562840009));
#14367=CARTESIAN_POINT('',(-121.863355996686,-420.635009633659,136.599562840009));
#14368=CARTESIAN_POINT('',(-121.863355996686,-340.635009633659,130.632488674285));
#14369=CARTESIAN_POINT('',(-121.863355996686,-340.635009633659,136.599562840009));
#14370=CARTESIAN_POINT('',(-121.863355996686,-373.201736863962,130.632488674285));
#14371=CARTESIAN_POINT('',(-121.863355996686,-340.635009633659,130.632488674285));
#14372=CARTESIAN_POINT('',(-121.863355996686,-373.201736863962,124.483639753764));
#14373=CARTESIAN_POINT('',(-121.863355996686,-373.201736863962,124.483639753764));
#14374=CARTESIAN_POINT('',(-121.863355996686,-401.33038018331,124.483639753764));
#14375=CARTESIAN_POINT('',(-121.863355996686,-401.33038018331,124.483639753764));
#14376=CARTESIAN_POINT('',(-121.863355996686,-406.42339872095,124.321830044749));
#14377=CARTESIAN_POINT('',(-121.863355996686,-406.42339872095,124.321830044749));
#14378=CARTESIAN_POINT('Origin',(-121.863355996686,-413.511932172066,118.050904398996));
#14379=CARTESIAN_POINT('',(-121.863355996686,-415.936202474979,112.735883488885));
#14380=CARTESIAN_POINT('',(-121.863355996686,-419.092711346877,116.324220415604));
#14381=CARTESIAN_POINT('Origin',(-121.863355996686,-413.511932172066,118.050904398996));
#14382=CARTESIAN_POINT('',(-121.863355996686,-419.092711346877,116.324220415604));
#14383=CARTESIAN_POINT('Origin',(-105.863355996686,-359.330315503376,68.1370134998127));
#14384=CARTESIAN_POINT('',(-105.863355996686,-386.217012684435,78.9509424399272));
#14385=CARTESIAN_POINT('',(-105.863355996686,-390.737278148288,84.0896054821649));
#14386=CARTESIAN_POINT('',(-105.863355996686,-378.708615893753,87.2165090387736));
#14387=CARTESIAN_POINT('Origin',(-105.863355996686,-345.684460093925,49.6744641596161));
#14388=CARTESIAN_POINT('',(-105.863355996686,-354.68374949773,59.9049066492296));
#14389=CARTESIAN_POINT('Origin',(-105.863355996686,-359.330315503376,68.1370134998127));
#14390=CARTESIAN_POINT('',(-105.863355996686,-364.657766646042,48.2175622699457));
#14391=CARTESIAN_POINT('',(-105.863355996686,-369.004951189779,82.4510466605917));
#14392=CARTESIAN_POINT('Origin',(-81.8633559966858,-359.330315503376,68.1370134998127));
#14393=CARTESIAN_POINT('',(-81.8633559966858,-386.217012684435,78.9509424399272));
#14394=CARTESIAN_POINT('',(-81.8633559966858,-390.737278148288,84.0896054821649));
#14395=CARTESIAN_POINT('',(-81.8633559966858,-378.708615893753,87.2165090387736));
#14396=CARTESIAN_POINT('',(-81.8633559966858,-354.68374949773,59.9049066492296));
#14397=CARTESIAN_POINT('Origin',(-81.8633559966858,-345.684460093925,49.6744641596161));
#14398=CARTESIAN_POINT('Origin',(-81.8633559966858,-359.330315503376,68.1370134998127));
#14399=CARTESIAN_POINT('',(-81.8633559966858,-369.004951189779,82.4510466605917));
#14400=CARTESIAN_POINT('',(-81.8633559966858,-364.657766646042,48.2175622699457));
#14401=CARTESIAN_POINT('Origin',(-93.8633559966858,-419.092711346877,116.324220415604));
#14402=CARTESIAN_POINT('',(-93.8633559966858,-415.936202474979,112.735883488885));
#14403=CARTESIAN_POINT('',(-93.8633559966858,-419.092711346877,116.324220415604));
#14404=CARTESIAN_POINT('Origin',(-93.8633559966858,-413.511932172066,118.050904398996));
#14405=CARTESIAN_POINT('Origin',(-93.8633559966858,-413.511932172066,118.050904398996));
#14406=CARTESIAN_POINT('',(-93.8633559966858,-412.349360332516,108.658341295134));
#14407=CARTESIAN_POINT('',(-93.8633559966858,-406.42339872095,124.321830044749));
#14408=CARTESIAN_POINT('Origin',(-93.8633559966858,-401.33038018331,124.483639753764));
#14409=CARTESIAN_POINT('',(-93.8633559966858,-401.33038018331,124.483639753764));
#14410=CARTESIAN_POINT('Origin',(-93.8633559966858,-373.201736863962,124.483639753764));
#14411=CARTESIAN_POINT('',(-93.8633559966858,-373.201736863962,124.483639753764));
#14412=CARTESIAN_POINT('Origin',(-93.8633559966858,-373.201736863962,130.632488674285));
#14413=CARTESIAN_POINT('',(-93.8633559966858,-373.201736863962,130.632488674285));
#14414=CARTESIAN_POINT('Origin',(-93.8633559966858,-340.635009633659,130.632488674285));
#14415=CARTESIAN_POINT('',(-93.8633559966858,-340.635009633659,130.632488674285));
#14416=CARTESIAN_POINT('Origin',(-93.8633559966858,-340.635009633659,136.599562840009));
#14417=CARTESIAN_POINT('',(-93.8633559966858,-340.635009633659,136.599562840009));
#14418=CARTESIAN_POINT('Origin',(-93.8633559966858,-420.635009633659,136.599562840009));
#14419=CARTESIAN_POINT('',(-93.8633559966858,-420.635009633659,136.599562840009));
#14420=CARTESIAN_POINT('Origin',(-93.8633559966858,-420.635009633659,130.632488674285));
#14421=CARTESIAN_POINT('',(-93.8633559966858,-420.635009633659,130.632488674285));
#14422=CARTESIAN_POINT('Origin',(-93.8633559966858,-401.33038018331,130.632488674285));
#14423=CARTESIAN_POINT('',(-93.8633559966858,-401.33038018331,130.632488674285));
#14424=CARTESIAN_POINT('Origin',(-93.8633559966858,-401.33038018331,127.558064214025));
#14425=CARTESIAN_POINT('',(-93.8633559966858,-401.33038018331,127.558064214025));
#14426=CARTESIAN_POINT('Origin',(-93.8633559966858,-411.2573467598,127.242675695158));
#14427=CARTESIAN_POINT('',(-93.8633559966858,-411.2573467598,127.242675695158));
#14428=CARTESIAN_POINT('Origin',(-93.8633559966858,-413.511932172066,118.050904398996));
#14429=CARTESIAN_POINT('',(-93.8633559966858,-421.966097445941,113.796623676695));
#14430=CARTESIAN_POINT('Origin',(-93.8633559966858,-422.179654831589,113.608766238493));
#14431=CARTESIAN_POINT('',(-93.8633559966858,-422.179654831589,113.608766238493));
#14432=CARTESIAN_POINT('Origin',(-93.8633559966858,-421.029307288878,112.301044722859));
#14433=CARTESIAN_POINT('',(-93.8633559966858,-421.029307288878,112.301044722859));
#14434=CARTESIAN_POINT('Origin',(-93.8633559966858,-413.511932172066,118.050904398996));
#14435=CARTESIAN_POINT('',(-93.8633559966858,-420.1734935024,111.328150827406));
#14436=CARTESIAN_POINT('Origin',(-93.8633559966858,-388.562856029356,75.3930014820298));
#14437=CARTESIAN_POINT('Origin',(-93.8633559966858,-380.323977308072,95.3185788118152));
#14438=CARTESIAN_POINT('',(-93.8633559966858,-380.323977308072,95.3185788118152));
#14439=CARTESIAN_POINT('Origin',(-93.8633559966858,-383.43125793597,92.5852349063409));
#14440=CARTESIAN_POINT('',(-93.8633559966858,-383.43125793597,92.5852349063409));
#14441=CARTESIAN_POINT('Origin',(-93.8633559966858,-378.708615893753,87.2165090387736));
#14442=CARTESIAN_POINT('',(-93.8633559966858,-378.708615893753,87.2165090387736));
#14443=CARTESIAN_POINT('Origin',(-93.8633559966858,-345.684460093925,49.6744641596161));
#14444=CARTESIAN_POINT('',(-93.8633559966858,-386.217012684435,78.9509424399272));
#14445=CARTESIAN_POINT('Origin',(-93.8633559966858,-412.349360332516,108.658341295134));
#14446=CARTESIAN_POINT('Origin',(-146.080731501668,-413.222191347195,896.276508667553));
#14447=CARTESIAN_POINT('',(-146.080731501668,-351.658565548575,727.131836926089));
#14448=CARTESIAN_POINT('',(-146.080731501668,-413.222191347195,896.276508667553));
#14449=CARTESIAN_POINT('',(-146.080731501668,-351.658565548575,727.131836926089));
#14450=CARTESIAN_POINT('',(-146.080731501668,-361.055491756434,723.711635492833));
#14451=CARTESIAN_POINT('',(-146.080731501668,-351.658565548575,727.131836926089));
#14452=CARTESIAN_POINT('',(-146.080731501668,-422.619117555055,892.856307234297));
#14453=CARTESIAN_POINT('',(-146.080731501668,-361.055491756434,723.711635492833));
#14454=CARTESIAN_POINT('',(-146.080731501668,-413.222191347195,896.276508667553));
#14455=CARTESIAN_POINT('Origin',(133.919268498332,-413.222191347195,896.276508667553));
#14456=CARTESIAN_POINT('',(133.919268498332,-413.222191347195,896.276508667553));
#14457=CARTESIAN_POINT('',(-146.080731501668,-413.222191347195,896.276508667553));
#14458=CARTESIAN_POINT('',(133.919268498332,-422.619117555055,892.856307234297));
#14459=CARTESIAN_POINT('',(-146.080731501668,-422.619117555055,892.856307234297));
#14460=CARTESIAN_POINT('',(133.919268498332,-413.222191347195,896.276508667553));
#14461=CARTESIAN_POINT('Origin',(133.919268498332,-351.658565548575,727.131836926089));
#14462=CARTESIAN_POINT('',(133.919268498332,-351.658565548575,727.131836926089));
#14463=CARTESIAN_POINT('',(133.919268498332,-413.222191347195,896.276508667553));
#14464=CARTESIAN_POINT('',(133.919268498332,-361.055491756434,723.711635492833));
#14465=CARTESIAN_POINT('',(133.919268498332,-422.619117555055,892.856307234297));
#14466=CARTESIAN_POINT('',(133.919268498332,-351.658565548575,727.131836926089));
#14467=CARTESIAN_POINT('Origin',(-146.080731501668,-351.658565548575,727.131836926089));
#14468=CARTESIAN_POINT('',(133.919268498332,-351.658565548575,727.131836926089));
#14469=CARTESIAN_POINT('',(133.919268498332,-361.055491756434,723.711635492833));
#14470=CARTESIAN_POINT('Origin',(-6.08073150166772,-391.837304655744,808.283971363565));
#14471=CARTESIAN_POINT('Origin',(-6.08073150166772,-382.440378447885,811.704172796821));
#14472=CARTESIAN_POINT('Origin',(68.9047834322988,-139.942629696889,714.856274302164));
#14473=CARTESIAN_POINT('',(68.9047834322988,-159.942629696889,714.856274302164));
#14474=CARTESIAN_POINT('',(68.9047834322988,-139.942629696889,714.856274302164));
#14475=CARTESIAN_POINT('',(68.9047834322988,-159.942629696889,714.856274302164));
#14476=CARTESIAN_POINT('',(48.9047834322988,-159.942629696889,714.856274302164));
#14477=CARTESIAN_POINT('',(68.9047834322988,-159.942629696889,714.856274302164));
#14478=CARTESIAN_POINT('',(48.9047834322988,-139.942629696889,714.856274302164));
#14479=CARTESIAN_POINT('',(48.9047834322988,-159.942629696889,714.856274302164));
#14480=CARTESIAN_POINT('',(68.9047834322988,-139.942629696889,714.856274302164));
#14481=CARTESIAN_POINT('Origin',(68.9047834322988,-139.942629696889,814.856274302163));
#14482=CARTESIAN_POINT('',(68.9047834322988,-139.942629696889,814.856274302163));
#14483=CARTESIAN_POINT('',(68.9047834322988,-139.942629696889,714.856274302164));
#14484=CARTESIAN_POINT('',(48.9047834322988,-139.942629696889,814.856274302163));
#14485=CARTESIAN_POINT('',(48.9047834322988,-139.942629696889,714.856274302164));
#14486=CARTESIAN_POINT('',(68.9047834322988,-139.942629696889,814.856274302163));
#14487=CARTESIAN_POINT('Origin',(68.9047834322988,-159.942629696889,814.856274302163));
#14488=CARTESIAN_POINT('',(68.9047834322988,-159.942629696889,814.856274302163));
#14489=CARTESIAN_POINT('',(68.9047834322988,-139.942629696889,814.856274302163));
#14490=CARTESIAN_POINT('',(48.9047834322988,-159.942629696889,814.856274302163));
#14491=CARTESIAN_POINT('',(48.9047834322988,-139.942629696889,814.856274302163));
#14492=CARTESIAN_POINT('',(68.9047834322988,-159.942629696889,814.856274302163));
#14493=CARTESIAN_POINT('Origin',(68.9047834322988,-159.942629696889,714.856274302164));
#14494=CARTESIAN_POINT('',(68.9047834322988,-159.942629696889,814.856274302163));
#14495=CARTESIAN_POINT('',(48.9047834322988,-159.942629696889,814.856274302163));
#14496=CARTESIAN_POINT('Origin',(48.9047834322988,-149.942629696889,764.856274302163));
#14497=CARTESIAN_POINT('Origin',(68.9047834322988,-149.942629696889,764.856274302163));
#14498=CARTESIAN_POINT('Origin',(109.037130185286,-458.535237126557,208.361287554374));
#14499=CARTESIAN_POINT('',(109.037130185286,-458.535237126557,211.611287554374));
#14500=CARTESIAN_POINT('Origin',(109.037130185286,-458.535237126557,208.361287554374));
#14501=CARTESIAN_POINT('',(109.037130185286,-453.535237126557,211.611287554374));
#14502=CARTESIAN_POINT('',(109.037130185286,-458.535237126557,211.611287554374));
#14503=CARTESIAN_POINT('Origin',(109.037130185286,-453.535237126557,208.361287554374));
#14504=CARTESIAN_POINT('Origin',(109.537130334298,-474.029471524529,192.861287554374));
#14505=CARTESIAN_POINT('',(109.537130334298,-470.779471524529,192.861287554374));
#14506=CARTESIAN_POINT('Origin',(109.537130334298,-474.029471524529,192.861287554374));
#14507=CARTESIAN_POINT('',(109.537130334298,-470.779471524529,187.861287554374));
#14508=CARTESIAN_POINT('',(109.537130334298,-470.779471524529,192.861287554374));
#14509=CARTESIAN_POINT('Origin',(109.537130334298,-474.029471524529,187.861287554374));
#14510=CARTESIAN_POINT('Origin',(116.537130185286,-458.535237126557,215.361287554374));
#14511=CARTESIAN_POINT('',(116.537130185286,-458.535237126557,215.361287554374));
#14512=CARTESIAN_POINT('',(116.537130185286,-481.029471524529,192.867053156402));
#14513=CARTESIAN_POINT('',(116.537130185286,-458.535237126557,215.361287554374));
#14514=CARTESIAN_POINT('',(116.537130185286,-458.535237126557,192.861287554374));
#14515=CARTESIAN_POINT('',(116.537130185286,-458.535237126557,215.361287554374));
#14516=CARTESIAN_POINT('',(116.537130185286,-481.029471524529,192.861287554374));
#14517=CARTESIAN_POINT('',(116.537130185286,-458.535237126557,192.861287554374));
#14518=CARTESIAN_POINT('',(116.537130185286,-481.029471524529,215.361287554374));
#14519=CARTESIAN_POINT('Origin',(116.537130185286,-481.029471524529,215.361287554374));
#14520=CARTESIAN_POINT('',(101.537130185286,-481.029471524529,192.867053156402));
#14521=CARTESIAN_POINT('',(108.037130185286,-481.029471524529,192.867053156402));
#14522=CARTESIAN_POINT('',(101.537130185286,-481.029471524529,192.861287554374));
#14523=CARTESIAN_POINT('',(116.537130185286,-481.029471524529,192.861287554374));
#14524=CARTESIAN_POINT('',(101.537130185286,-481.029471524529,215.361287554374));
#14525=CARTESIAN_POINT('Origin',(101.537130185286,-458.535237126557,215.361287554374));
#14526=CARTESIAN_POINT('',(101.537130185286,-458.535237126557,215.361287554374));
#14527=CARTESIAN_POINT('',(99.5371301852862,-458.535237126557,215.361287554374));
#14528=CARTESIAN_POINT('',(101.537130185286,-458.535237126557,192.861287554374));
#14529=CARTESIAN_POINT('',(101.537130185286,-458.535237126557,215.361287554374));
#14530=CARTESIAN_POINT('',(101.537130185286,-458.535237126557,192.861287554374));
#14531=CARTESIAN_POINT('Origin',(101.537130185286,-481.029471524529,215.361287554374));
#14532=CARTESIAN_POINT('',(101.537130185286,-464.15879572605,209.737728954881));
#14533=CARTESIAN_POINT('',(101.537130185286,-481.029471524529,192.861287554374));
#14534=CARTESIAN_POINT('Origin',(109.037130185286,-469.782354325543,192.861287554374));
#14535=CARTESIAN_POINT('Origin',(99.5371301852862,-481.035237126557,192.861287554374));
#14536=CARTESIAN_POINT('',(99.5371301852862,-481.035237126557,187.861287554374));
#14537=CARTESIAN_POINT('',(99.5371301852862,-481.035237126557,192.861287554374));
#14538=CARTESIAN_POINT('',(99.5371301852862,-481.035237126557,187.861287554374));
#14539=CARTESIAN_POINT('',(118.537130185286,-481.035237126557,187.861287554374));
#14540=CARTESIAN_POINT('',(99.5371301852862,-481.035237126557,187.861287554374));
#14541=CARTESIAN_POINT('',(118.537130185286,-481.035237126557,192.861287554374));
#14542=CARTESIAN_POINT('',(118.537130185286,-481.035237126557,187.861287554374));
#14543=CARTESIAN_POINT('',(99.5371301852862,-481.035237126557,192.861287554374));
#14544=CARTESIAN_POINT('Origin',(99.5371301852862,-458.535237126557,215.361287554374));
#14545=CARTESIAN_POINT('',(99.5371301852862,-458.535237126557,215.361287554374));
#14546=CARTESIAN_POINT('',(99.5371301852862,-458.535237126557,215.361287554374));
#14547=CARTESIAN_POINT('',(99.5371301852862,-481.035237126557,192.861287554374));
#14548=CARTESIAN_POINT('',(118.537130185286,-458.535237126557,215.361287554374));
#14549=CARTESIAN_POINT('',(118.537130185286,-481.035237126557,192.861287554374));
#14550=CARTESIAN_POINT('',(99.5371301852862,-458.535237126557,215.361287554374));
#14551=CARTESIAN_POINT('Origin',(99.5371301852862,-453.535237126557,215.361287554374));
#14552=CARTESIAN_POINT('',(99.5371301852862,-453.535237126557,215.361287554374));
#14553=CARTESIAN_POINT('',(99.5371301852862,-453.535237126557,215.361287554374));
#14554=CARTESIAN_POINT('',(118.537130185286,-453.535237126557,215.361287554374));
#14555=CARTESIAN_POINT('',(118.537130185286,-453.535237126557,215.361287554374));
#14556=CARTESIAN_POINT('',(99.5371301852862,-453.535237126557,215.361287554374));
#14557=CARTESIAN_POINT('Origin',(99.5371301852861,-453.535237126557,187.861287554374));
#14558=CARTESIAN_POINT('',(99.5371301852861,-453.535237126557,187.861287554374));
#14559=CARTESIAN_POINT('',(99.5371301852861,-453.535237126557,187.861287554374));
#14560=CARTESIAN_POINT('',(118.537130185286,-453.535237126557,187.861287554374));
#14561=CARTESIAN_POINT('',(118.537130185286,-453.535237126557,187.861287554374));
#14562=CARTESIAN_POINT('',(99.5371301852861,-453.535237126557,187.861287554374));
#14563=CARTESIAN_POINT('Origin',(99.5371301852862,-481.035237126557,187.861287554374));
#14564=CARTESIAN_POINT('',(99.5371301852862,-481.035237126557,187.861287554374));
#14565=CARTESIAN_POINT('',(118.537130185286,-481.035237126557,187.861287554374));
#14566=CARTESIAN_POINT('Origin',(118.537130185286,-467.285237126557,201.611287554374));
#14567=CARTESIAN_POINT('Origin',(99.5371301852862,-467.285237126557,201.611287554374));
#14568=CARTESIAN_POINT('Origin',(47.6907326631689,-451.897528229829,706.332248419441));
#14569=CARTESIAN_POINT('',(47.6907326631689,-451.897528229829,686.332248419441));
#14570=CARTESIAN_POINT('',(47.6907326631689,-451.897528229829,706.332248419441));
#14571=CARTESIAN_POINT('',(47.6907326631689,-451.897528229829,686.332248419441));
#14572=CARTESIAN_POINT('',(47.6907326631689,-431.897528229829,686.332248419441));
#14573=CARTESIAN_POINT('',(47.6907326631689,-451.897528229829,686.332248419441));
#14574=CARTESIAN_POINT('',(47.6907326631689,-431.897528229829,706.332248419441));
#14575=CARTESIAN_POINT('',(47.6907326631689,-431.897528229829,686.332248419441));
#14576=CARTESIAN_POINT('',(47.6907326631689,-451.897528229829,706.332248419441));
#14577=CARTESIAN_POINT('Origin',(-52.3092673368311,-451.897528229829,706.332248419441));
#14578=CARTESIAN_POINT('',(-52.3092673368311,-451.897528229829,706.332248419441));
#14579=CARTESIAN_POINT('',(47.6907326631689,-451.897528229829,706.332248419441));
#14580=CARTESIAN_POINT('',(-52.3092673368311,-431.897528229829,706.332248419441));
#14581=CARTESIAN_POINT('',(47.6907326631689,-431.897528229829,706.332248419441));
#14582=CARTESIAN_POINT('',(-52.3092673368311,-451.897528229829,706.332248419441));
#14583=CARTESIAN_POINT('Origin',(-52.3092673368311,-451.897528229829,686.332248419441));
#14584=CARTESIAN_POINT('',(-52.3092673368311,-451.897528229829,686.332248419441));
#14585=CARTESIAN_POINT('',(-52.3092673368311,-451.897528229829,706.332248419441));
#14586=CARTESIAN_POINT('',(-52.3092673368311,-431.897528229829,686.332248419441));
#14587=CARTESIAN_POINT('',(-52.3092673368311,-431.897528229829,706.332248419441));
#14588=CARTESIAN_POINT('',(-52.3092673368311,-451.897528229829,686.332248419441));
#14589=CARTESIAN_POINT('Origin',(47.6907326631689,-451.897528229829,686.332248419441));
#14590=CARTESIAN_POINT('',(-52.3092673368311,-451.897528229829,686.332248419441));
#14591=CARTESIAN_POINT('',(-52.3092673368311,-431.897528229829,686.332248419441));
#14592=CARTESIAN_POINT('Origin',(-2.30926733683109,-431.897528229829,696.332248419441));
#14593=CARTESIAN_POINT('Origin',(-2.30926733683109,-451.897528229829,696.332248419441));
#14594=CARTESIAN_POINT('Origin',(47.6907326631689,27.0479456720719,706.332248419441));
#14595=CARTESIAN_POINT('',(47.6907326631689,27.0479456720719,686.332248419441));
#14596=CARTESIAN_POINT('',(47.6907326631689,27.0479456720719,706.332248419441));
#14597=CARTESIAN_POINT('',(47.6907326631689,27.0479456720719,686.332248419441));
#14598=CARTESIAN_POINT('',(47.6907326631689,47.0479456720719,686.332248419441));
#14599=CARTESIAN_POINT('',(47.6907326631689,27.0479456720719,686.332248419441));
#14600=CARTESIAN_POINT('',(47.6907326631689,47.0479456720719,706.332248419441));
#14601=CARTESIAN_POINT('',(47.6907326631689,47.0479456720719,686.332248419441));
#14602=CARTESIAN_POINT('',(47.6907326631689,27.0479456720719,706.332248419441));
#14603=CARTESIAN_POINT('Origin',(-52.3092673368311,27.0479456720719,706.332248419441));
#14604=CARTESIAN_POINT('',(-52.3092673368311,27.0479456720719,706.332248419441));
#14605=CARTESIAN_POINT('',(47.6907326631689,27.0479456720719,706.332248419441));
#14606=CARTESIAN_POINT('',(-52.3092673368311,47.0479456720719,706.332248419441));
#14607=CARTESIAN_POINT('',(47.6907326631689,47.0479456720719,706.332248419441));
#14608=CARTESIAN_POINT('',(-52.3092673368311,27.0479456720719,706.332248419441));
#14609=CARTESIAN_POINT('Origin',(-52.3092673368311,27.0479456720719,686.332248419441));
#14610=CARTESIAN_POINT('',(-52.3092673368311,27.0479456720719,686.332248419441));
#14611=CARTESIAN_POINT('',(-52.3092673368311,27.0479456720719,706.332248419441));
#14612=CARTESIAN_POINT('',(-52.3092673368311,47.0479456720719,686.332248419441));
#14613=CARTESIAN_POINT('',(-52.3092673368311,47.0479456720719,706.332248419441));
#14614=CARTESIAN_POINT('',(-52.3092673368311,27.0479456720719,686.332248419441));
#14615=CARTESIAN_POINT('Origin',(47.6907326631689,27.0479456720719,686.332248419441));
#14616=CARTESIAN_POINT('',(-52.3092673368311,27.0479456720719,686.332248419441));
#14617=CARTESIAN_POINT('',(-52.3092673368311,47.0479456720719,686.332248419441));
#14618=CARTESIAN_POINT('Origin',(-2.30926733683109,47.0479456720719,696.332248419441));
#14619=CARTESIAN_POINT('Origin',(-2.30926733683109,27.0479456720719,696.332248419441));
#14620=CARTESIAN_POINT('Origin',(99.7492520233592,-89.8452173167071,166.94556366475));
#14621=CARTESIAN_POINT('',(99.7492520233592,-69.8452173167071,166.94556366475));
#14622=CARTESIAN_POINT('',(99.7492520233592,-89.8452173167071,166.94556366475));
#14623=CARTESIAN_POINT('',(99.7492520233592,-69.8452173167071,166.94556366475));
#14624=CARTESIAN_POINT('',(99.7492520233592,-69.8452173167071,186.94556366475));
#14625=CARTESIAN_POINT('',(99.7492520233592,-69.8452173167071,166.94556366475));
#14626=CARTESIAN_POINT('',(99.7492520233592,-89.8452173167071,186.94556366475));
#14627=CARTESIAN_POINT('',(99.7492520233592,-69.8452173167071,186.94556366475));
#14628=CARTESIAN_POINT('',(99.7492520233592,-89.8452173167071,166.94556366475));
#14629=CARTESIAN_POINT('Origin',(-100.250747976641,-89.8452173167071,166.94556366475));
#14630=CARTESIAN_POINT('',(-100.250747976641,-89.8452173167071,166.94556366475));
#14631=CARTESIAN_POINT('',(99.7492520233592,-89.8452173167071,166.94556366475));
#14632=CARTESIAN_POINT('',(-100.250747976641,-89.8452173167071,186.94556366475));
#14633=CARTESIAN_POINT('',(99.7492520233592,-89.8452173167071,186.94556366475));
#14634=CARTESIAN_POINT('',(-100.250747976641,-89.8452173167071,166.94556366475));
#14635=CARTESIAN_POINT('Origin',(-100.250747976641,-69.8452173167071,166.94556366475));
#14636=CARTESIAN_POINT('',(-100.250747976641,-69.8452173167071,166.94556366475));
#14637=CARTESIAN_POINT('',(-100.250747976641,-89.8452173167071,166.94556366475));
#14638=CARTESIAN_POINT('',(-100.250747976641,-69.8452173167071,186.94556366475));
#14639=CARTESIAN_POINT('',(-100.250747976641,-89.8452173167071,186.94556366475));
#14640=CARTESIAN_POINT('',(-100.250747976641,-69.8452173167071,166.94556366475));
#14641=CARTESIAN_POINT('Origin',(99.7492520233592,-69.8452173167071,166.94556366475));
#14642=CARTESIAN_POINT('',(-100.250747976641,-69.8452173167071,166.94556366475));
#14643=CARTESIAN_POINT('',(-100.250747976641,-69.8452173167071,186.94556366475));
#14644=CARTESIAN_POINT('Origin',(-0.250747976640753,-79.8452173167071,186.94556366475));
#14645=CARTESIAN_POINT('Origin',(-0.250747976640753,-79.8452173167071,166.94556366475));
#14646=CARTESIAN_POINT('Origin',(99.3920948245151,-339.306364835627,167.492419966585));
#14647=CARTESIAN_POINT('',(99.3920948245151,-319.306364835627,167.492419966585));
#14648=CARTESIAN_POINT('',(99.3920948245151,-339.306364835627,167.492419966585));
#14649=CARTESIAN_POINT('',(99.3920948245151,-319.306364835627,167.492419966585));
#14650=CARTESIAN_POINT('',(99.3920948245151,-319.306364835627,187.492419966585));
#14651=CARTESIAN_POINT('',(99.3920948245151,-319.306364835627,167.492419966585));
#14652=CARTESIAN_POINT('',(99.3920948245151,-339.306364835627,187.492419966585));
#14653=CARTESIAN_POINT('',(99.3920948245151,-319.306364835627,187.492419966585));
#14654=CARTESIAN_POINT('',(99.3920948245151,-339.306364835627,167.492419966585));
#14655=CARTESIAN_POINT('Origin',(-100.607905175485,-339.306364835627,167.492419966585));
#14656=CARTESIAN_POINT('',(-100.607905175485,-339.306364835627,167.492419966585));
#14657=CARTESIAN_POINT('',(99.3920948245151,-339.306364835627,167.492419966585));
#14658=CARTESIAN_POINT('',(-100.607905175485,-339.306364835627,187.492419966585));
#14659=CARTESIAN_POINT('',(99.3920948245151,-339.306364835627,187.492419966585));
#14660=CARTESIAN_POINT('',(-100.607905175485,-339.306364835627,167.492419966585));
#14661=CARTESIAN_POINT('Origin',(-100.607905175485,-319.306364835627,167.492419966585));
#14662=CARTESIAN_POINT('',(-100.607905175485,-319.306364835627,167.492419966585));
#14663=CARTESIAN_POINT('',(-100.607905175485,-339.306364835627,167.492419966585));
#14664=CARTESIAN_POINT('',(-100.607905175485,-319.306364835627,187.492419966585));
#14665=CARTESIAN_POINT('',(-100.607905175485,-339.306364835627,187.492419966585));
#14666=CARTESIAN_POINT('',(-100.607905175485,-319.306364835627,167.492419966585));
#14667=CARTESIAN_POINT('Origin',(99.3920948245151,-319.306364835627,167.492419966585));
#14668=CARTESIAN_POINT('',(-100.607905175485,-319.306364835627,167.492419966585));
#14669=CARTESIAN_POINT('',(-100.607905175485,-319.306364835627,187.492419966585));
#14670=CARTESIAN_POINT('Origin',(-0.607905175484884,-329.306364835627,187.492419966585));
#14671=CARTESIAN_POINT('Origin',(-0.607905175484884,-329.306364835627,167.492419966585));
#14672=CARTESIAN_POINT('Origin',(89.2251737022298,-472.300057724189,162.734128054122));
#14673=CARTESIAN_POINT('',(89.2251737022298,-496.300057724189,162.734128054122));
#14674=CARTESIAN_POINT('',(89.2251737022298,-472.300057724189,162.734128054122));
#14675=CARTESIAN_POINT('',(89.2251737022298,-496.300057724189,162.734128054122));
#14676=CARTESIAN_POINT('',(89.2251737022298,-496.300057724189,184.734128054122));
#14677=CARTESIAN_POINT('',(89.2251737022298,-496.300057724189,162.734128054122));
#14678=CARTESIAN_POINT('',(89.2251737022298,-472.300057724189,184.734128054122));
#14679=CARTESIAN_POINT('',(89.2251737022298,-496.300057724189,184.734128054122));
#14680=CARTESIAN_POINT('',(89.2251737022298,-472.300057724189,162.734128054122));
#14681=CARTESIAN_POINT('Origin',(115.22517370223,-472.300057724189,162.734128054122));
#14682=CARTESIAN_POINT('',(115.22517370223,-472.300057724189,162.734128054122));
#14683=CARTESIAN_POINT('',(89.2251737022298,-472.300057724189,162.734128054122));
#14684=CARTESIAN_POINT('',(115.22517370223,-472.300057724189,184.734128054122));
#14685=CARTESIAN_POINT('',(89.2251737022298,-472.300057724189,184.734128054122));
#14686=CARTESIAN_POINT('',(115.22517370223,-472.300057724189,162.734128054122));
#14687=CARTESIAN_POINT('Origin',(115.22517370223,-446.300057724189,162.734128054122));
#14688=CARTESIAN_POINT('',(115.22517370223,-446.300057724189,162.734128054122));
#14689=CARTESIAN_POINT('',(115.22517370223,-446.300057724189,162.734128054122));
#14690=CARTESIAN_POINT('',(115.22517370223,-446.300057724189,184.734128054122));
#14691=CARTESIAN_POINT('',(115.22517370223,-446.300057724189,184.734128054122));
#14692=CARTESIAN_POINT('',(115.22517370223,-446.300057724189,162.734128054122));
#14693=CARTESIAN_POINT('Origin',(139.22517370223,-446.300057724189,162.734128054122));
#14694=CARTESIAN_POINT('',(139.22517370223,-446.300057724189,162.734128054122));
#14695=CARTESIAN_POINT('',(139.22517370223,-446.300057724189,162.734128054122));
#14696=CARTESIAN_POINT('',(139.22517370223,-446.300057724189,184.734128054122));
#14697=CARTESIAN_POINT('',(139.22517370223,-446.300057724189,184.734128054122));
#14698=CARTESIAN_POINT('',(139.22517370223,-446.300057724189,162.734128054122));
#14699=CARTESIAN_POINT('Origin',(139.22517370223,-496.300057724189,162.734128054122));
#14700=CARTESIAN_POINT('',(139.22517370223,-496.300057724189,162.734128054122));
#14701=CARTESIAN_POINT('',(139.22517370223,-496.300057724189,162.734128054122));
#14702=CARTESIAN_POINT('',(139.22517370223,-496.300057724189,184.734128054122));
#14703=CARTESIAN_POINT('',(139.22517370223,-496.300057724189,184.734128054122));
#14704=CARTESIAN_POINT('',(139.22517370223,-496.300057724189,162.734128054122));
#14705=CARTESIAN_POINT('Origin',(89.2251737022298,-496.300057724189,162.734128054122));
#14706=CARTESIAN_POINT('',(89.2251737022298,-496.300057724189,162.734128054122));
#14707=CARTESIAN_POINT('',(89.2251737022298,-496.300057724189,184.734128054122));
#14708=CARTESIAN_POINT('Origin',(114.22517370223,-471.300057724189,184.734128054122));
#14709=CARTESIAN_POINT('Origin',(114.22517370223,-471.300057724189,162.734128054122));
#14710=CARTESIAN_POINT('Origin',(56.3546246290475,-98.021622971369,711.250570403033));
#14711=CARTESIAN_POINT('',(40.9914025514956,-98.021622971369,801.250570403033));
#14712=CARTESIAN_POINT('Origin',(56.3546246290475,-98.021622971369,801.250570403033));
#14713=CARTESIAN_POINT('',(40.9914025514956,-98.021622971369,775.250570403033));
#14714=CARTESIAN_POINT('',(40.9914025514956,-98.021622971369,711.250570403033));
#14715=CARTESIAN_POINT('Origin',(56.3546246290475,-98.021622971369,775.250570403033));
#14716=CARTESIAN_POINT('Origin',(56.3546246290475,-98.021622971369,801.250570403033));
#14717=CARTESIAN_POINT('Origin',(96.3546246290475,-138.021622971369,711.250570403033));
#14718=CARTESIAN_POINT('',(96.3546246290475,-61.021622971369,711.250570403033));
#14719=CARTESIAN_POINT('',(96.3546246290475,-138.021622971369,711.250570403033));
#14720=CARTESIAN_POINT('',(96.3546246290475,-61.021622971369,711.250570403033));
#14721=CARTESIAN_POINT('',(96.3546246290475,-61.021622971369,775.250570403033));
#14722=CARTESIAN_POINT('',(96.3546246290475,-61.021622971369,711.250570403033));
#14723=CARTESIAN_POINT('',(96.3546246290475,-138.021622971369,775.250570403033));
#14724=CARTESIAN_POINT('',(96.3546246290475,-61.021622971369,775.250570403033));
#14725=CARTESIAN_POINT('',(96.3546246290475,-138.021622971369,711.250570403033));
#14726=CARTESIAN_POINT('Origin',(20.3546246290475,-138.021622971369,711.250570403033));
#14727=CARTESIAN_POINT('',(20.3546246290475,-138.021622971369,711.250570403033));
#14728=CARTESIAN_POINT('',(96.3546246290475,-138.021622971369,711.250570403033));
#14729=CARTESIAN_POINT('',(20.3546246290475,-138.021622971369,775.250570403033));
#14730=CARTESIAN_POINT('',(96.3546246290475,-138.021622971369,775.250570403033));
#14731=CARTESIAN_POINT('',(20.3546246290475,-138.021622971369,711.250570403033));
#14732=CARTESIAN_POINT('Origin',(20.3546246290475,-61.021622971369,711.250570403033));
#14733=CARTESIAN_POINT('',(20.3546246290475,-61.021622971369,711.250570403033));
#14734=CARTESIAN_POINT('',(20.3546246290475,-138.021622971369,711.250570403033));
#14735=CARTESIAN_POINT('',(20.3546246290475,-61.021622971369,775.250570403033));
#14736=CARTESIAN_POINT('',(20.3546246290475,-138.021622971369,775.250570403033));
#14737=CARTESIAN_POINT('',(20.3546246290475,-61.021622971369,711.250570403033));
#14738=CARTESIAN_POINT('Origin',(96.3546246290475,-61.021622971369,711.250570403033));
#14739=CARTESIAN_POINT('',(20.3546246290475,-61.021622971369,711.250570403033));
#14740=CARTESIAN_POINT('',(20.3546246290475,-61.021622971369,775.250570403033));
#14741=CARTESIAN_POINT('Origin',(58.3546246290475,-99.521622971369,775.250570403033));
#14742=CARTESIAN_POINT('Origin',(58.3546246290475,-99.521622971369,711.250570403033));
#14743=CARTESIAN_POINT('Origin',(-33.5051152551057,-149.013027629072,818.325660486225));
#14744=CARTESIAN_POINT('',(-33.5051152551057,-239.013027629072,818.325660486225));
#14745=CARTESIAN_POINT('',(-33.5051152551057,-149.013027629072,818.325660486225));
#14746=CARTESIAN_POINT('',(-33.5051152551057,-239.013027629072,818.325660486225));
#14747=CARTESIAN_POINT('',(-33.5051152551057,-239.013027629072,841.325660486225));
#14748=CARTESIAN_POINT('',(-33.5051152551057,-239.013027629072,818.325660486225));
#14749=CARTESIAN_POINT('',(-33.5051152551057,-149.013027629072,841.325660486225));
#14750=CARTESIAN_POINT('',(-33.5051152551057,-239.013027629072,841.325660486225));
#14751=CARTESIAN_POINT('',(-33.5051152551057,-149.013027629072,818.325660486225));
#14752=CARTESIAN_POINT('Origin',(31.4948847448943,-149.013027629072,818.325660486225));
#14753=CARTESIAN_POINT('',(31.4948847448943,-149.013027629072,818.325660486225));
#14754=CARTESIAN_POINT('',(-33.5051152551057,-149.013027629072,818.325660486225));
#14755=CARTESIAN_POINT('',(31.4948847448943,-149.013027629072,841.325660486225));
#14756=CARTESIAN_POINT('',(-33.5051152551057,-149.013027629072,841.325660486225));
#14757=CARTESIAN_POINT('',(31.4948847448943,-149.013027629072,818.325660486225));
#14758=CARTESIAN_POINT('Origin',(31.4948847448943,-239.013027629072,818.325660486225));
#14759=CARTESIAN_POINT('',(31.4948847448943,-239.013027629072,818.325660486225));
#14760=CARTESIAN_POINT('',(31.4948847448943,-149.013027629072,818.325660486225));
#14761=CARTESIAN_POINT('',(31.4948847448943,-239.013027629072,841.325660486225));
#14762=CARTESIAN_POINT('',(31.4948847448943,-149.013027629072,841.325660486225));
#14763=CARTESIAN_POINT('',(31.4948847448943,-239.013027629072,818.325660486225));
#14764=CARTESIAN_POINT('Origin',(-33.5051152551057,-239.013027629072,818.325660486225));
#14765=CARTESIAN_POINT('',(31.4948847448943,-239.013027629072,818.325660486225));
#14766=CARTESIAN_POINT('',(31.4948847448943,-239.013027629072,841.325660486225));
#14767=CARTESIAN_POINT('Origin',(-1.00511525510566,-194.013027629072,841.325660486225));
#14768=CARTESIAN_POINT('Origin',(-1.00511525510566,-194.013027629072,818.325660486225));
#14769=CARTESIAN_POINT('Origin',(68.9047834322988,-228.087325167935,712.485213396373));
#14770=CARTESIAN_POINT('',(68.9047834322988,-248.087325167935,712.485213396373));
#14771=CARTESIAN_POINT('',(68.9047834322988,-228.087325167935,712.485213396373));
#14772=CARTESIAN_POINT('',(68.9047834322988,-248.087325167935,712.485213396373));
#14773=CARTESIAN_POINT('',(48.9047834322988,-248.087325167935,712.485213396373));
#14774=CARTESIAN_POINT('',(68.9047834322988,-248.087325167935,712.485213396373));
#14775=CARTESIAN_POINT('',(48.9047834322988,-228.087325167935,712.485213396373));
#14776=CARTESIAN_POINT('',(48.9047834322988,-248.087325167935,712.485213396373));
#14777=CARTESIAN_POINT('',(68.9047834322988,-228.087325167935,712.485213396373));
#14778=CARTESIAN_POINT('Origin',(68.9047834322988,-228.087325167935,812.485213396373));
#14779=CARTESIAN_POINT('',(68.9047834322988,-228.087325167935,812.485213396373));
#14780=CARTESIAN_POINT('',(68.9047834322988,-228.087325167935,712.485213396373));
#14781=CARTESIAN_POINT('',(48.9047834322988,-228.087325167935,812.485213396373));
#14782=CARTESIAN_POINT('',(48.9047834322988,-228.087325167935,712.485213396373));
#14783=CARTESIAN_POINT('',(68.9047834322988,-228.087325167935,812.485213396373));
#14784=CARTESIAN_POINT('Origin',(68.9047834322988,-248.087325167935,812.485213396373));
#14785=CARTESIAN_POINT('',(68.9047834322988,-248.087325167935,812.485213396373));
#14786=CARTESIAN_POINT('',(68.9047834322988,-228.087325167935,812.485213396373));
#14787=CARTESIAN_POINT('',(48.9047834322988,-248.087325167935,812.485213396373));
#14788=CARTESIAN_POINT('',(48.9047834322988,-228.087325167935,812.485213396373));
#14789=CARTESIAN_POINT('',(68.9047834322988,-248.087325167935,812.485213396373));
#14790=CARTESIAN_POINT('Origin',(68.9047834322988,-248.087325167935,712.485213396373));
#14791=CARTESIAN_POINT('',(68.9047834322988,-248.087325167935,812.485213396373));
#14792=CARTESIAN_POINT('',(48.9047834322988,-248.087325167935,812.485213396373));
#14793=CARTESIAN_POINT('Origin',(48.9047834322988,-238.087325167935,762.485213396373));
#14794=CARTESIAN_POINT('Origin',(68.9047834322988,-238.087325167935,762.485213396373));
#14795=CARTESIAN_POINT('Origin',(-52.7342278115815,-139.942629696889,714.856274302164));
#14796=CARTESIAN_POINT('',(-52.7342278115815,-159.942629696889,714.856274302164));
#14797=CARTESIAN_POINT('',(-52.7342278115815,-139.942629696889,714.856274302164));
#14798=CARTESIAN_POINT('',(-52.7342278115815,-159.942629696889,714.856274302164));
#14799=CARTESIAN_POINT('',(-72.7342278115815,-159.942629696889,714.856274302164));
#14800=CARTESIAN_POINT('',(-52.7342278115815,-159.942629696889,714.856274302164));
#14801=CARTESIAN_POINT('',(-72.7342278115815,-139.942629696889,714.856274302164));
#14802=CARTESIAN_POINT('',(-72.7342278115815,-159.942629696889,714.856274302164));
#14803=CARTESIAN_POINT('',(-52.7342278115815,-139.942629696889,714.856274302164));
#14804=CARTESIAN_POINT('Origin',(-52.7342278115815,-139.942629696889,814.856274302163));
#14805=CARTESIAN_POINT('',(-52.7342278115815,-139.942629696889,814.856274302163));
#14806=CARTESIAN_POINT('',(-52.7342278115815,-139.942629696889,714.856274302164));
#14807=CARTESIAN_POINT('',(-72.7342278115815,-139.942629696889,814.856274302163));
#14808=CARTESIAN_POINT('',(-72.7342278115815,-139.942629696889,714.856274302164));
#14809=CARTESIAN_POINT('',(-52.7342278115815,-139.942629696889,814.856274302163));
#14810=CARTESIAN_POINT('Origin',(-52.7342278115815,-159.942629696889,814.856274302163));
#14811=CARTESIAN_POINT('',(-52.7342278115815,-159.942629696889,814.856274302163));
#14812=CARTESIAN_POINT('',(-52.7342278115815,-139.942629696889,814.856274302163));
#14813=CARTESIAN_POINT('',(-72.7342278115815,-159.942629696889,814.856274302163));
#14814=CARTESIAN_POINT('',(-72.7342278115815,-139.942629696889,814.856274302163));
#14815=CARTESIAN_POINT('',(-52.7342278115815,-159.942629696889,814.856274302163));
#14816=CARTESIAN_POINT('Origin',(-52.7342278115815,-159.942629696889,714.856274302164));
#14817=CARTESIAN_POINT('',(-52.7342278115815,-159.942629696889,814.856274302163));
#14818=CARTESIAN_POINT('',(-72.7342278115815,-159.942629696889,814.856274302163));
#14819=CARTESIAN_POINT('Origin',(-72.7342278115815,-149.942629696889,764.856274302163));
#14820=CARTESIAN_POINT('Origin',(-52.7342278115815,-149.942629696889,764.856274302163));
#14821=CARTESIAN_POINT('Origin',(-52.7342278115815,-228.087325167935,712.485213396373));
#14822=CARTESIAN_POINT('',(-52.7342278115815,-248.087325167935,712.485213396373));
#14823=CARTESIAN_POINT('',(-52.7342278115815,-228.087325167935,712.485213396373));
#14824=CARTESIAN_POINT('',(-52.7342278115815,-248.087325167935,712.485213396373));
#14825=CARTESIAN_POINT('',(-72.7342278115815,-248.087325167935,712.485213396373));
#14826=CARTESIAN_POINT('',(-52.7342278115815,-248.087325167935,712.485213396373));
#14827=CARTESIAN_POINT('',(-72.7342278115815,-228.087325167935,712.485213396373));
#14828=CARTESIAN_POINT('',(-72.7342278115815,-248.087325167935,712.485213396373));
#14829=CARTESIAN_POINT('',(-52.7342278115815,-228.087325167935,712.485213396373));
#14830=CARTESIAN_POINT('Origin',(-52.7342278115815,-228.087325167935,812.485213396373));
#14831=CARTESIAN_POINT('',(-52.7342278115815,-228.087325167935,812.485213396373));
#14832=CARTESIAN_POINT('',(-52.7342278115815,-228.087325167935,712.485213396373));
#14833=CARTESIAN_POINT('',(-72.7342278115815,-228.087325167935,812.485213396373));
#14834=CARTESIAN_POINT('',(-72.7342278115815,-228.087325167935,712.485213396373));
#14835=CARTESIAN_POINT('',(-52.7342278115815,-228.087325167935,812.485213396373));
#14836=CARTESIAN_POINT('Origin',(-52.7342278115815,-248.087325167935,812.485213396373));
#14837=CARTESIAN_POINT('',(-52.7342278115815,-248.087325167935,812.485213396373));
#14838=CARTESIAN_POINT('',(-52.7342278115815,-228.087325167935,812.485213396373));
#14839=CARTESIAN_POINT('',(-72.7342278115815,-248.087325167935,812.485213396373));
#14840=CARTESIAN_POINT('',(-72.7342278115815,-228.087325167935,812.485213396373));
#14841=CARTESIAN_POINT('',(-52.7342278115815,-248.087325167935,812.485213396373));
#14842=CARTESIAN_POINT('Origin',(-52.7342278115815,-248.087325167935,712.485213396373));
#14843=CARTESIAN_POINT('',(-52.7342278115815,-248.087325167935,812.485213396373));
#14844=CARTESIAN_POINT('',(-72.7342278115815,-248.087325167935,812.485213396373));
#14845=CARTESIAN_POINT('Origin',(-72.7342278115815,-238.087325167935,762.485213396373));
#14846=CARTESIAN_POINT('Origin',(-52.7342278115815,-238.087325167935,762.485213396373));
#14847=CARTESIAN_POINT('Origin',(48.67427043674,-248.131123895737,812.907059274359));
#14848=CARTESIAN_POINT('',(48.67427043674,-248.131123895737,792.907059274359));
#14849=CARTESIAN_POINT('',(48.67427043674,-248.131123895737,812.907059274359));
#14850=CARTESIAN_POINT('',(48.67427043674,-248.131123895737,792.907059274359));
#14851=CARTESIAN_POINT('',(48.67427043674,-228.131123895737,792.907059274359));
#14852=CARTESIAN_POINT('',(48.67427043674,-248.131123895737,792.907059274359));
#14853=CARTESIAN_POINT('',(48.67427043674,-228.131123895737,812.907059274359));
#14854=CARTESIAN_POINT('',(48.67427043674,-228.131123895737,792.907059274359));
#14855=CARTESIAN_POINT('',(48.67427043674,-248.131123895737,812.907059274359));
#14856=CARTESIAN_POINT('Origin',(-51.32572956326,-248.131123895737,812.907059274359));
#14857=CARTESIAN_POINT('',(-51.32572956326,-248.131123895737,812.907059274359));
#14858=CARTESIAN_POINT('',(48.67427043674,-248.131123895737,812.907059274359));
#14859=CARTESIAN_POINT('',(-51.32572956326,-228.131123895737,812.907059274359));
#14860=CARTESIAN_POINT('',(48.67427043674,-228.131123895737,812.907059274359));
#14861=CARTESIAN_POINT('',(-51.32572956326,-248.131123895737,812.907059274359));
#14862=CARTESIAN_POINT('Origin',(-51.32572956326,-248.131123895737,792.907059274359));
#14863=CARTESIAN_POINT('',(-51.32572956326,-248.131123895737,792.907059274359));
#14864=CARTESIAN_POINT('',(-51.32572956326,-248.131123895737,812.907059274359));
#14865=CARTESIAN_POINT('',(-51.32572956326,-228.131123895737,792.907059274359));
#14866=CARTESIAN_POINT('',(-51.32572956326,-228.131123895737,812.907059274359));
#14867=CARTESIAN_POINT('',(-51.32572956326,-248.131123895737,792.907059274359));
#14868=CARTESIAN_POINT('Origin',(48.67427043674,-248.131123895737,792.907059274359));
#14869=CARTESIAN_POINT('',(-51.32572956326,-248.131123895737,792.907059274359));
#14870=CARTESIAN_POINT('',(-51.32572956326,-228.131123895737,792.907059274359));
#14871=CARTESIAN_POINT('Origin',(-1.32572956326005,-228.131123895737,802.907059274359));
#14872=CARTESIAN_POINT('Origin',(-1.32572956326005,-248.131123895737,802.907059274359));
#14873=CARTESIAN_POINT('Origin',(48.67427043674,-159.608670589415,814.07182839681));
#14874=CARTESIAN_POINT('',(48.67427043674,-159.608670589415,794.07182839681));
#14875=CARTESIAN_POINT('',(48.67427043674,-159.608670589415,814.07182839681));
#14876=CARTESIAN_POINT('',(48.67427043674,-159.608670589415,794.07182839681));
#14877=CARTESIAN_POINT('',(48.67427043674,-139.608670589415,794.07182839681));
#14878=CARTESIAN_POINT('',(48.67427043674,-159.608670589415,794.07182839681));
#14879=CARTESIAN_POINT('',(48.67427043674,-139.608670589415,814.07182839681));
#14880=CARTESIAN_POINT('',(48.67427043674,-139.608670589415,794.07182839681));
#14881=CARTESIAN_POINT('',(48.67427043674,-159.608670589415,814.07182839681));
#14882=CARTESIAN_POINT('Origin',(-51.32572956326,-159.608670589415,814.07182839681));
#14883=CARTESIAN_POINT('',(-51.32572956326,-159.608670589415,814.07182839681));
#14884=CARTESIAN_POINT('',(48.67427043674,-159.608670589415,814.07182839681));
#14885=CARTESIAN_POINT('',(-51.32572956326,-139.608670589415,814.07182839681));
#14886=CARTESIAN_POINT('',(48.67427043674,-139.608670589415,814.07182839681));
#14887=CARTESIAN_POINT('',(-51.32572956326,-159.608670589415,814.07182839681));
#14888=CARTESIAN_POINT('Origin',(-51.32572956326,-159.608670589415,794.07182839681));
#14889=CARTESIAN_POINT('',(-51.32572956326,-159.608670589415,794.07182839681));
#14890=CARTESIAN_POINT('',(-51.32572956326,-159.608670589415,814.07182839681));
#14891=CARTESIAN_POINT('',(-51.32572956326,-139.608670589415,794.07182839681));
#14892=CARTESIAN_POINT('',(-51.32572956326,-139.608670589415,814.07182839681));
#14893=CARTESIAN_POINT('',(-51.32572956326,-159.608670589415,794.07182839681));
#14894=CARTESIAN_POINT('Origin',(48.67427043674,-159.608670589415,794.07182839681));
#14895=CARTESIAN_POINT('',(-51.32572956326,-159.608670589415,794.07182839681));
#14896=CARTESIAN_POINT('',(-51.32572956326,-139.608670589415,794.07182839681));
#14897=CARTESIAN_POINT('Origin',(-1.32572956326005,-139.608670589415,804.07182839681));
#14898=CARTESIAN_POINT('Origin',(-1.32572956326005,-159.608670589415,804.07182839681));
#14899=CARTESIAN_POINT('Origin',(-52.6629908665881,46.7990393873178,687.831206278824));
#14900=CARTESIAN_POINT('',(-72.6629908665881,46.7990393873178,687.831206278824));
#14901=CARTESIAN_POINT('',(-52.6629908665881,46.7990393873178,687.831206278824));
#14902=CARTESIAN_POINT('',(-72.6629908665881,46.7990393873178,687.831206278824));
#14903=CARTESIAN_POINT('',(-72.6629908665881,46.7990393873178,707.831206278824));
#14904=CARTESIAN_POINT('',(-72.6629908665881,46.7990393873178,687.831206278824));
#14905=CARTESIAN_POINT('',(-52.6629908665881,46.7990393873178,707.831206278824));
#14906=CARTESIAN_POINT('',(-72.6629908665881,46.7990393873178,707.831206278824));
#14907=CARTESIAN_POINT('',(-52.6629908665881,46.7990393873178,687.831206278824));
#14908=CARTESIAN_POINT('Origin',(-52.662990866588,-453.200960612682,687.831206278824));
#14909=CARTESIAN_POINT('',(-52.662990866588,-453.200960612682,687.831206278824));
#14910=CARTESIAN_POINT('',(-52.6629908665881,46.7990393873178,687.831206278824));
#14911=CARTESIAN_POINT('',(-52.662990866588,-453.200960612682,707.831206278824));
#14912=CARTESIAN_POINT('',(-52.6629908665881,46.7990393873178,707.831206278824));
#14913=CARTESIAN_POINT('',(-52.662990866588,-453.200960612682,687.831206278824));
#14914=CARTESIAN_POINT('Origin',(-72.662990866588,-453.200960612682,687.831206278824));
#14915=CARTESIAN_POINT('',(-72.662990866588,-453.200960612682,687.831206278824));
#14916=CARTESIAN_POINT('',(-52.662990866588,-453.200960612682,687.831206278824));
#14917=CARTESIAN_POINT('',(-72.662990866588,-453.200960612682,707.831206278824));
#14918=CARTESIAN_POINT('',(-52.662990866588,-453.200960612682,707.831206278824));
#14919=CARTESIAN_POINT('',(-72.662990866588,-453.200960612682,687.831206278824));
#14920=CARTESIAN_POINT('Origin',(-72.6629908665881,46.7990393873178,687.831206278824));
#14921=CARTESIAN_POINT('',(-72.662990866588,-453.200960612682,687.831206278824));
#14922=CARTESIAN_POINT('',(-72.662990866588,-453.200960612682,707.831206278824));
#14923=CARTESIAN_POINT('Origin',(-62.6629908665881,-203.200960612682,707.831206278824));
#14924=CARTESIAN_POINT('Origin',(-62.6629908665881,-203.200960612682,687.831206278824));
#14925=CARTESIAN_POINT('Origin',(51.192054273348,30.4257187322195,687.412095217095));
#14926=CARTESIAN_POINT('',(51.192054273348,46.7990393873178,687.412095217095));
#14927=CARTESIAN_POINT('',(51.1996210933356,46.7990393873178,687.325606068872));
#14928=CARTESIAN_POINT('',(51.2603129651021,46.7990393873178,686.631894800228));
#14929=CARTESIAN_POINT('',(51.192054273348,30.4257187322195,687.412095217095));
#14930=CARTESIAN_POINT('',(51.192054273348,50.4257187322195,687.412095217095));
#14931=CARTESIAN_POINT('',(51.1996210933356,30.4257187322195,687.325606068872));
#14932=CARTESIAN_POINT('',(51.192054273348,30.4257187322195,687.412095217095));
#14933=CARTESIAN_POINT('',(51.1996210933356,-86.3876209402314,687.325606068872));
#14934=CARTESIAN_POINT('Origin',(71.115948235183,30.4257187322195,689.155210072048));
#14935=CARTESIAN_POINT('',(68.1754593118947,30.4257187322195,687.325606068872));
#14936=CARTESIAN_POINT('',(64.6457037735388,30.4257187322195,687.325606068872));
#14937=CARTESIAN_POINT('',(68.1754593118947,30.4257187322195,688.897950626037));
#14938=CARTESIAN_POINT('',(51.192054273348,30.4257187322195,687.412095217095));
#14939=CARTESIAN_POINT('',(68.1754593118947,30.4257187322195,688.24040807046));
#14940=CARTESIAN_POINT('Origin',(71.1159482351829,50.4257187322195,689.155210072048));
#14941=CARTESIAN_POINT('',(68.1754593118947,46.7990393873178,688.897950626037));
#14942=CARTESIAN_POINT('',(69.5774450817848,46.7990393873178,689.020608487327));
#14943=CARTESIAN_POINT('',(68.1754593118947,-201.387620940231,688.897950626037));
#14944=CARTESIAN_POINT('Origin',(58.1754593118947,-203.200960612682,687.325606068872));
#14945=CARTESIAN_POINT('',(68.1754593118948,-432.595481791744,687.325606068872));
#14946=CARTESIAN_POINT('',(68.1754593118947,46.7990393873178,687.325606068872));
#14947=CARTESIAN_POINT('',(59.4935747009256,-432.595481791744,687.325606068872));
#14948=CARTESIAN_POINT('',(54.6837567926214,-432.595481791744,687.325606068872));
#14949=CARTESIAN_POINT('',(59.4935747009256,-452.595481791744,687.325606068872));
#14950=CARTESIAN_POINT('',(59.4935747009236,-317.898221202213,687.325606068872));
#14951=CARTESIAN_POINT('',(68.1754593118948,-452.595481791744,687.325606068872));
#14952=CARTESIAN_POINT('',(64.6457037735388,-452.595481791744,687.325606068872));
#14953=CARTESIAN_POINT('',(68.1754593118948,-453.200960612682,687.325606068872));
#14954=CARTESIAN_POINT('',(68.1754593118947,46.7990393873178,687.325606068872));
#14955=CARTESIAN_POINT('',(48.1754593118948,-453.200960612682,687.325606068872));
#14956=CARTESIAN_POINT('',(68.1754593118948,-453.200960612682,687.325606068872));
#14957=CARTESIAN_POINT('',(48.1754593118947,46.7990393873178,687.325606068872));
#14958=CARTESIAN_POINT('',(48.1754593118948,-453.200960612682,687.325606068872));
#14959=CARTESIAN_POINT('',(48.1754593118947,46.7990393873178,687.325606068872));
#14960=CARTESIAN_POINT('Origin',(71.115948235183,-452.595481791744,688.342431996383));
#14961=CARTESIAN_POINT('',(68.1754593118948,-452.595481791744,688.085172550372));
#14962=CARTESIAN_POINT('',(51.192054273348,-452.595481791744,686.59931714143));
#14963=CARTESIAN_POINT('',(68.1754593118948,-452.595481791744,687.834019032628));
#14964=CARTESIAN_POINT('Origin',(51.192054273348,-432.595481791744,686.59931714143));
#14965=CARTESIAN_POINT('',(68.1754593118948,-432.595481791744,688.085172550372));
#14966=CARTESIAN_POINT('',(68.1754593118948,-432.595481791744,686.962461605151));
#14967=CARTESIAN_POINT('',(51.192054273348,-432.595481791744,686.59931714143));
#14968=CARTESIAN_POINT('Origin',(71.1159482351829,-432.595481791744,688.342431996383));
#14969=CARTESIAN_POINT('',(68.1754593118948,-442.898221202213,688.085172550372));
#14970=CARTESIAN_POINT('Origin',(68.1754593118948,-453.200960612682,687.325606068872));
#14971=CARTESIAN_POINT('',(68.1754593118947,46.7990393873178,707.325606068872));
#14972=CARTESIAN_POINT('',(68.1754593118947,46.7990393873178,687.325606068872));
#14973=CARTESIAN_POINT('',(68.1754593118948,-453.200960612682,707.325606068872));
#14974=CARTESIAN_POINT('',(68.1754593118947,46.7990393873178,707.325606068872));
#14975=CARTESIAN_POINT('',(68.1754593118948,-453.200960612682,687.325606068872));
#14976=CARTESIAN_POINT('Origin',(68.1754593118947,46.7990393873178,687.325606068872));
#14977=CARTESIAN_POINT('',(48.1754593118947,46.7990393873178,707.325606068872));
#14978=CARTESIAN_POINT('',(48.1754593118947,46.7990393873178,687.325606068872));
#14979=CARTESIAN_POINT('',(48.1754593118947,46.7990393873178,707.325606068872));
#14980=CARTESIAN_POINT('Origin',(48.1754593118948,-453.200960612682,687.325606068872));
#14981=CARTESIAN_POINT('',(48.1754593118948,-453.200960612682,707.325606068872));
#14982=CARTESIAN_POINT('',(68.1754593118948,-453.200960612682,707.325606068872));
#14983=CARTESIAN_POINT('',(48.1754593118948,-453.200960612682,687.325606068872));
#14984=CARTESIAN_POINT('Origin',(48.1754593118947,46.7990393873178,687.325606068872));
#14985=CARTESIAN_POINT('',(48.1754593118948,-453.200960612682,707.325606068872));
#14986=CARTESIAN_POINT('Origin',(58.1754593118947,-203.200960612682,707.325606068872));
#14987=CARTESIAN_POINT('Origin',(-52.2043775094702,-432.595481791744,686.01479355395));
#14988=CARTESIAN_POINT('',(-72.0948154168357,-432.595481791744,688.105362819303));
#14989=CARTESIAN_POINT('',(-52.2043775094702,-432.595481791744,686.01479355395));
#14990=CARTESIAN_POINT('',(-57.1769869863116,-432.595481791744,686.537435870289));
#14991=CARTESIAN_POINT('',(-72.0948154168357,-452.595481791744,688.105362819303));
#14992=CARTESIAN_POINT('',(-72.0948154168357,-432.595481791744,688.105362819303));
#14993=CARTESIAN_POINT('',(-52.2043775094702,-452.595481791744,686.01479355395));
#14994=CARTESIAN_POINT('',(-57.1769869863116,-452.595481791744,686.537435870289));
#14995=CARTESIAN_POINT('',(-52.2043775094702,-432.595481791744,686.01479355395));
#14996=CARTESIAN_POINT('Origin',(-104.468609143297,-432.595481791743,188.753845869813));
#14997=CARTESIAN_POINT('',(-104.468609143297,-452.595481791743,188.753845869813));
#14998=CARTESIAN_POINT('',(-46.9779543460875,-452.595481791744,735.740888322364));
#14999=CARTESIAN_POINT('',(-104.468609143297,-432.595481791743,188.753845869813));
#15000=CARTESIAN_POINT('',(-104.468609143297,-432.595481791743,188.753845869813));
#15001=CARTESIAN_POINT('',(-46.9779543460875,-432.595481791744,735.740888322364));
#15002=CARTESIAN_POINT('Origin',(-85.6685006983749,-452.595481791744,463.292651728765));
#15003=CARTESIAN_POINT('',(-121.945090343999,-452.595481791743,213.811679019076));
#15004=CARTESIAN_POINT('',(-124.359047050662,-452.595481791743,190.844415135166));
#15005=CARTESIAN_POINT('',(-122.005829597846,-452.595481791743,210.331929496687));
#15006=CARTESIAN_POINT('',(-119.793245195255,-452.595481791744,337.090805025949));
#15007=CARTESIAN_POINT('',(-122.310268232965,-452.595481791743,210.337243492829));
#15008=CARTESIAN_POINT('',(-111.048988026484,-452.595481791743,210.14067711565));
#15009=CARTESIAN_POINT('',(-124.359047050662,-452.595481791743,190.844415135166));
#15010=CARTESIAN_POINT('',(-124.359047050662,-452.595481791743,190.844415135166));
#15011=CARTESIAN_POINT('',(-104.468609143297,-452.595481791743,188.753845869813));
#15012=CARTESIAN_POINT('Origin',(-122.005829597846,-454.320422607656,210.331929496687));
#15013=CARTESIAN_POINT('',(-122.005829597846,-432.595481791743,210.331929496687));
#15014=CARTESIAN_POINT('',(-121.945090343999,-432.595481791743,213.811679019076));
#15015=CARTESIAN_POINT('',(-119.793245195255,-432.595481791744,337.090805025949));
#15016=CARTESIAN_POINT('',(-122.005829597846,-370.235784785651,210.331929496687));
#15017=CARTESIAN_POINT('',(-121.945090343999,-443.4579521997,213.811679019076));
#15018=CARTESIAN_POINT('Origin',(-132.00430654941,-384.778103696653,210.506453561059));
#15019=CARTESIAN_POINT('',(-122.310268232965,-432.595481791743,210.337243492829));
#15020=CARTESIAN_POINT('',(-111.048988026484,-432.595481791743,210.14067711565));
#15021=CARTESIAN_POINT('',(-122.310268232965,-408.686792744199,210.337243492829));
#15022=CARTESIAN_POINT('Origin',(-66.868392253453,-432.595481791744,737.831457587717));
#15023=CARTESIAN_POINT('',(-124.359047050662,-432.595481791743,190.844415135166));
#15024=CARTESIAN_POINT('',(-124.359047050662,-432.595481791743,190.844415135166));
#15025=CARTESIAN_POINT('',(-124.359047050662,-432.595481791743,190.844415135166));
#15026=CARTESIAN_POINT('Origin',(-66.868392253453,-432.595481791744,737.831457587717));
#15027=CARTESIAN_POINT('',(-124.359047050662,-432.595481791743,190.844415135166));
#15028=CARTESIAN_POINT('Origin',(-124.359047050662,-432.595481791743,190.844415135166));
#15029=CARTESIAN_POINT('',(-104.468609143297,-432.595481791743,188.753845869813));
#15030=CARTESIAN_POINT('Origin',(-85.6685006983749,-432.595481791744,463.292651728765));
#15031=CARTESIAN_POINT('Origin',(68.1983940420313,-432.595481791744,686.366164145399));
#15032=CARTESIAN_POINT('',(48.3079561346658,-432.595481791744,684.275594880046));
#15033=CARTESIAN_POINT('',(68.1983940420313,-432.595481791744,686.366164145399));
#15034=CARTESIAN_POINT('',(63.2257845651899,-432.595481791744,685.843521829061));
#15035=CARTESIAN_POINT('',(48.3079561346658,-452.595481791744,684.275594880046));
#15036=CARTESIAN_POINT('',(48.3079561346658,-432.595481791744,684.275594880046));
#15037=CARTESIAN_POINT('',(68.1983940420313,-452.595481791744,686.366164145399));
#15038=CARTESIAN_POINT('',(63.2257845651899,-452.595481791744,685.843521829061));
#15039=CARTESIAN_POINT('',(68.1983940420313,-432.595481791744,686.366164145399));
#15040=CARTESIAN_POINT('Origin',(81.7720793235705,-452.595481791744,461.553453054861));
#15041=CARTESIAN_POINT('',(100.572187768493,-452.595481791743,187.014647195909));
#15042=CARTESIAN_POINT('',(100.572187768493,-452.595481791743,187.014647195909));
#15043=CARTESIAN_POINT('',(120.462625675858,-452.595481791743,189.105216461262));
#15044=CARTESIAN_POINT('',(120.462625675858,-452.595481791743,189.105216461262));
#15045=CARTESIAN_POINT('',(62.9719708786486,-452.595481791744,736.092258913813));
#15046=CARTESIAN_POINT('Origin',(43.0815329712832,-432.595481791744,734.00168964846));
#15047=CARTESIAN_POINT('',(100.572187768493,-432.595481791743,187.014647195909));
#15048=CARTESIAN_POINT('',(100.572187768493,-432.595481791743,187.014647195909));
#15049=CARTESIAN_POINT('',(100.572187768493,-432.595481791743,187.014647195909));
#15050=CARTESIAN_POINT('Origin',(100.572187768493,-432.595481791743,187.014647195909));
#15051=CARTESIAN_POINT('',(120.462625675858,-432.595481791743,189.105216461262));
#15052=CARTESIAN_POINT('',(120.462625675858,-432.595481791743,189.105216461262));
#15053=CARTESIAN_POINT('',(120.462625675858,-432.595481791743,189.105216461262));
#15054=CARTESIAN_POINT('Origin',(120.462625675858,-432.595481791743,189.105216461262));
#15055=CARTESIAN_POINT('',(62.9719708786486,-432.595481791744,736.092258913813));
#15056=CARTESIAN_POINT('Origin',(81.7720793235705,-432.595481791744,461.553453054861));
#15057=CARTESIAN_POINT('Origin',(68.1842091087115,47.3369158195669,687.178818431026));
#15058=CARTESIAN_POINT('',(48.293771201346,47.3369158195669,685.088249165673));
#15059=CARTESIAN_POINT('',(68.1842091087114,47.3369158195669,687.178818431026));
#15060=CARTESIAN_POINT('',(63.2115996318701,47.3369158195669,686.656176114688));
#15061=CARTESIAN_POINT('',(48.293771201346,27.3369158195669,685.088249165673));
#15062=CARTESIAN_POINT('',(48.293771201346,47.3369158195669,685.088249165673));
#15063=CARTESIAN_POINT('',(68.1842091087114,27.3369158195669,687.178818431026));
#15064=CARTESIAN_POINT('',(63.2115996318701,27.3369158195669,686.656176114688));
#15065=CARTESIAN_POINT('',(68.1842091087115,47.336915819567,687.178818431026));
#15066=CARTESIAN_POINT('Origin',(81.7578943902507,27.336915819567,462.366107340488));
#15067=CARTESIAN_POINT('',(100.558002835173,27.3369158195671,187.827301481536));
#15068=CARTESIAN_POINT('',(100.558002835173,27.3369158195671,187.827301481536));
#15069=CARTESIAN_POINT('',(120.448440742538,27.3369158195671,189.917870746889));
#15070=CARTESIAN_POINT('',(120.448440742538,27.3369158195671,189.917870746889));
#15071=CARTESIAN_POINT('',(62.9577859453288,27.3369158195669,736.90491319944));
#15072=CARTESIAN_POINT('Origin',(43.0673480379634,47.3369158195669,734.814343934087));
#15073=CARTESIAN_POINT('',(100.558002835173,47.3369158195671,187.827301481536));
#15074=CARTESIAN_POINT('',(100.558002835173,47.3369158195671,187.827301481536));
#15075=CARTESIAN_POINT('',(100.558002835173,47.3369158195671,187.827301481536));
#15076=CARTESIAN_POINT('Origin',(100.558002835173,47.3369158195671,187.827301481536));
#15077=CARTESIAN_POINT('',(120.448440742538,47.3369158195671,189.917870746889));
#15078=CARTESIAN_POINT('',(120.448440742538,47.3369158195671,189.917870746889));
#15079=CARTESIAN_POINT('',(120.448440742538,47.3369158195671,189.917870746889));
#15080=CARTESIAN_POINT('Origin',(120.448440742538,47.3369158195671,189.917870746889));
#15081=CARTESIAN_POINT('',(62.9577859453288,47.3369158195669,736.90491319944));
#15082=CARTESIAN_POINT('Origin',(81.7578943902507,47.336915819567,462.366107340488));
#15083=CARTESIAN_POINT('Origin',(-52.1901925761504,47.3369158195669,686.827447839577));
#15084=CARTESIAN_POINT('',(-72.0806304835159,47.3369158195669,688.91801710493));
#15085=CARTESIAN_POINT('',(-52.1901925761504,47.3369158195669,686.827447839577));
#15086=CARTESIAN_POINT('',(-57.1628020529917,47.3369158195669,687.350090155915));
#15087=CARTESIAN_POINT('',(-72.0806304835159,27.3369158195669,688.91801710493));
#15088=CARTESIAN_POINT('',(-72.0806304835159,47.3369158195669,688.91801710493));
#15089=CARTESIAN_POINT('',(-52.1901925761504,27.3369158195669,686.827447839577));
#15090=CARTESIAN_POINT('',(-57.1628020529917,27.3369158195669,687.350090155915));
#15091=CARTESIAN_POINT('',(-52.1901925761504,47.3369158195669,686.827447839577));
#15092=CARTESIAN_POINT('Origin',(-104.454424209977,47.3369158195671,189.56650015544));
#15093=CARTESIAN_POINT('',(-104.454424209977,27.3369158195671,189.56650015544));
#15094=CARTESIAN_POINT('',(-46.9637694127677,27.3369158195669,736.553542607991));
#15095=CARTESIAN_POINT('',(-104.454424209977,47.3369158195671,189.56650015544));
#15096=CARTESIAN_POINT('',(-104.454424209977,47.3369158195671,189.56650015544));
#15097=CARTESIAN_POINT('',(-46.9637694127677,47.3369158195669,736.553542607991));
#15098=CARTESIAN_POINT('Origin',(-85.6543157650551,27.336915819567,464.105306014392));
#15099=CARTESIAN_POINT('',(-121.930905410679,27.3369158195671,214.624333304703));
#15100=CARTESIAN_POINT('',(-124.344862117343,27.3369158195671,191.657069420793));
#15101=CARTESIAN_POINT('',(-122.005829597846,27.336915819567,210.331929496687));
#15102=CARTESIAN_POINT('',(-119.786152728595,27.336915819567,337.497132168762));
#15103=CARTESIAN_POINT('',(-122.381366270323,27.3369158195671,210.338484513688));
#15104=CARTESIAN_POINT('',(-111.048988026484,27.336915819567,210.14067711565));
#15105=CARTESIAN_POINT('',(-124.344862117343,27.3369158195671,191.657069420793));
#15106=CARTESIAN_POINT('',(-124.344862117343,27.3369158195671,191.657069420793));
#15107=CARTESIAN_POINT('',(-104.454424209977,27.3369158195671,189.56650015544));
#15108=CARTESIAN_POINT('Origin',(-122.005829597846,-31.4938633423144,210.331929496687));
#15109=CARTESIAN_POINT('',(-122.005829597846,47.336915819567,210.331929496687));
#15110=CARTESIAN_POINT('',(-121.930905410679,47.336915819567,214.624333304703));
#15111=CARTESIAN_POINT('',(-119.786152728595,47.336915819567,337.497132168762));
#15112=CARTESIAN_POINT('',(-122.005829597846,-2.40922552030881,210.331929496687));
#15113=CARTESIAN_POINT('',(-121.930905410679,7.92152623862629,214.624333304703));
#15114=CARTESIAN_POINT('Origin',(-132.00430654941,-16.9515444313116,210.506453561059));
#15115=CARTESIAN_POINT('',(-122.381366270323,47.3369158195671,210.338484513688));
#15116=CARTESIAN_POINT('',(-111.048988026484,47.336915819567,210.14067711565));
#15117=CARTESIAN_POINT('',(-122.381366270323,15.1926856941276,210.338484513688));
#15118=CARTESIAN_POINT('Origin',(-66.8542073201332,47.3369158195669,738.644111873344));
#15119=CARTESIAN_POINT('',(-124.344862117343,47.3369158195671,191.657069420793));
#15120=CARTESIAN_POINT('',(-124.344862117343,47.3369158195671,191.657069420793));
#15121=CARTESIAN_POINT('',(-124.344862117343,47.3369158195671,191.657069420793));
#15122=CARTESIAN_POINT('Origin',(-66.8542073201332,47.3369158195669,738.644111873344));
#15123=CARTESIAN_POINT('',(-124.344862117343,47.3369158195671,191.657069420793));
#15124=CARTESIAN_POINT('Origin',(-124.344862117343,47.3369158195671,191.657069420793));
#15125=CARTESIAN_POINT('',(-104.454424209977,47.3369158195671,189.56650015544));
#15126=CARTESIAN_POINT('Origin',(-85.6543157650551,47.336915819567,464.105306014392));
#15127=CARTESIAN_POINT('Origin',(98.1526843868451,-480.396452066402,167.834864160418));
#15128=CARTESIAN_POINT('',(98.1526843868451,-460.396452066402,167.834864160418));
#15129=CARTESIAN_POINT('',(98.1526843868451,-480.396452066402,167.834864160418));
#15130=CARTESIAN_POINT('',(98.1526843868451,-460.396452066402,167.834864160418));
#15131=CARTESIAN_POINT('',(98.1526843868451,-460.396452066402,187.834864160418));
#15132=CARTESIAN_POINT('',(98.1526843868451,-460.396452066402,167.834864160418));
#15133=CARTESIAN_POINT('',(98.1526843868451,-480.396452066402,187.834864160418));
#15134=CARTESIAN_POINT('',(98.1526843868451,-460.396452066402,187.834864160418));
#15135=CARTESIAN_POINT('',(98.1526843868451,-480.396452066402,167.834864160418));
#15136=CARTESIAN_POINT('Origin',(-101.847315613155,-480.396452066402,167.834864160418));
#15137=CARTESIAN_POINT('',(-101.847315613155,-480.396452066402,167.834864160418));
#15138=CARTESIAN_POINT('',(98.1526843868451,-480.396452066402,167.834864160418));
#15139=CARTESIAN_POINT('',(-101.847315613155,-480.396452066402,187.834864160418));
#15140=CARTESIAN_POINT('',(98.1526843868451,-480.396452066402,187.834864160418));
#15141=CARTESIAN_POINT('',(-101.847315613155,-480.396452066402,167.834864160418));
#15142=CARTESIAN_POINT('Origin',(-101.847315613155,-460.396452066402,167.834864160418));
#15143=CARTESIAN_POINT('',(-101.847315613155,-460.396452066402,167.834864160418));
#15144=CARTESIAN_POINT('',(-101.847315613155,-480.396452066402,167.834864160418));
#15145=CARTESIAN_POINT('',(-101.847315613155,-460.396452066402,187.834864160418));
#15146=CARTESIAN_POINT('',(-101.847315613155,-480.396452066402,187.834864160418));
#15147=CARTESIAN_POINT('',(-101.847315613155,-460.396452066402,167.834864160418));
#15148=CARTESIAN_POINT('Origin',(98.1526843868451,-460.396452066402,167.834864160418));
#15149=CARTESIAN_POINT('',(-101.847315613155,-460.396452066402,167.834864160418));
#15150=CARTESIAN_POINT('',(-101.847315613155,-460.396452066402,187.834864160418));
#15151=CARTESIAN_POINT('Origin',(-1.84731561315493,-470.396452066402,187.834864160418));
#15152=CARTESIAN_POINT('Origin',(-1.84731561315493,-470.396452066402,167.834864160418));
#15153=CARTESIAN_POINT('Origin',(99.7492520233592,50.5883791565834,168.828681596731));
#15154=CARTESIAN_POINT('',(99.7492520233592,70.5883791565834,168.828681596731));
#15155=CARTESIAN_POINT('',(99.7492520233592,50.5883791565834,168.828681596731));
#15156=CARTESIAN_POINT('',(99.7492520233592,70.5883791565834,168.828681596731));
#15157=CARTESIAN_POINT('',(99.7492520233592,70.5883791565834,188.828681596731));
#15158=CARTESIAN_POINT('',(99.7492520233592,70.5883791565834,168.828681596731));
#15159=CARTESIAN_POINT('',(99.7492520233592,50.5883791565834,188.828681596731));
#15160=CARTESIAN_POINT('',(99.7492520233592,70.5883791565834,188.828681596731));
#15161=CARTESIAN_POINT('',(99.7492520233592,50.5883791565834,168.828681596731));
#15162=CARTESIAN_POINT('Origin',(-100.250747976641,50.5883791565834,168.828681596731));
#15163=CARTESIAN_POINT('',(-100.250747976641,50.5883791565834,168.828681596731));
#15164=CARTESIAN_POINT('',(99.7492520233592,50.5883791565834,168.828681596731));
#15165=CARTESIAN_POINT('',(-100.250747976641,50.5883791565834,188.828681596731));
#15166=CARTESIAN_POINT('',(99.7492520233592,50.5883791565834,188.828681596731));
#15167=CARTESIAN_POINT('',(-100.250747976641,50.5883791565834,168.828681596731));
#15168=CARTESIAN_POINT('Origin',(-100.250747976641,70.5883791565834,168.828681596731));
#15169=CARTESIAN_POINT('',(-100.250747976641,70.5883791565834,168.828681596731));
#15170=CARTESIAN_POINT('',(-100.250747976641,50.5883791565834,168.828681596731));
#15171=CARTESIAN_POINT('',(-100.250747976641,70.5883791565834,188.828681596731));
#15172=CARTESIAN_POINT('',(-100.250747976641,50.5883791565834,188.828681596731));
#15173=CARTESIAN_POINT('',(-100.250747976641,70.5883791565834,168.828681596731));
#15174=CARTESIAN_POINT('Origin',(99.7492520233592,70.5883791565834,168.828681596731));
#15175=CARTESIAN_POINT('',(-100.250747976641,70.5883791565834,168.828681596731));
#15176=CARTESIAN_POINT('',(-100.250747976641,70.5883791565834,188.828681596731));
#15177=CARTESIAN_POINT('Origin',(-0.250747976640753,60.5883791565834,188.828681596731));
#15178=CARTESIAN_POINT('Origin',(-0.250747976640753,60.5883791565834,168.828681596731));
#15179=CARTESIAN_POINT('Origin',(97.9465972722428,-286.17247820892,167.492419966585));
#15180=CARTESIAN_POINT('',(97.9465972722428,-266.17247820892,167.492419966585));
#15181=CARTESIAN_POINT('',(97.9465972722428,-286.17247820892,167.492419966585));
#15182=CARTESIAN_POINT('',(97.9465972722428,-266.17247820892,167.492419966585));
#15183=CARTESIAN_POINT('',(97.9465972722428,-266.17247820892,187.492419966585));
#15184=CARTESIAN_POINT('',(97.9465972722428,-266.17247820892,167.492419966585));
#15185=CARTESIAN_POINT('',(97.9465972722428,-286.17247820892,187.492419966585));
#15186=CARTESIAN_POINT('',(97.9465972722428,-266.17247820892,187.492419966585));
#15187=CARTESIAN_POINT('',(97.9465972722428,-286.17247820892,167.492419966585));
#15188=CARTESIAN_POINT('Origin',(-102.053402727757,-286.17247820892,167.492419966585));
#15189=CARTESIAN_POINT('',(-102.053402727757,-286.17247820892,167.492419966585));
#15190=CARTESIAN_POINT('',(97.9465972722428,-286.17247820892,167.492419966585));
#15191=CARTESIAN_POINT('',(-102.053402727757,-286.17247820892,187.492419966585));
#15192=CARTESIAN_POINT('',(97.9465972722428,-286.17247820892,187.492419966585));
#15193=CARTESIAN_POINT('',(-102.053402727757,-286.17247820892,167.492419966585));
#15194=CARTESIAN_POINT('Origin',(-102.053402727757,-266.17247820892,167.492419966585));
#15195=CARTESIAN_POINT('',(-102.053402727757,-266.17247820892,167.492419966585));
#15196=CARTESIAN_POINT('',(-102.053402727757,-286.17247820892,167.492419966585));
#15197=CARTESIAN_POINT('',(-102.053402727757,-266.17247820892,187.492419966585));
#15198=CARTESIAN_POINT('',(-102.053402727757,-286.17247820892,187.492419966585));
#15199=CARTESIAN_POINT('',(-102.053402727757,-266.17247820892,167.492419966585));
#15200=CARTESIAN_POINT('Origin',(97.9465972722428,-266.17247820892,167.492419966585));
#15201=CARTESIAN_POINT('',(-102.053402727757,-266.17247820892,167.492419966585));
#15202=CARTESIAN_POINT('',(-102.053402727757,-266.17247820892,187.492419966585));
#15203=CARTESIAN_POINT('Origin',(-2.05340272775723,-276.17247820892,187.492419966585));
#15204=CARTESIAN_POINT('Origin',(-2.05340272775723,-276.17247820892,167.492419966585));
#15205=CARTESIAN_POINT('Origin',(176.258193110477,-360.194373140885,147.225958552549));
#15206=CARTESIAN_POINT('',(176.258193110477,-360.194373140885,147.225958552549));
#15207=CARTESIAN_POINT('',(176.258193110477,-340.194373140885,147.225958552549));
#15208=CARTESIAN_POINT('',(176.258193110477,-340.194373140885,147.225958552549));
#15209=CARTESIAN_POINT('',(176.258193110477,-340.194373140885,167.225958552549));
#15210=CARTESIAN_POINT('',(176.258193110477,-340.194373140885,147.225958552549));
#15211=CARTESIAN_POINT('',(176.258193110477,-360.194373140885,167.225958552549));
#15212=CARTESIAN_POINT('',(176.258193110477,-340.194373140885,167.225958552549));
#15213=CARTESIAN_POINT('',(176.258193110477,-360.194373140885,147.225958552549));
#15214=CARTESIAN_POINT('Origin',(-173.741806889523,-360.194373140885,147.225958552549));
#15215=CARTESIAN_POINT('',(-173.741806889523,-360.194373140885,147.225958552549));
#15216=CARTESIAN_POINT('',(26.2581931104771,-360.194373140885,147.225958552549));
#15217=CARTESIAN_POINT('',(-173.741806889523,-360.194373140885,167.225958552549));
#15218=CARTESIAN_POINT('',(26.2581931104771,-360.194373140885,167.225958552549));
#15219=CARTESIAN_POINT('',(-173.741806889523,-360.194373140885,147.225958552549));
#15220=CARTESIAN_POINT('Origin',(-173.741806889523,-340.194373140885,147.225958552549));
#15221=CARTESIAN_POINT('',(-173.741806889523,-340.194373140885,147.225958552549));
#15222=CARTESIAN_POINT('',(-173.741806889523,-360.194373140885,147.225958552549));
#15223=CARTESIAN_POINT('',(-173.741806889523,-340.194373140885,167.225958552549));
#15224=CARTESIAN_POINT('',(-173.741806889523,-360.194373140885,167.225958552549));
#15225=CARTESIAN_POINT('',(-173.741806889523,-340.194373140885,147.225958552549));
#15226=CARTESIAN_POINT('Origin',(26.2581931104771,-340.194373140885,147.225958552549));
#15227=CARTESIAN_POINT('',(-173.741806889523,-340.194373140885,147.225958552549));
#15228=CARTESIAN_POINT('',(26.2581931104771,-340.194373140885,167.225958552549));
#15229=CARTESIAN_POINT('Origin',(-73.7418068895229,-350.194373140885,167.225958552549));
#15230=CARTESIAN_POINT('Origin',(-73.7418068895229,-350.194373140885,147.225958552549));
#15231=CARTESIAN_POINT('Origin',(176.258193110477,-422.324043712776,147.225958539876));
#15232=CARTESIAN_POINT('',(176.258193110477,-422.324043712776,147.225958539876));
#15233=CARTESIAN_POINT('',(176.258193110477,-402.324043712776,147.225958539876));
#15234=CARTESIAN_POINT('',(176.258193110477,-402.324043712776,147.225958539876));
#15235=CARTESIAN_POINT('',(176.258193110477,-402.324043712776,167.225958539876));
#15236=CARTESIAN_POINT('',(176.258193110477,-402.324043712776,147.225958539876));
#15237=CARTESIAN_POINT('',(176.258193110477,-422.324043712776,167.225958539876));
#15238=CARTESIAN_POINT('',(176.258193110477,-402.324043712776,167.225958539876));
#15239=CARTESIAN_POINT('',(176.258193110477,-422.324043712776,147.225958539876));
#15240=CARTESIAN_POINT('Origin',(-173.741806889523,-422.324043712776,147.225958539876));
#15241=CARTESIAN_POINT('',(-173.741806889523,-422.324043712776,147.225958539876));
#15242=CARTESIAN_POINT('',(26.2581931104771,-422.324043712776,147.225958539876));
#15243=CARTESIAN_POINT('',(-173.741806889523,-422.324043712776,167.225958539876));
#15244=CARTESIAN_POINT('',(26.2581931104771,-422.324043712776,167.225958539876));
#15245=CARTESIAN_POINT('',(-173.741806889523,-422.324043712776,147.225958539876));
#15246=CARTESIAN_POINT('Origin',(-173.741806889523,-402.324043712776,147.225958539876));
#15247=CARTESIAN_POINT('',(-173.741806889523,-402.324043712776,147.225958539876));
#15248=CARTESIAN_POINT('',(-173.741806889523,-422.324043712776,147.225958539876));
#15249=CARTESIAN_POINT('',(-173.741806889523,-402.324043712776,167.225958539876));
#15250=CARTESIAN_POINT('',(-173.741806889523,-422.324043712776,167.225958539876));
#15251=CARTESIAN_POINT('',(-173.741806889523,-402.324043712776,147.225958539876));
#15252=CARTESIAN_POINT('Origin',(26.2581931104771,-402.324043712776,147.225958539876));
#15253=CARTESIAN_POINT('',(-173.741806889523,-402.324043712776,147.225958539876));
#15254=CARTESIAN_POINT('',(26.2581931104771,-402.324043712776,167.225958539876));
#15255=CARTESIAN_POINT('Origin',(-73.7418068895229,-412.324043712776,167.225958539876));
#15256=CARTESIAN_POINT('Origin',(-73.7418068895229,-412.324043712776,147.225958539876));
#15257=CARTESIAN_POINT('',(-0.109074656345003,-15.3550389314832,126.775194657422));
#15258=CARTESIAN_POINT('',(-0.10907465634495,-15.3550389314832,96.7751946574223));
#15259=CARTESIAN_POINT('',(97.8950286983491,32.1449610685172,57.7710894400846));
#15260=CARTESIAN_POINT('',(-98.1131780110393,-167.855038931481,57.7710894400844));
#15261=UNCERTAINTY_MEASURE_WITH_UNIT(LENGTH_MEASURE(0.01),#15271,
'DISTANCE_ACCURACY_VALUE',
'Maximum model space distance between geometric entities at asserted c
onnectivities');
#15262=UNCERTAINTY_MEASURE_WITH_UNIT(LENGTH_MEASURE(0.01),#15271,
'DISTANCE_ACCURACY_VALUE',
'Maximum model space distance between geometric entities at asserted c
onnectivities');
#15263=UNCERTAINTY_MEASURE_WITH_UNIT(LENGTH_MEASURE(0.01),#15271,
'DISTANCE_ACCURACY_VALUE',
'Maximum model space distance between geometric entities at asserted c
onnectivities');
#15264=UNCERTAINTY_MEASURE_WITH_UNIT(LENGTH_MEASURE(0.01),#15271,
'DISTANCE_ACCURACY_VALUE',
'Maximum model space distance between geometric entities at asserted c
onnectivities');
#15265=UNCERTAINTY_MEASURE_WITH_UNIT(LENGTH_MEASURE(0.01),#15271,
'DISTANCE_ACCURACY_VALUE',
'Maximum model space distance between geometric entities at asserted c
onnectivities');
#15266=(
GEOMETRIC_REPRESENTATION_CONTEXT(3)
GLOBAL_UNCERTAINTY_ASSIGNED_CONTEXT((#15261))
GLOBAL_UNIT_ASSIGNED_CONTEXT((#15271,#15273,#15274))
REPRESENTATION_CONTEXT('','3D')
);
#15267=(
GEOMETRIC_REPRESENTATION_CONTEXT(3)
GLOBAL_UNCERTAINTY_ASSIGNED_CONTEXT((#15262))
GLOBAL_UNIT_ASSIGNED_CONTEXT((#15271,#15273,#15274))
REPRESENTATION_CONTEXT('','3D')
);
#15268=(
GEOMETRIC_REPRESENTATION_CONTEXT(3)
GLOBAL_UNCERTAINTY_ASSIGNED_CONTEXT((#15263))
GLOBAL_UNIT_ASSIGNED_CONTEXT((#15271,#15273,#15274))
REPRESENTATION_CONTEXT('','3D')
);
#15269=(
GEOMETRIC_REPRESENTATION_CONTEXT(3)
GLOBAL_UNCERTAINTY_ASSIGNED_CONTEXT((#15264))
GLOBAL_UNIT_ASSIGNED_CONTEXT((#15271,#15273,#15274))
REPRESENTATION_CONTEXT('','3D')
);
#15270=(
GEOMETRIC_REPRESENTATION_CONTEXT(3)
GLOBAL_UNCERTAINTY_ASSIGNED_CONTEXT((#15265))
GLOBAL_UNIT_ASSIGNED_CONTEXT((#15271,#15273,#15274))
REPRESENTATION_CONTEXT('','3D')
);
#15271=(
LENGTH_UNIT()
NAMED_UNIT(*)
SI_UNIT(.MILLI.,.METRE.)
);
#15272=(
LENGTH_UNIT()
NAMED_UNIT(*)
SI_UNIT($,.METRE.)
);
#15273=(
NAMED_UNIT(*)
PLANE_ANGLE_UNIT()
SI_UNIT($,.RADIAN.)
);
#15274=(
NAMED_UNIT(*)
SI_UNIT($,.STERADIAN.)
SOLID_ANGLE_UNIT()
);
#15275=SHAPE_DEFINITION_REPRESENTATION(#15279,#15287);
#15276=SHAPE_DEFINITION_REPRESENTATION(#15280,#15288);
#15277=SHAPE_DEFINITION_REPRESENTATION(#15281,#15289);
#15278=SHAPE_DEFINITION_REPRESENTATION(#15282,#15290);
#15279=PRODUCT_DEFINITION_SHAPE('',$,#15292);
#15280=PRODUCT_DEFINITION_SHAPE('',$,#15293);
#15281=PRODUCT_DEFINITION_SHAPE('',$,#15294);
#15282=PRODUCT_DEFINITION_SHAPE('',$,#15295);
#15283=PRODUCT_DEFINITION_SHAPE($,$,#23);
#15284=PRODUCT_DEFINITION_SHAPE($,$,#24);
#15285=PRODUCT_DEFINITION_SHAPE($,$,#25);
#15286=PRODUCT_DEFINITION_SHAPE($,$,#26);
#15287=SHAPE_REPRESENTATION('',(#7647,#8253,#8254,#8255,#8256),#15266);
#15288=SHAPE_REPRESENTATION('',(#7648),#15267);
#15289=SHAPE_REPRESENTATION('',(#7674),#15268);
#15290=SHAPE_REPRESENTATION('',(#7790),#15269);
#15291=PRODUCT_DEFINITION_CONTEXT('part definition',#15305,'design');
#15292=PRODUCT_DEFINITION('(\X2\672A4FDD5B58\X0\)','(\X2\672A4FDD5B58\X0\)',
#15296,#15291);
#15293=PRODUCT_DEFINITION('\X2\30B330F330DD30FC30CD30F330C8\X0\3',
'\X2\30B330F330DD30FC30CD30F330C8\X0\3',#15297,#15291);
#15294=PRODUCT_DEFINITION('\X2\30B330F330DD30FC30CD30F330C8\X0\5',
'\X2\30B330F330DD30FC30CD30F330C8\X0\5',#15298,#15291);
#15295=PRODUCT_DEFINITION('8.5\X2\30A430F330C130DB30A430FC30EB\X0\',
'8.5\X2\30A430F330C130DB30A430FC30EB\X0\',#15299,#15291);
#15296=PRODUCT_DEFINITION_FORMATION('',$,#15307);
#15297=PRODUCT_DEFINITION_FORMATION('',$,#15308);
#15298=PRODUCT_DEFINITION_FORMATION('',$,#15309);
#15299=PRODUCT_DEFINITION_FORMATION('',$,#15310);
#15300=PRODUCT_RELATED_PRODUCT_CATEGORY('(\X2\672A4FDD5B58\X0\)',
'(\X2\672A4FDD5B58\X0\)',(#15307));
#15301=PRODUCT_RELATED_PRODUCT_CATEGORY('\X2\30B330F330DD30FC30CD30F330C8\X0\3',
'\X2\30B330F330DD30FC30CD30F330C8\X0\3',(#15308));
#15302=PRODUCT_RELATED_PRODUCT_CATEGORY('\X2\30B330F330DD30FC30CD30F330C8\X0\5',
'\X2\30B330F330DD30FC30CD30F330C8\X0\5',(#15309));
#15303=PRODUCT_RELATED_PRODUCT_CATEGORY('8.5\X2\30A430F330C130DB30A430FC30EB\X0\',
'8.5\X2\30A430F330C130DB30A430FC30EB\X0\',(#15310));
#15304=APPLICATION_PROTOCOL_DEFINITION('international standard',
'automotive_design',2009,#15305);
#15305=APPLICATION_CONTEXT(
'Core Data for Automotive Mechanical Design Process');
#15306=PRODUCT_CONTEXT('part definition',#15305,'mechanical');
#15307=PRODUCT('(\X2\672A4FDD5B58\X0\)','(\X2\672A4FDD5B58\X0\)',$,(#15306));
#15308=PRODUCT('\X2\30B330F330DD30FC30CD30F330C8\X0\3',
'\X2\30B330F330DD30FC30CD30F330C8\X0\3',$,(#15306));
#15309=PRODUCT('\X2\30B330F330DD30FC30CD30F330C8\X0\5',
'\X2\30B330F330DD30FC30CD30F330C8\X0\5',$,(#15306));
#15310=PRODUCT('8.5\X2\30A430F330C130DB30A430FC30EB\X0\',
'8.5\X2\30A430F330C130DB30A430FC30EB\X0\',$,(#15306));
#15311=PRESENTATION_STYLE_ASSIGNMENT((#15322));
#15312=PRESENTATION_STYLE_ASSIGNMENT((#15323));
#15313=PRESENTATION_STYLE_ASSIGNMENT((#15324));
#15314=PRESENTATION_STYLE_ASSIGNMENT((#15325));
#15315=PRESENTATION_STYLE_ASSIGNMENT((#15326));
#15316=PRESENTATION_STYLE_ASSIGNMENT((#15327));
#15317=PRESENTATION_STYLE_ASSIGNMENT((#15328));
#15318=PRESENTATION_STYLE_ASSIGNMENT((#15329));
#15319=PRESENTATION_STYLE_ASSIGNMENT((#15330));
#15320=PRESENTATION_STYLE_ASSIGNMENT((#15331));
#15321=PRESENTATION_STYLE_ASSIGNMENT((#15332));
#15322=SURFACE_STYLE_USAGE(.BOTH.,#15333);
#15323=SURFACE_STYLE_USAGE(.BOTH.,#15334);
#15324=SURFACE_STYLE_USAGE(.BOTH.,#15335);
#15325=SURFACE_STYLE_USAGE(.BOTH.,#15336);
#15326=SURFACE_STYLE_USAGE(.BOTH.,#15337);
#15327=SURFACE_STYLE_USAGE(.BOTH.,#15338);
#15328=SURFACE_STYLE_USAGE(.BOTH.,#15339);
#15329=SURFACE_STYLE_USAGE(.BOTH.,#15340);
#15330=SURFACE_STYLE_USAGE(.BOTH.,#15341);
#15331=SURFACE_STYLE_USAGE(.BOTH.,#15342);
#15332=SURFACE_STYLE_USAGE(.BOTH.,#15343);
#15333=SURFACE_SIDE_STYLE('',(#15344));
#15334=SURFACE_SIDE_STYLE('',(#15345));
#15335=SURFACE_SIDE_STYLE('',(#15346));
#15336=SURFACE_SIDE_STYLE('',(#15347));
#15337=SURFACE_SIDE_STYLE('',(#15348));
#15338=SURFACE_SIDE_STYLE('',(#15349));
#15339=SURFACE_SIDE_STYLE('',(#15350));
#15340=SURFACE_SIDE_STYLE('',(#15351));
#15341=SURFACE_SIDE_STYLE('',(#15352));
#15342=SURFACE_SIDE_STYLE('',(#15353));
#15343=SURFACE_SIDE_STYLE('',(#15354));
#15344=SURFACE_STYLE_FILL_AREA(#15355);
#15345=SURFACE_STYLE_FILL_AREA(#15356);
#15346=SURFACE_STYLE_FILL_AREA(#15357);
#15347=SURFACE_STYLE_FILL_AREA(#15358);
#15348=SURFACE_STYLE_FILL_AREA(#15359);
#15349=SURFACE_STYLE_FILL_AREA(#15360);
#15350=SURFACE_STYLE_FILL_AREA(#15361);
#15351=SURFACE_STYLE_FILL_AREA(#15362);
#15352=SURFACE_STYLE_FILL_AREA(#15363);
#15353=SURFACE_STYLE_FILL_AREA(#15364);
#15354=SURFACE_STYLE_FILL_AREA(#15365);
#15355=FILL_AREA_STYLE('\X2\30B930C630F330EC30B992FC\X0\ - \X2\30B530C630F3\X0\',
(#15366));
#15356=FILL_AREA_STYLE('\X2\30B930C630F330EC30B992FC\X0\ - \X2\30B530C630F3\X0\',
(#15367));
#15357=FILL_AREA_STYLE('\X2\92FC\X0\ - \X2\30B530C630F3\X0\',(#15368));
#15358=FILL_AREA_STYLE('\X2\30B430E0\X0\ - \X2\30BD30D530C8\X0\',(#15369));
#15359=FILL_AREA_STYLE('\X2\30A230EB30DF30CB30A630E0\X0\ - \X2\30D330FC30BA\X0\ 
\X2\30D630E930B930C8\X0\',(#15370));
#15360=FILL_AREA_STYLE('ABS black',(#15371));
#15361=FILL_AREA_STYLE('\X2\30AC30E930B9\X0\ - \X2\6DE18272\X0\',(#15372));
#15362=FILL_AREA_STYLE('\X2\30B430E0\X0\ - \X2\30BD30D530C8\X0\',(#15373));
#15363=FILL_AREA_STYLE(
'PA 11 - Nylon- HP 11-30 (EOS P 396 3D \X2\30D730EA30F330BF4F7F7528\X0\)',
(#15374));
#15364=FILL_AREA_STYLE(
'PEKK - \X2\70AD7D207E4A7DAD5F37531630DD30EA30A830FC30C630EB30B130C830F330B130C830F3\X0\ 
- HT-23 (EOS P 810 3D \X2\30D730EA30F330BF4F7F7528\X0\)',(#15375));
#15365=FILL_AREA_STYLE(
'PEKK - \X2\70AD7D207E4A7DAD5F37531630DD30EA30A830FC30C630EB30B130C830F330B130C830F3\X0\ 
- HT-23 (EOS P 810 3D \X2\30D730EA30F330BF4F7F7528\X0\)',(#15376));
#15366=FILL_AREA_STYLE_COLOUR('\X2\30B930C630F330EC30B992FC\X0\ - \X2\30B530C630F3\X0\',
#15377);
#15367=FILL_AREA_STYLE_COLOUR('\X2\30B930C630F330EC30B992FC\X0\ - \X2\30B530C630F3\X0\',
#15378);
#15368=FILL_AREA_STYLE_COLOUR('\X2\92FC\X0\ - \X2\30B530C630F3\X0\',#15379);
#15369=FILL_AREA_STYLE_COLOUR('\X2\30B430E0\X0\ - \X2\30BD30D530C8\X0\',
#15380);
#15370=FILL_AREA_STYLE_COLOUR(
'\X2\30A230EB30DF30CB30A630E0\X0\ - \X2\30D330FC30BA\X0\ \X2\30D630E930B930C8\X0\',
#15381);
#15371=FILL_AREA_STYLE_COLOUR('ABS black',#15382);
#15372=FILL_AREA_STYLE_COLOUR('\X2\30AC30E930B9\X0\ - \X2\6DE18272\X0\',
#15383);
#15373=FILL_AREA_STYLE_COLOUR('\X2\30B430E0\X0\ - \X2\30BD30D530C8\X0\',
#15384);
#15374=FILL_AREA_STYLE_COLOUR(
'PA 11 - Nylon- HP 11-30 (EOS P 396 3D \X2\30D730EA30F330BF4F7F7528\X0\)',
#15385);
#15375=FILL_AREA_STYLE_COLOUR(
'PEKK - \X2\70AD7D207E4A7DAD5F37531630DD30EA30A830FC30C630EB30B130C830F330B130C830F3\X0\ 
- HT-23 (EOS P 810 3D \X2\30D730EA30F330BF4F7F7528\X0\)',#15386);
#15376=FILL_AREA_STYLE_COLOUR(
'PEKK - \X2\70AD7D207E4A7DAD5F37531630DD30EA30A830FC30C630EB30B130C830F330B130C830F3\X0\ 
- HT-23 (EOS P 810 3D \X2\30D730EA30F330BF4F7F7528\X0\)',#15387);
#15377=COLOUR_RGB('\X2\30B930C630F330EC30B992FC\X0\ - \X2\30B530C630F3\X0\',
0.,0.,0.);
#15378=COLOUR_RGB('\X2\30B930C630F330EC30B992FC\X0\ - \X2\30B530C630F3\X0\',
0.796078431372549,0.796078431372549,0.796078431372549);
#15379=COLOUR_RGB('\X2\92FC\X0\ - \X2\30B530C630F3\X0\',0.627450980392157,
0.627450980392157,0.627450980392157);
#15380=COLOUR_RGB('\X2\30B430E0\X0\ - \X2\30BD30D530C8\X0\',0.152941176470588,
0.152941176470588,0.152941176470588);
#15381=COLOUR_RGB('\X2\30A230EB30DF30CB30A630E0\X0\ - \X2\30D330FC30BA\X0\ 
\X2\30D630E930B930C8\X0\',0.96078431372549,0.96078431372549,0.964705882352941);
#15382=COLOUR_RGB('ABS black',0.964705882352941,0.964705882352941,0.952941176470588);
#15383=COLOUR_RGB('\X2\30AC30E930B9\X0\ - \X2\6DE18272\X0\',0.0980392156862745,
0.0980392156862745,0.0980392156862745);
#15384=COLOUR_RGB('\X2\30B430E0\X0\ - \X2\30BD30D530C8\X0\',0.615686274509804,
0.6,0.580392156862745);
#15385=COLOUR_RGB(
'PA 11 - Nylon- HP 11-30 (EOS P 396 3D \X2\30D730EA30F330BF4F7F7528\X0\)',
0.247058823529412,0.247058823529412,0.247058823529412);
#15386=COLOUR_RGB(
'PEKK - \X2\70AD7D207E4A7DAD5F37531630DD30EA30A830FC30C630EB30B130C830F330B130C830F3\X0\ 
- HT-23 (EOS P 810 3D \X2\30D730EA30F330BF4F7F7528\X0\)',0.266666666666667,
0.266666666666667,0.266666666666667);
#15387=COLOUR_RGB(
'PEKK - \X2\70AD7D207E4A7DAD5F37531630DD30EA30A830FC30C630EB30B130C830F330B130C830F3\X0\ 
- HT-23 (EOS P 810 3D \X2\30D730EA30F330BF4F7F7528\X0\)',0.,0.,0.);
ENDSEC;
END-ISO-10303-21;
